{"type": "FeatureCollection", "features": [{"type": "Feature", "geometry": {"type": "Point", "coordinates": [116.4101183, 39.8815656]}, "properties": {"name": "七星石", "category": "历史遗址", "district": "东城区", "osmId": "way/727020465"}}, {"type": "Feature", "geometry": {"type": "Point", "coordinates": [116.4029475, 39.8768146]}, "properties": {"name": "三座门", "category": "历史遗址", "district": "东城区", "osmId": "way/1259304560"}}, {"type": "Feature", "geometry": {"type": "Point", "coordinates": [116.3952017, 39.9137057]}, "properties": {"name": "东华门", "category": "历史遗址", "district": "东城区", "osmId": "way/40343947"}}, {"type": "Feature", "geometry": {"type": "Point", "coordinates": [116.4115063, 39.8801437]}, "properties": {"name": "东天门", "category": "历史遗址", "district": "东城区", "osmId": "way/43918405"}}, {"type": "Feature", "geometry": {"type": "Point", "coordinates": [116.4071498, 39.8769233]}, "properties": {"name": "东配殿", "category": "历史遗址", "district": "东城区", "osmId": "way/43921117"}}, {"type": "Feature", "geometry": {"type": "Point", "coordinates": [116.3940543, 39.9199117]}, "properties": {"name": "乐寿堂", "category": "历史遗址", "district": "东城区", "osmId": "way/40629276"}}, {"type": "Feature", "geometry": {"type": "Point", "coordinates": [116.3934346, 39.9201384]}, "properties": {"name": "云光楼", "category": "历史遗址", "district": "东城区", "osmId": "way/40629264"}}, {"type": "Feature", "geometry": {"type": "Point", "coordinates": [116.3948025, 39.9190432]}, "properties": {"name": "保泰门", "category": "历史遗址", "district": "东城区", "osmId": "way/43525073"}}, {"type": "Feature", "geometry": {"type": "Point", "coordinates": [116.3935429, 39.9206035]}, "properties": {"name": "倦勤斋", "category": "历史遗址", "district": "东城区", "osmId": "way/1341826246"}}, {"type": "Feature", "geometry": {"type": "Point", "coordinates": [116.3940798, 39.9194714]}, "properties": {"name": "养性殿", "category": "历史遗址", "district": "东城区", "osmId": "way/40629278"}}, {"type": "Feature", "geometry": {"type": "Point", "coordinates": [116.394088, 39.9191879]}, "properties": {"name": "养性门", "category": "历史遗址", "district": "东城区", "osmId": "way/40629260"}}, {"type": "Feature", "geometry": {"type": "Point", "coordinates": [116.4083119, 39.945144]}, "properties": {"name": "北京孔庙", "category": "历史遗址", "district": "东城区", "osmId": "way/24825402"}}, {"type": "Feature", "geometry": {"type": "Point", "coordinates": [116.4064947, 39.8843494]}, "properties": {"name": "北天门", "category": "历史遗址", "district": "东城区", "osmId": "way/43918404"}}, {"type": "Feature", "geometry": {"type": "Point", "coordinates": [116.406706, 39.8810588]}, "properties": {"name": "北天门", "category": "历史遗址", "district": "东城区", "osmId": "way/43921136"}}, {"type": "Feature", "geometry": {"type": "Point", "coordinates": [116.3928782, 39.9174369]}, "properties": {"name": "南群房", "category": "历史遗址", "district": "东城区", "osmId": "way/40605606"}}, {"type": "Feature", "geometry": {"type": "Point", "coordinates": [116.4006284, 39.8822221]}, "properties": {"name": "双环万寿亭", "category": "历史遗址", "district": "东城区", "osmId": "way/43921112"}}, {"type": "Feature", "geometry": {"type": "Point", "coordinates": [116.3936124, 39.9194674]}, "properties": {"name": "古华轩", "category": "历史遗址", "district": "东城区", "osmId": "way/40629271"}}, {"type": "Feature", "geometry": {"type": "Point", "coordinates": [116.4057238, 39.8812877]}, "properties": {"name": "古稀门", "category": "历史遗址", "district": "东城区", "osmId": "node/4571395289"}}, {"type": "Feature", "geometry": {"type": "Point", "coordinates": [116.4069773, 39.9456676]}, "properties": {"name": "国子监", "category": "历史遗址", "district": "东城区", "osmId": "way/30784273"}}, {"type": "Feature", "geometry": {"type": "Point", "coordinates": [116.4069542, 39.8755852]}, "properties": {"name": "圜丘", "category": "历史遗址", "district": "东城区", "osmId": "way/237696580"}}, {"type": "Feature", "geometry": {"type": "Point", "coordinates": [116.409788, 39.9514565]}, "properties": {"name": "地坛", "category": "历史遗址", "district": "东城区", "osmId": "way/78050667"}}, {"type": "Feature", "geometry": {"type": "Point", "coordinates": [116.4041826, 39.8798919]}, "properties": {"name": "天坛公园", "category": "历史遗址", "district": "东城区", "osmId": "way/24824550"}}, {"type": "Feature", "geometry": {"type": "Point", "coordinates": [116.3928341, 39.9182372]}, "properties": {"name": "奉先殿", "category": "历史遗址", "district": "东城区", "osmId": "way/43525082"}}, {"type": "Feature", "geometry": {"type": "Point", "coordinates": [116.3941174, 39.9188664]}, "properties": {"name": "宁寿宫", "category": "历史遗址", "district": "东城区", "osmId": "way/40592356"}}, {"type": "Feature", "geometry": {"type": "Point", "coordinates": [116.3941528, 39.9180105]}, "properties": {"name": "宁寿门", "category": "历史遗址", "district": "东城区", "osmId": "way/40592357"}}, {"type": "Feature", "geometry": {"type": "Point", "coordinates": [116.3945395, 39.9198213]}, "properties": {"name": "寻沿书屋", "category": "历史遗址", "district": "东城区", "osmId": "way/40628836"}}, {"type": "Feature", "geometry": {"type": "Point", "coordinates": [116.3934307, 39.9182691]}, "properties": {"name": "履顺门", "category": "历史遗址", "district": "东城区", "osmId": "way/43525074"}}, {"type": "Feature", "geometry": {"type": "Point", "coordinates": [116.3996616, 39.8734468]}, "properties": {"name": "广利门", "category": "历史遗址", "district": "东城区", "osmId": "way/43925069"}}, {"type": "Feature", "geometry": {"type": "Point", "coordinates": [116.3945353, 39.9199645]}, "properties": {"name": "庆寿堂", "category": "历史遗址", "district": "东城区", "osmId": "way/40628841"}}, {"type": "Feature", "geometry": {"type": "Point", "coordinates": [116.3922706, 39.9181073]}, "properties": {"name": "惇本殿", "category": "历史遗址", "district": "东城区", "osmId": "way/40605852"}}, {"type": "Feature", "geometry": {"type": "Point", "coordinates": [116.4068811, 39.8777378]}, "properties": {"name": "成贞门", "category": "历史遗址", "district": "东城区", "osmId": "way/43921120"}}, {"type": "Feature", "geometry": {"type": "Point", "coordinates": [116.4103762, 39.9440914]}, "properties": {"name": "成贤街牌坊", "category": "历史遗址", "district": "东城区", "osmId": "node/6362170085"}}, {"type": "Feature", "geometry": {"type": "Point", "coordinates": [116.3938036, 39.9191722]}, "properties": {"name": "撷芳亭", "category": "历史遗址", "district": "东城区", "osmId": "way/43525091"}}, {"type": "Feature", "geometry": {"type": "Point", "coordinates": [116.3948921, 39.9172463]}, "properties": {"name": "敛禧门", "category": "历史遗址", "district": "东城区", "osmId": "way/43519298"}}, {"type": "Feature", "geometry": {"type": "Point", "coordinates": [116.4006653, 39.8783359]}, "properties": {"name": "斋宫", "category": "历史遗址", "district": "东城区", "osmId": "way/1300905085"}}, {"type": "Feature", "geometry": {"type": "Point", "coordinates": [116.4220197, 39.8999922]}, "properties": {"name": "明城墙", "category": "历史遗址", "district": "东城区", "osmId": "way/706344237"}}, {"type": "Feature", "geometry": {"type": "Point", "coordinates": [116.4292422, 39.9003143]}, "properties": {"name": "明城墙", "category": "历史遗址", "district": "东城区", "osmId": "way/984088889"}}, {"type": "Feature", "geometry": {"type": "Point", "coordinates": [116.422016, 39.9000065]}, "properties": {"name": "明城墙", "category": "历史遗址", "district": "东城区", "osmId": "way/984088890"}}, {"type": "Feature", "geometry": {"type": "Point", "coordinates": [116.4290784, 39.9024587]}, "properties": {"name": "明城墙遗址公园", "category": "历史遗址", "district": "东城区", "osmId": "way/30835267"}}, {"type": "Feature", "geometry": {"type": "Point", "coordinates": [116.3940257, 39.9204656]}, "properties": {"name": "景祺阁", "category": "历史遗址", "district": "东城区", "osmId": "way/40629275"}}, {"type": "Feature", "geometry": {"type": "Point", "coordinates": [116.394556, 39.9204397]}, "properties": {"name": "景福宫", "category": "历史遗址", "district": "东城区", "osmId": "way/40628843"}}, {"type": "Feature", "geometry": {"type": "Point", "coordinates": [116.4261028, 39.9163639]}, "properties": {"name": "智化寺(北京文博交流馆)", "category": "历史遗址", "district": "东城区", "osmId": "way/40542154"}}, {"type": "Feature", "geometry": {"type": "Point", "coordinates": [116.4069221, 39.8766692]}, "properties": {"name": "暗壁门", "category": "历史遗址", "district": "东城区", "osmId": "way/43921123"}}, {"type": "Feature", "geometry": {"type": "Point", "coordinates": [116.392266, 39.91825]}, "properties": {"name": "毓庆宫", "category": "历史遗址", "district": "东城区", "osmId": "way/43525087"}}, {"type": "Feature", "geometry": {"type": "Point", "coordinates": [116.4118723, 39.8738196]}, "properties": {"name": "泰元门", "category": "历史遗址", "district": "东城区", "osmId": "way/43925093"}}, {"type": "Feature", "geometry": {"type": "Point", "coordinates": [116.3934058, 39.9203197]}, "properties": {"name": "玉粹轩", "category": "历史遗址", "district": "东城区", "osmId": "way/40629263"}}, {"type": "Feature", "geometry": {"type": "Point", "coordinates": [116.3945896, 39.9192985]}, "properties": {"name": "畅音阁", "category": "历史遗址", "district": "东城区", "osmId": "way/40628847"}}, {"type": "Feature", "geometry": {"type": "Point", "coordinates": [116.4066232, 39.8829483]}, "properties": {"name": "皇乾殿", "category": "历史遗址", "district": "东城区", "osmId": "way/43921140"}}, {"type": "Feature", "geometry": {"type": "Point", "coordinates": [116.3941152, 39.9185835]}, "properties": {"name": "皇极殿", "category": "历史遗址", "district": "东城区", "osmId": "way/40592355"}}, {"type": "Feature", "geometry": {"type": "Point", "coordinates": [116.4069219, 39.8771435]}, "properties": {"name": "皇穹宇", "category": "历史遗址", "district": "东城区", "osmId": "way/43921121"}}, {"type": "Feature", "geometry": {"type": "Point", "coordinates": [116.4066236, 39.8822505]}, "properties": {"name": "祈年殿", "category": "历史遗址", "district": "东城区", "osmId": "way/43921139"}}, {"type": "Feature", "geometry": {"type": "Point", "coordinates": [116.3934658, 39.9193197]}, "properties": {"name": "禊赏亭", "category": "历史遗址", "district": "东城区", "osmId": "way/43525092"}}, {"type": "Feature", "geometry": {"type": "Point", "coordinates": [116.3933989, 39.9203968]}, "properties": {"name": "竹香馆", "category": "历史遗址", "district": "东城区", "osmId": "way/43525094"}}, {"type": "Feature", "geometry": {"type": "Point", "coordinates": [116.3936315, 39.920344]}, "properties": {"name": "符望阁", "category": "历史遗址", "district": "东城区", "osmId": "way/40629261"}}, {"type": "Feature", "geometry": {"type": "Point", "coordinates": [116.4053812, 39.8809512]}, "properties": {"name": "花甲门", "category": "历史遗址", "district": "东城区", "osmId": "node/558652058"}}, {"type": "Feature", "geometry": {"type": "Point", "coordinates": [116.3936628, 39.9200902]}, "properties": {"name": "萃赏楼", "category": "历史遗址", "district": "东城区", "osmId": "way/1341826245"}}, {"type": "Feature", "geometry": {"type": "Point", "coordinates": [116.3936294, 39.9191448]}, "properties": {"name": "衍祺门", "category": "历史遗址", "district": "东城区", "osmId": "way/42681394"}}, {"type": "Feature", "geometry": {"type": "Point", "coordinates": [116.3993168, 39.8797953]}, "properties": {"name": "西天门", "category": "历史遗址", "district": "东城区", "osmId": "way/43918415"}}, {"type": "Feature", "geometry": {"type": "Point", "coordinates": [116.3938738, 39.9193212]}, "properties": {"name": "西配殿", "category": "历史遗址", "district": "东城区", "osmId": "way/40629282"}}, {"type": "Feature", "geometry": {"type": "Point", "coordinates": [116.4067107, 39.8769132]}, "properties": {"name": "西配殿", "category": "历史遗址", "district": "东城区", "osmId": "way/43921122"}}, {"type": "Feature", "geometry": {"type": "Point", "coordinates": [116.3937705, 39.9206578]}, "properties": {"name": "贞顺门", "category": "历史遗址", "district": "东城区", "osmId": "way/43525069"}}, {"type": "Feature", "geometry": {"type": "Point", "coordinates": [116.3934103, 39.918713]}, "properties": {"name": "蹈和门", "category": "历史遗址", "district": "东城区", "osmId": "way/43525075"}}, {"type": "Feature", "geometry": {"type": "Point", "coordinates": [116.393588, 39.9197799]}, "properties": {"name": "遂初堂", "category": "历史遗址", "district": "东城区", "osmId": "way/40629269"}}, {"type": "Feature", "geometry": {"type": "Point", "coordinates": [116.3928235, 39.9185075]}, "properties": {"name": "钟表馆", "category": "历史遗址", "district": "东城区", "osmId": "way/43525086"}}, {"type": "Feature", "geometry": {"type": "Point", "coordinates": [116.3934806, 39.9171938]}, "properties": {"name": "锡庆门", "category": "历史遗址", "district": "东城区", "osmId": "way/43519299"}}, {"type": "Feature", "geometry": {"type": "Point", "coordinates": [116.3945543, 39.9195194]}, "properties": {"name": "阅是楼", "category": "历史遗址", "district": "东城区", "osmId": "way/40628834"}}, {"type": "Feature", "geometry": {"type": "Point", "coordinates": [116.3940419, 39.9202321]}, "properties": {"name": "颐和轩", "category": "历史遗址", "district": "东城区", "osmId": "way/43525095"}}, {"type": "Feature", "geometry": {"type": "Point", "coordinates": [116.163591, 39.8142766]}, "properties": {"name": "镇岗塔", "category": "历史遗址", "district": "丰台区", "osmId": "way/656283742"}}, {"type": "Feature", "geometry": {"type": "Point", "coordinates": [117.2845583, 40.6602065]}, "properties": {"name": "司马台长城", "category": "历史遗址", "district": "密云区", "osmId": "way/33425432"}}, {"type": "Feature", "geometry": {"type": "Point", "coordinates": [117.2941509, 40.658177]}, "properties": {"name": "司马台长城", "category": "历史遗址", "district": "密云区", "osmId": "way/1110197526"}}, {"type": "Feature", "geometry": {"type": "Point", "coordinates": [117.3438472, 40.6061936]}, "properties": {"name": "大虫峪长城", "category": "历史遗址", "district": "密云区", "osmId": "way/195555370"}}, {"type": "Feature", "geometry": {"type": "Point", "coordinates": [117.3437558, 40.6034775]}, "properties": {"name": "大虫峪长城南段", "category": "历史遗址", "district": "密云区", "osmId": "way/195555363"}}, {"type": "Feature", "geometry": {"type": "Point", "coordinates": [117.4033005, 40.6820301]}, "properties": {"name": "长城", "category": "历史遗址", "district": "密云区", "osmId": "way/90051138"}}, {"type": "Feature", "geometry": {"type": "Point", "coordinates": [117.4090139, 40.6831706]}, "properties": {"name": "长城", "category": "历史遗址", "district": "密云区", "osmId": "way/90051139"}}, {"type": "Feature", "geometry": {"type": "Point", "coordinates": [117.5050189, 40.6616815]}, "properties": {"name": "长城", "category": "历史遗址", "district": "密云区", "osmId": "way/90068468"}}, {"type": "Feature", "geometry": {"type": "Point", "coordinates": [117.4906392, 40.6721864]}, "properties": {"name": "长城", "category": "历史遗址", "district": "密云区", "osmId": "way/90068471"}}, {"type": "Feature", "geometry": {"type": "Point", "coordinates": [117.496248, 40.6681765]}, "properties": {"name": "长城", "category": "历史遗址", "district": "密云区", "osmId": "way/90068472"}}, {"type": "Feature", "geometry": {"type": "Point", "coordinates": [117.461931, 40.6728441]}, "properties": {"name": "长城", "category": "历史遗址", "district": "密云区", "osmId": "way/90068473"}}, {"type": "Feature", "geometry": {"type": "Point", "coordinates": [117.438124, 40.6783353]}, "properties": {"name": "长城", "category": "历史遗址", "district": "密云区", "osmId": "way/90068474"}}, {"type": "Feature", "geometry": {"type": "Point", "coordinates": [117.4522719, 40.6741742]}, "properties": {"name": "长城", "category": "历史遗址", "district": "密云区", "osmId": "way/90068475"}}, {"type": "Feature", "geometry": {"type": "Point", "coordinates": [117.4771336, 40.6765458]}, "properties": {"name": "长城", "category": "历史遗址", "district": "密云区", "osmId": "way/90068476"}}, {"type": "Feature", "geometry": {"type": "Point", "coordinates": [117.4869238, 40.6735173]}, "properties": {"name": "长城", "category": "历史遗址", "district": "密云区", "osmId": "way/90068477"}}, {"type": "Feature", "geometry": {"type": "Point", "coordinates": [117.4470946, 40.6754787]}, "properties": {"name": "长城", "category": "历史遗址", "district": "密云区", "osmId": "way/90068479"}}, {"type": "Feature", "geometry": {"type": "Point", "coordinates": [117.4117606, 40.6215524]}, "properties": {"name": "长城", "category": "历史遗址", "district": "密云区", "osmId": "way/90075227"}}, {"type": "Feature", "geometry": {"type": "Point", "coordinates": [117.4146626, 40.6233785]}, "properties": {"name": "长城", "category": "历史遗址", "district": "密云区", "osmId": "way/90075228"}}, {"type": "Feature", "geometry": {"type": "Point", "coordinates": [117.4107093, 40.6259211]}, "properties": {"name": "长城", "category": "历史遗址", "district": "密云区", "osmId": "way/90075229"}}, {"type": "Feature", "geometry": {"type": "Point", "coordinates": [117.4973343, 40.6463737]}, "properties": {"name": "长城", "category": "历史遗址", "district": "密云区", "osmId": "way/90075232"}}, {"type": "Feature", "geometry": {"type": "Point", "coordinates": [117.4961243, 40.6403639]}, "properties": {"name": "长城", "category": "历史遗址", "district": "密云区", "osmId": "way/90075233"}}, {"type": "Feature", "geometry": {"type": "Point", "coordinates": [117.4963161, 40.6469267]}, "properties": {"name": "长城", "category": "历史遗址", "district": "密云区", "osmId": "way/90075235"}}, {"type": "Feature", "geometry": {"type": "Point", "coordinates": [117.5013309, 40.652848]}, "properties": {"name": "长城", "category": "历史遗址", "district": "密云区", "osmId": "way/105581671"}}, {"type": "Feature", "geometry": {"type": "Point", "coordinates": [117.4158855, 40.6813719]}, "properties": {"name": "长城", "category": "历史遗址", "district": "密云区", "osmId": "way/105581672"}}, {"type": "Feature", "geometry": {"type": "Point", "coordinates": [116.8081781, 40.546221]}, "properties": {"name": "长城", "category": "历史遗址", "district": "密云区", "osmId": "way/182515651"}}, {"type": "Feature", "geometry": {"type": "Point", "coordinates": [116.8025123, 40.5548966]}, "properties": {"name": "长城", "category": "历史遗址", "district": "密云区", "osmId": "way/182515652"}}, {"type": "Feature", "geometry": {"type": "Point", "coordinates": [116.7967807, 40.533147]}, "properties": {"name": "长城", "category": "历史遗址", "district": "密云区", "osmId": "way/182515654"}}, {"type": "Feature", "geometry": {"type": "Point", "coordinates": [116.802424, 40.5386783]}, "properties": {"name": "长城", "category": "历史遗址", "district": "密云区", "osmId": "way/182515656"}}, {"type": "Feature", "geometry": {"type": "Point", "coordinates": [116.7931694, 40.5318849]}, "properties": {"name": "长城", "category": "历史遗址", "district": "密云区", "osmId": "way/182556959"}}, {"type": "Feature", "geometry": {"type": "Point", "coordinates": [116.7909629, 40.5315725]}, "properties": {"name": "长城", "category": "历史遗址", "district": "密云区", "osmId": "way/182556960"}}, {"type": "Feature", "geometry": {"type": "Point", "coordinates": [116.7944592, 40.5325944]}, "properties": {"name": "长城", "category": "历史遗址", "district": "密云区", "osmId": "way/182556961"}}, {"type": "Feature", "geometry": {"type": "Point", "coordinates": [116.8275548, 40.6281126]}, "properties": {"name": "长城", "category": "历史遗址", "district": "密云区", "osmId": "way/182564432"}}, {"type": "Feature", "geometry": {"type": "Point", "coordinates": [116.821736, 40.6392965]}, "properties": {"name": "长城", "category": "历史遗址", "district": "密云区", "osmId": "way/182564433"}}, {"type": "Feature", "geometry": {"type": "Point", "coordinates": [116.8334119, 40.6052754]}, "properties": {"name": "长城", "category": "历史遗址", "district": "密云区", "osmId": "way/182564434"}}, {"type": "Feature", "geometry": {"type": "Point", "coordinates": [116.8374546, 40.6071732]}, "properties": {"name": "长城", "category": "历史遗址", "district": "密云区", "osmId": "way/182564435"}}, {"type": "Feature", "geometry": {"type": "Point", "coordinates": [116.810216, 40.5760474]}, "properties": {"name": "长城", "category": "历史遗址", "district": "密云区", "osmId": "way/182564436"}}, {"type": "Feature", "geometry": {"type": "Point", "coordinates": [116.8169033, 40.580573]}, "properties": {"name": "长城", "category": "历史遗址", "district": "密云区", "osmId": "way/182564437"}}, {"type": "Feature", "geometry": {"type": "Point", "coordinates": [116.8022862, 40.5685188]}, "properties": {"name": "长城", "category": "历史遗址", "district": "密云区", "osmId": "way/182564438"}}, {"type": "Feature", "geometry": {"type": "Point", "coordinates": [116.8206656, 40.595661]}, "properties": {"name": "长城", "category": "历史遗址", "district": "密云区", "osmId": "way/182570032"}}, {"type": "Feature", "geometry": {"type": "Point", "coordinates": [116.8591109, 40.6559516]}, "properties": {"name": "长城", "category": "历史遗址", "district": "密云区", "osmId": "way/182570033"}}, {"type": "Feature", "geometry": {"type": "Point", "coordinates": [116.8470075, 40.6389834]}, "properties": {"name": "长城", "category": "历史遗址", "district": "密云区", "osmId": "way/182570034"}}, {"type": "Feature", "geometry": {"type": "Point", "coordinates": [116.8352605, 40.608838]}, "properties": {"name": "长城", "category": "历史遗址", "district": "密云区", "osmId": "way/182570035"}}, {"type": "Feature", "geometry": {"type": "Point", "coordinates": [116.8679686, 40.6611849]}, "properties": {"name": "长城", "category": "历史遗址", "district": "密云区", "osmId": "way/182570036"}}, {"type": "Feature", "geometry": {"type": "Point", "coordinates": [116.8211111, 40.5929776]}, "properties": {"name": "长城", "category": "历史遗址", "district": "密云区", "osmId": "way/182570038"}}, {"type": "Feature", "geometry": {"type": "Point", "coordinates": [116.8543313, 40.6531718]}, "properties": {"name": "长城", "category": "历史遗址", "district": "密云区", "osmId": "way/182570040"}}, {"type": "Feature", "geometry": {"type": "Point", "coordinates": [116.8369153, 40.64313]}, "properties": {"name": "长城", "category": "历史遗址", "district": "密云区", "osmId": "way/182570042"}}, {"type": "Feature", "geometry": {"type": "Point", "coordinates": [116.8333372, 40.6124317]}, "properties": {"name": "长城", "category": "历史遗址", "district": "密云区", "osmId": "way/182570060"}}, {"type": "Feature", "geometry": {"type": "Point", "coordinates": [116.8200389, 40.5967311]}, "properties": {"name": "长城", "category": "历史遗址", "district": "密云区", "osmId": "way/182570063"}}, {"type": "Feature", "geometry": {"type": "Point", "coordinates": [116.855434, 40.6500949]}, "properties": {"name": "长城", "category": "历史遗址", "district": "密云区", "osmId": "way/182570071"}}, {"type": "Feature", "geometry": {"type": "Point", "coordinates": [116.8542438, 40.6566334]}, "properties": {"name": "长城", "category": "历史遗址", "district": "密云区", "osmId": "way/182570072"}}, {"type": "Feature", "geometry": {"type": "Point", "coordinates": [116.8776608, 40.6695764]}, "properties": {"name": "长城", "category": "历史遗址", "district": "密云区", "osmId": "way/182570870"}}, {"type": "Feature", "geometry": {"type": "Point", "coordinates": [116.8767157, 40.6590177]}, "properties": {"name": "长城", "category": "历史遗址", "district": "密云区", "osmId": "way/182570871"}}, {"type": "Feature", "geometry": {"type": "Point", "coordinates": [116.8752233, 40.6585714]}, "properties": {"name": "长城", "category": "历史遗址", "district": "密云区", "osmId": "way/182570872"}}, {"type": "Feature", "geometry": {"type": "Point", "coordinates": [116.8965733, 40.7104588]}, "properties": {"name": "长城", "category": "历史遗址", "district": "密云区", "osmId": "way/182573609"}}, {"type": "Feature", "geometry": {"type": "Point", "coordinates": [116.910139, 40.7212552]}, "properties": {"name": "长城", "category": "历史遗址", "district": "密云区", "osmId": "way/182573610"}}, {"type": "Feature", "geometry": {"type": "Point", "coordinates": [116.9119436, 40.7180533]}, "properties": {"name": "长城", "category": "历史遗址", "district": "密云区", "osmId": "way/182573612"}}, {"type": "Feature", "geometry": {"type": "Point", "coordinates": [116.9138626, 40.7188255]}, "properties": {"name": "长城", "category": "历史遗址", "district": "密云区", "osmId": "way/182573613"}}, {"type": "Feature", "geometry": {"type": "Point", "coordinates": [116.8954087, 40.7093359]}, "properties": {"name": "长城", "category": "历史遗址", "district": "密云区", "osmId": "way/182573614"}}, {"type": "Feature", "geometry": {"type": "Point", "coordinates": [116.8905388, 40.6964627]}, "properties": {"name": "长城", "category": "历史遗址", "district": "密云区", "osmId": "way/182573615"}}, {"type": "Feature", "geometry": {"type": "Point", "coordinates": [116.9160322, 40.7178185]}, "properties": {"name": "长城", "category": "历史遗址", "district": "密云区", "osmId": "way/182573616"}}, {"type": "Feature", "geometry": {"type": "Point", "coordinates": [116.887239, 40.6925362]}, "properties": {"name": "长城", "category": "历史遗址", "district": "密云区", "osmId": "way/182573617"}}, {"type": "Feature", "geometry": {"type": "Point", "coordinates": [116.8907598, 40.6983594]}, "properties": {"name": "长城", "category": "历史遗址", "district": "密云区", "osmId": "way/182573618"}}, {"type": "Feature", "geometry": {"type": "Point", "coordinates": [116.911649, 40.7190416]}, "properties": {"name": "长城", "category": "历史遗址", "district": "密云区", "osmId": "way/182573619"}}, {"type": "Feature", "geometry": {"type": "Point", "coordinates": [116.9199324, 40.7152081]}, "properties": {"name": "长城", "category": "历史遗址", "district": "密云区", "osmId": "way/182573620"}}, {"type": "Feature", "geometry": {"type": "Point", "coordinates": [116.891711, 40.7035886]}, "properties": {"name": "长城", "category": "历史遗址", "district": "密云区", "osmId": "way/182573621"}}, {"type": "Feature", "geometry": {"type": "Point", "coordinates": [116.8969781, 40.7162669]}, "properties": {"name": "长城", "category": "历史遗址", "district": "密云区", "osmId": "way/182573622"}}, {"type": "Feature", "geometry": {"type": "Point", "coordinates": [116.9187667, 40.7161773]}, "properties": {"name": "长城", "category": "历史遗址", "district": "密云区", "osmId": "way/182573623"}}, {"type": "Feature", "geometry": {"type": "Point", "coordinates": [116.921227, 40.6968804]}, "properties": {"name": "长城", "category": "历史遗址", "district": "密云区", "osmId": "way/182574939"}}, {"type": "Feature", "geometry": {"type": "Point", "coordinates": [116.9009531, 40.6939005]}, "properties": {"name": "长城", "category": "历史遗址", "district": "密云区", "osmId": "way/182574940"}}, {"type": "Feature", "geometry": {"type": "Point", "coordinates": [116.962363, 40.6955678]}, "properties": {"name": "长城", "category": "历史遗址", "district": "密云区", "osmId": "way/182574941"}}, {"type": "Feature", "geometry": {"type": "Point", "coordinates": [116.9212189, 40.7174338]}, "properties": {"name": "长城", "category": "历史遗址", "district": "密云区", "osmId": "way/182574942"}}, {"type": "Feature", "geometry": {"type": "Point", "coordinates": [116.9270196, 40.7054694]}, "properties": {"name": "长城", "category": "历史遗址", "district": "密云区", "osmId": "way/182574943"}}, {"type": "Feature", "geometry": {"type": "Point", "coordinates": [116.9230529, 40.7170576]}, "properties": {"name": "长城", "category": "历史遗址", "district": "密云区", "osmId": "way/182574944"}}, {"type": "Feature", "geometry": {"type": "Point", "coordinates": [116.9585343, 40.6951461]}, "properties": {"name": "长城", "category": "历史遗址", "district": "密云区", "osmId": "way/182574946"}}, {"type": "Feature", "geometry": {"type": "Point", "coordinates": [116.9270361, 40.7057917]}, "properties": {"name": "长城", "category": "历史遗址", "district": "密云区", "osmId": "way/182574947"}}, {"type": "Feature", "geometry": {"type": "Point", "coordinates": [116.956914, 40.6978336]}, "properties": {"name": "长城", "category": "历史遗址", "district": "密云区", "osmId": "way/182574948"}}, {"type": "Feature", "geometry": {"type": "Point", "coordinates": [116.9503226, 40.6981289]}, "properties": {"name": "长城", "category": "历史遗址", "district": "密云区", "osmId": "way/182582563"}}, {"type": "Feature", "geometry": {"type": "Point", "coordinates": [116.954549, 40.7008621]}, "properties": {"name": "长城", "category": "历史遗址", "district": "密云区", "osmId": "way/182582564"}}, {"type": "Feature", "geometry": {"type": "Point", "coordinates": [116.9488611, 40.6938221]}, "properties": {"name": "长城", "category": "历史遗址", "district": "密云区", "osmId": "way/182582565"}}, {"type": "Feature", "geometry": {"type": "Point", "coordinates": [116.9278492, 40.7025926]}, "properties": {"name": "长城", "category": "历史遗址", "district": "密云区", "osmId": "way/182582566"}}, {"type": "Feature", "geometry": {"type": "Point", "coordinates": [116.945724, 40.6894742]}, "properties": {"name": "长城", "category": "历史遗址", "district": "密云区", "osmId": "way/182582567"}}, {"type": "Feature", "geometry": {"type": "Point", "coordinates": [116.949288, 40.6915309]}, "properties": {"name": "长城", "category": "历史遗址", "district": "密云区", "osmId": "way/182582568"}}, {"type": "Feature", "geometry": {"type": "Point", "coordinates": [116.9409432, 40.6909069]}, "properties": {"name": "长城", "category": "历史遗址", "district": "密云区", "osmId": "way/182582569"}}, {"type": "Feature", "geometry": {"type": "Point", "coordinates": [116.9321618, 40.6963835]}, "properties": {"name": "长城", "category": "历史遗址", "district": "密云区", "osmId": "way/182582570"}}, {"type": "Feature", "geometry": {"type": "Point", "coordinates": [117.1161666, 40.699626]}, "properties": {"name": "长城", "category": "历史遗址", "district": "密云区", "osmId": "way/182588376"}}, {"type": "Feature", "geometry": {"type": "Point", "coordinates": [117.1639517, 40.6865391]}, "properties": {"name": "长城", "category": "历史遗址", "district": "密云区", "osmId": "way/182588381"}}, {"type": "Feature", "geometry": {"type": "Point", "coordinates": [117.1098175, 40.6911957]}, "properties": {"name": "长城", "category": "历史遗址", "district": "密云区", "osmId": "way/182588385"}}, {"type": "Feature", "geometry": {"type": "Point", "coordinates": [117.1420806, 40.6958523]}, "properties": {"name": "长城", "category": "历史遗址", "district": "密云区", "osmId": "way/182588386"}}, {"type": "Feature", "geometry": {"type": "Point", "coordinates": [117.1677799, 40.6860521]}, "properties": {"name": "长城", "category": "历史遗址", "district": "密云区", "osmId": "way/182588388"}}, {"type": "Feature", "geometry": {"type": "Point", "coordinates": [117.1269286, 40.6973522]}, "properties": {"name": "长城", "category": "历史遗址", "district": "密云区", "osmId": "way/182588391"}}, {"type": "Feature", "geometry": {"type": "Point", "coordinates": [117.10849, 40.7011516]}, "properties": {"name": "长城", "category": "历史遗址", "district": "密云区", "osmId": "way/182588393"}}, {"type": "Feature", "geometry": {"type": "Point", "coordinates": [117.1071343, 40.7025562]}, "properties": {"name": "长城", "category": "历史遗址", "district": "密云区", "osmId": "way/182588398"}}, {"type": "Feature", "geometry": {"type": "Point", "coordinates": [117.1972667, 40.6933439]}, "properties": {"name": "长城", "category": "历史遗址", "district": "密云区", "osmId": "way/182588401"}}, {"type": "Feature", "geometry": {"type": "Point", "coordinates": [117.1610319, 40.6971607]}, "properties": {"name": "长城", "category": "历史遗址", "district": "密云区", "osmId": "way/182588415"}}, {"type": "Feature", "geometry": {"type": "Point", "coordinates": [117.077092, 40.6851502]}, "properties": {"name": "长城", "category": "历史遗址", "district": "密云区", "osmId": "way/182590353"}}, {"type": "Feature", "geometry": {"type": "Point", "coordinates": [117.0833654, 40.6813391]}, "properties": {"name": "长城", "category": "历史遗址", "district": "密云区", "osmId": "way/182590354"}}, {"type": "Feature", "geometry": {"type": "Point", "coordinates": [116.8056373, 40.5540477]}, "properties": {"name": "长城", "category": "历史遗址", "district": "密云区", "osmId": "way/185195297"}}, {"type": "Feature", "geometry": {"type": "Point", "coordinates": [116.8224714, 40.5576629]}, "properties": {"name": "长城", "category": "历史遗址", "district": "密云区", "osmId": "way/185196522"}}, {"type": "Feature", "geometry": {"type": "Point", "coordinates": [116.8842181, 40.6848073]}, "properties": {"name": "长城", "category": "历史遗址", "district": "密云区", "osmId": "way/185199386"}}, {"type": "Feature", "geometry": {"type": "Point", "coordinates": [116.84527, 40.6347264]}, "properties": {"name": "长城", "category": "历史遗址", "district": "密云区", "osmId": "way/185199390"}}, {"type": "Feature", "geometry": {"type": "Point", "coordinates": [116.8260606, 40.604788]}, "properties": {"name": "长城", "category": "历史遗址", "district": "密云区", "osmId": "way/185199392"}}, {"type": "Feature", "geometry": {"type": "Point", "coordinates": [116.8188016, 40.6003279]}, "properties": {"name": "长城", "category": "历史遗址", "district": "密云区", "osmId": "way/185199397"}}, {"type": "Feature", "geometry": {"type": "Point", "coordinates": [116.888889, 40.6952377]}, "properties": {"name": "长城", "category": "历史遗址", "district": "密云区", "osmId": "way/185199398"}}, {"type": "Feature", "geometry": {"type": "Point", "coordinates": [116.8205398, 40.5843858]}, "properties": {"name": "长城", "category": "历史遗址", "district": "密云区", "osmId": "way/185199399"}}, {"type": "Feature", "geometry": {"type": "Point", "coordinates": [116.8200777, 40.6047502]}, "properties": {"name": "长城", "category": "历史遗址", "district": "密云区", "osmId": "way/185199402"}}, {"type": "Feature", "geometry": {"type": "Point", "coordinates": [116.8215175, 40.5576362]}, "properties": {"name": "长城", "category": "历史遗址", "district": "密云区", "osmId": "way/185201402"}}, {"type": "Feature", "geometry": {"type": "Point", "coordinates": [117.099321, 40.7055919]}, "properties": {"name": "长城", "category": "历史遗址", "district": "密云区", "osmId": "way/188075097"}}, {"type": "Feature", "geometry": {"type": "Point", "coordinates": [117.1409194, 40.6820161]}, "properties": {"name": "长城", "category": "历史遗址", "district": "密云区", "osmId": "way/188075113"}}, {"type": "Feature", "geometry": {"type": "Point", "coordinates": [117.1687064, 40.6883299]}, "properties": {"name": "长城", "category": "历史遗址", "district": "密云区", "osmId": "way/188075124"}}, {"type": "Feature", "geometry": {"type": "Point", "coordinates": [117.1898479, 40.6936962]}, "properties": {"name": "长城", "category": "历史遗址", "district": "密云区", "osmId": "way/188075126"}}, {"type": "Feature", "geometry": {"type": "Point", "coordinates": [117.1139438, 40.6866132]}, "properties": {"name": "长城", "category": "历史遗址", "district": "密云区", "osmId": "way/188075127"}}, {"type": "Feature", "geometry": {"type": "Point", "coordinates": [117.1705218, 40.6901978]}, "properties": {"name": "长城", "category": "历史遗址", "district": "密云区", "osmId": "way/188075128"}}, {"type": "Feature", "geometry": {"type": "Point", "coordinates": [117.1586312, 40.6827784]}, "properties": {"name": "长城", "category": "历史遗址", "district": "密云区", "osmId": "way/188075129"}}, {"type": "Feature", "geometry": {"type": "Point", "coordinates": [117.1849853, 40.6945611]}, "properties": {"name": "长城", "category": "历史遗址", "district": "密云区", "osmId": "way/188075130"}}, {"type": "Feature", "geometry": {"type": "Point", "coordinates": [117.1865839, 40.6948776]}, "properties": {"name": "长城", "category": "历史遗址", "district": "密云区", "osmId": "way/188075133"}}, {"type": "Feature", "geometry": {"type": "Point", "coordinates": [117.1617361, 40.6809176]}, "properties": {"name": "长城", "category": "历史遗址", "district": "密云区", "osmId": "way/188075135"}}, {"type": "Feature", "geometry": {"type": "Point", "coordinates": [117.116915, 40.6806348]}, "properties": {"name": "长城", "category": "历史遗址", "district": "密云区", "osmId": "way/188092909"}}, {"type": "Feature", "geometry": {"type": "Point", "coordinates": [117.2626417, 40.6712268]}, "properties": {"name": "长城", "category": "历史遗址", "district": "密云区", "osmId": "way/188092910"}}, {"type": "Feature", "geometry": {"type": "Point", "coordinates": [117.1503794, 40.690057]}, "properties": {"name": "长城", "category": "历史遗址", "district": "密云区", "osmId": "way/188092912"}}, {"type": "Feature", "geometry": {"type": "Point", "coordinates": [117.174476, 40.6939237]}, "properties": {"name": "长城", "category": "历史遗址", "district": "密云区", "osmId": "way/188092915"}}, {"type": "Feature", "geometry": {"type": "Point", "coordinates": [117.0966298, 40.68227]}, "properties": {"name": "长城", "category": "历史遗址", "district": "密云区", "osmId": "way/188133265"}}, {"type": "Feature", "geometry": {"type": "Point", "coordinates": [117.2306119, 40.6774799]}, "properties": {"name": "长城", "category": "历史遗址", "district": "密云区", "osmId": "way/194538813"}}, {"type": "Feature", "geometry": {"type": "Point", "coordinates": [117.3098141, 40.6568118]}, "properties": {"name": "长城", "category": "历史遗址", "district": "密云区", "osmId": "way/194538816"}}, {"type": "Feature", "geometry": {"type": "Point", "coordinates": [117.3059057, 40.6572408]}, "properties": {"name": "长城", "category": "历史遗址", "district": "密云区", "osmId": "way/194538820"}}, {"type": "Feature", "geometry": {"type": "Point", "coordinates": [117.2751009, 40.662207]}, "properties": {"name": "长城", "category": "历史遗址", "district": "密云区", "osmId": "way/194538822"}}, {"type": "Feature", "geometry": {"type": "Point", "coordinates": [117.2279599, 40.6800569]}, "properties": {"name": "长城", "category": "历史遗址", "district": "密云区", "osmId": "way/194538824"}}, {"type": "Feature", "geometry": {"type": "Point", "coordinates": [117.2072586, 40.6907041]}, "properties": {"name": "长城", "category": "历史遗址", "district": "密云区", "osmId": "way/194538827"}}, {"type": "Feature", "geometry": {"type": "Point", "coordinates": [117.3157624, 40.6580115]}, "properties": {"name": "长城", "category": "历史遗址", "district": "密云区", "osmId": "way/194538828"}}, {"type": "Feature", "geometry": {"type": "Point", "coordinates": [117.2158235, 40.6873184]}, "properties": {"name": "长城", "category": "历史遗址", "district": "密云区", "osmId": "way/194538835"}}, {"type": "Feature", "geometry": {"type": "Point", "coordinates": [117.4215977, 40.6813291]}, "properties": {"name": "长城", "category": "历史遗址", "district": "密云区", "osmId": "way/194543121"}}, {"type": "Feature", "geometry": {"type": "Point", "coordinates": [117.3442816, 40.6723904]}, "properties": {"name": "长城", "category": "历史遗址", "district": "密云区", "osmId": "way/194543123"}}, {"type": "Feature", "geometry": {"type": "Point", "coordinates": [117.3738258, 40.6782411]}, "properties": {"name": "长城", "category": "历史遗址", "district": "密云区", "osmId": "way/194543124"}}, {"type": "Feature", "geometry": {"type": "Point", "coordinates": [117.2326399, 40.4188055]}, "properties": {"name": "长城", "category": "历史遗址", "district": "密云区", "osmId": "way/195460646"}}, {"type": "Feature", "geometry": {"type": "Point", "coordinates": [117.2302941, 40.3895243]}, "properties": {"name": "长城", "category": "历史遗址", "district": "密云区", "osmId": "way/195460648"}}, {"type": "Feature", "geometry": {"type": "Point", "coordinates": [117.2521756, 40.4350156]}, "properties": {"name": "长城", "category": "历史遗址", "district": "密云区", "osmId": "way/195460649"}}, {"type": "Feature", "geometry": {"type": "Point", "coordinates": [117.2308151, 40.4054151]}, "properties": {"name": "长城", "category": "历史遗址", "district": "密云区", "osmId": "way/195460653"}}, {"type": "Feature", "geometry": {"type": "Point", "coordinates": [117.2336231, 40.3935003]}, "properties": {"name": "长城", "category": "历史遗址", "district": "密云区", "osmId": "way/195460658"}}, {"type": "Feature", "geometry": {"type": "Point", "coordinates": [117.2300871, 40.3997568]}, "properties": {"name": "长城", "category": "历史遗址", "district": "密云区", "osmId": "way/195460663"}}, {"type": "Feature", "geometry": {"type": "Point", "coordinates": [117.2197746, 40.377821]}, "properties": {"name": "长城", "category": "历史遗址", "district": "密云区", "osmId": "way/195460664"}}, {"type": "Feature", "geometry": {"type": "Point", "coordinates": [117.2205707, 40.3814699]}, "properties": {"name": "长城", "category": "历史遗址", "district": "密云区", "osmId": "way/195460665"}}, {"type": "Feature", "geometry": {"type": "Point", "coordinates": [117.2538489, 40.5529323]}, "properties": {"name": "长城", "category": "历史遗址", "district": "密云区", "osmId": "way/195460670"}}, {"type": "Feature", "geometry": {"type": "Point", "coordinates": [117.2396222, 40.4544189]}, "properties": {"name": "长城", "category": "历史遗址", "district": "密云区", "osmId": "way/195460672"}}, {"type": "Feature", "geometry": {"type": "Point", "coordinates": [117.2321937, 40.3966516]}, "properties": {"name": "长城", "category": "历史遗址", "district": "密云区", "osmId": "way/195460675"}}, {"type": "Feature", "geometry": {"type": "Point", "coordinates": [117.2421011, 40.4255623]}, "properties": {"name": "长城", "category": "历史遗址", "district": "密云区", "osmId": "way/195460678"}}, {"type": "Feature", "geometry": {"type": "Point", "coordinates": [117.2439721, 40.5443897]}, "properties": {"name": "长城", "category": "历史遗址", "district": "密云区", "osmId": "way/195555362"}}, {"type": "Feature", "geometry": {"type": "Point", "coordinates": [117.337355, 40.5846227]}, "properties": {"name": "长城", "category": "历史遗址", "district": "密云区", "osmId": "way/195555364"}}, {"type": "Feature", "geometry": {"type": "Point", "coordinates": [117.3381421, 40.5831246]}, "properties": {"name": "长城", "category": "历史遗址", "district": "密云区", "osmId": "way/195555365"}}, {"type": "Feature", "geometry": {"type": "Point", "coordinates": [117.3364504, 40.5870826]}, "properties": {"name": "长城", "category": "历史遗址", "district": "密云区", "osmId": "way/195555366"}}, {"type": "Feature", "geometry": {"type": "Point", "coordinates": [117.2449194, 40.5349695]}, "properties": {"name": "长城", "category": "历史遗址", "district": "密云区", "osmId": "way/195555367"}}, {"type": "Feature", "geometry": {"type": "Point", "coordinates": [117.2594215, 40.556884]}, "properties": {"name": "长城", "category": "历史遗址", "district": "密云区", "osmId": "way/195555368"}}, {"type": "Feature", "geometry": {"type": "Point", "coordinates": [117.3429282, 40.603976]}, "properties": {"name": "长城", "category": "历史遗址", "district": "密云区", "osmId": "way/195555369"}}, {"type": "Feature", "geometry": {"type": "Point", "coordinates": [117.3360746, 40.5803451]}, "properties": {"name": "长城", "category": "历史遗址", "district": "密云区", "osmId": "way/195555371"}}, {"type": "Feature", "geometry": {"type": "Point", "coordinates": [117.3774529, 40.6107344]}, "properties": {"name": "长城", "category": "历史遗址", "district": "密云区", "osmId": "way/195555372"}}, {"type": "Feature", "geometry": {"type": "Point", "coordinates": [117.3425809, 40.6044666]}, "properties": {"name": "长城", "category": "历史遗址", "district": "密云区", "osmId": "way/195555373"}}, {"type": "Feature", "geometry": {"type": "Point", "coordinates": [117.2059746, 40.5044219]}, "properties": {"name": "长城", "category": "历史遗址", "district": "密云区", "osmId": "way/195555374"}}, {"type": "Feature", "geometry": {"type": "Point", "coordinates": [117.2059829, 40.5065534]}, "properties": {"name": "长城", "category": "历史遗址", "district": "密云区", "osmId": "way/195555375"}}, {"type": "Feature", "geometry": {"type": "Point", "coordinates": [117.3364286, 40.5855164]}, "properties": {"name": "长城", "category": "历史遗址", "district": "密云区", "osmId": "way/195555376"}}, {"type": "Feature", "geometry": {"type": "Point", "coordinates": [117.2061069, 40.5084798]}, "properties": {"name": "长城", "category": "历史遗址", "district": "密云区", "osmId": "way/195555377"}}, {"type": "Feature", "geometry": {"type": "Point", "coordinates": [117.2066204, 40.5096322]}, "properties": {"name": "长城", "category": "历史遗址", "district": "密云区", "osmId": "way/195555379"}}, {"type": "Feature", "geometry": {"type": "Point", "coordinates": [117.3949395, 40.6280263]}, "properties": {"name": "长城", "category": "历史遗址", "district": "密云区", "osmId": "way/195555380"}}, {"type": "Feature", "geometry": {"type": "Point", "coordinates": [117.3037834, 40.5753111]}, "properties": {"name": "长城", "category": "历史遗址", "district": "密云区", "osmId": "way/195555382"}}, {"type": "Feature", "geometry": {"type": "Point", "coordinates": [117.2160676, 40.4873508]}, "properties": {"name": "长城", "category": "历史遗址", "district": "密云区", "osmId": "way/257677236"}}, {"type": "Feature", "geometry": {"type": "Point", "coordinates": [117.2559862, 40.4417843]}, "properties": {"name": "长城", "category": "历史遗址", "district": "密云区", "osmId": "way/264756900"}}, {"type": "Feature", "geometry": {"type": "Point", "coordinates": [117.2301033, 40.4146103]}, "properties": {"name": "长城", "category": "历史遗址", "district": "密云区", "osmId": "way/343018370"}}, {"type": "Feature", "geometry": {"type": "Point", "coordinates": [117.2019192, 40.6922811]}, "properties": {"name": "长城", "category": "历史遗址", "district": "密云区", "osmId": "way/880287315"}}, {"type": "Feature", "geometry": {"type": "Point", "coordinates": [117.1838299, 40.6947851]}, "properties": {"name": "长城", "category": "历史遗址", "district": "密云区", "osmId": "way/880287317"}}, {"type": "Feature", "geometry": {"type": "Point", "coordinates": [117.1821924, 40.6945098]}, "properties": {"name": "长城", "category": "历史遗址", "district": "密云区", "osmId": "way/880287318"}}, {"type": "Feature", "geometry": {"type": "Point", "coordinates": [117.1674368, 40.6941052]}, "properties": {"name": "长城", "category": "历史遗址", "district": "密云区", "osmId": "way/880287323"}}, {"type": "Feature", "geometry": {"type": "Point", "coordinates": [117.2575537, 40.4405268]}, "properties": {"name": "长城", "category": "历史遗址", "district": "密云区", "osmId": "way/918037470"}}, {"type": "Feature", "geometry": {"type": "Point", "coordinates": [116.8774588, 40.6604379]}, "properties": {"name": "长城", "category": "历史遗址", "district": "密云区", "osmId": "way/918448774"}}, {"type": "Feature", "geometry": {"type": "Point", "coordinates": [116.8767602, 40.6773239]}, "properties": {"name": "长城", "category": "历史遗址", "district": "密云区", "osmId": "way/918448775"}}, {"type": "Feature", "geometry": {"type": "Point", "coordinates": [117.3022772, 40.6576333]}, "properties": {"name": "长城", "category": "历史遗址", "district": "密云区", "osmId": "way/1110197527"}}, {"type": "Feature", "geometry": {"type": "Point", "coordinates": [117.1714021, 40.6915801]}, "properties": {"name": "长城", "category": "历史遗址", "district": "密云区", "osmId": "way/1110201153"}}, {"type": "Feature", "geometry": {"type": "Point", "coordinates": [116.9652134, 40.6905486]}, "properties": {"name": "长城", "category": "历史遗址", "district": "密云区", "osmId": "way/1451737385"}}, {"type": "Feature", "geometry": {"type": "Point", "coordinates": [117.2234438, 40.6836177]}, "properties": {"name": "长城", "category": "历史遗址", "district": "密云区", "osmId": "way/1551199344"}}, {"type": "Feature", "geometry": {"type": "Point", "coordinates": [117.32349, 40.2671041]}, "properties": {"name": "长城", "category": "历史遗址", "district": "平谷区", "osmId": "way/169656532"}}, {"type": "Feature", "geometry": {"type": "Point", "coordinates": [117.3389035, 40.2422647]}, "properties": {"name": "长城", "category": "历史遗址", "district": "平谷区", "osmId": "way/169656538"}}, {"type": "Feature", "geometry": {"type": "Point", "coordinates": [117.3039887, 40.2776049]}, "properties": {"name": "长城", "category": "历史遗址", "district": "平谷区", "osmId": "way/194557885"}}, {"type": "Feature", "geometry": {"type": "Point", "coordinates": [117.3289427, 40.2778641]}, "properties": {"name": "长城", "category": "历史遗址", "district": "平谷区", "osmId": "way/194557886"}}, {"type": "Feature", "geometry": {"type": "Point", "coordinates": [117.3127302, 40.2753804]}, "properties": {"name": "长城", "category": "历史遗址", "district": "平谷区", "osmId": "way/194557887"}}, {"type": "Feature", "geometry": {"type": "Point", "coordinates": [117.217083, 40.3553371]}, "properties": {"name": "长城", "category": "历史遗址", "district": "平谷区", "osmId": "way/195460650"}}, {"type": "Feature", "geometry": {"type": "Point", "coordinates": [117.224094, 40.3320454]}, "properties": {"name": "长城", "category": "历史遗址", "district": "平谷区", "osmId": "way/195460651"}}, {"type": "Feature", "geometry": {"type": "Point", "coordinates": [117.266771, 40.2431476]}, "properties": {"name": "长城", "category": "历史遗址", "district": "平谷区", "osmId": "way/195460655"}}, {"type": "Feature", "geometry": {"type": "Point", "coordinates": [117.2024718, 40.2483396]}, "properties": {"name": "长城", "category": "历史遗址", "district": "平谷区", "osmId": "way/195460660"}}, {"type": "Feature", "geometry": {"type": "Point", "coordinates": [117.1751815, 40.2725748]}, "properties": {"name": "长城", "category": "历史遗址", "district": "平谷区", "osmId": "way/195460661"}}, {"type": "Feature", "geometry": {"type": "Point", "coordinates": [117.2829011, 40.2450795]}, "properties": {"name": "长城", "category": "历史遗址", "district": "平谷区", "osmId": "way/195460666"}}, {"type": "Feature", "geometry": {"type": "Point", "coordinates": [117.2472923, 40.2414659]}, "properties": {"name": "长城", "category": "历史遗址", "district": "平谷区", "osmId": "way/195460674"}}, {"type": "Feature", "geometry": {"type": "Point", "coordinates": [117.2861659, 40.2590697]}, "properties": {"name": "长城", "category": "历史遗址", "district": "平谷区", "osmId": "way/195460676"}}, {"type": "Feature", "geometry": {"type": "Point", "coordinates": [117.2184989, 40.3718408]}, "properties": {"name": "长城", "category": "历史遗址", "district": "平谷区", "osmId": "way/195460677"}}, {"type": "Feature", "geometry": {"type": "Point", "coordinates": [117.2303004, 40.2450373]}, "properties": {"name": "长城", "category": "历史遗址", "district": "平谷区", "osmId": "way/195460679"}}, {"type": "Feature", "geometry": {"type": "Point", "coordinates": [117.2017435, 40.3151006]}, "properties": {"name": "长城", "category": "历史遗址", "district": "平谷区", "osmId": "way/918037472"}}, {"type": "Feature", "geometry": {"type": "Point", "coordinates": [117.1737707, 40.3090216]}, "properties": {"name": "长城", "category": "历史遗址", "district": "平谷区", "osmId": "way/918037473"}}, {"type": "Feature", "geometry": {"type": "Point", "coordinates": [117.2182631, 40.3226633]}, "properties": {"name": "长城", "category": "历史遗址", "district": "平谷区", "osmId": "way/918037476"}}, {"type": "Feature", "geometry": {"type": "Point", "coordinates": [117.2853291, 40.2474194]}, "properties": {"name": "长城", "category": "历史遗址", "district": "平谷区", "osmId": "way/918037477"}}, {"type": "Feature", "geometry": {"type": "Point", "coordinates": [117.2238449, 40.3097564]}, "properties": {"name": "长城", "category": "历史遗址", "district": "平谷区", "osmId": "way/918037478"}}, {"type": "Feature", "geometry": {"type": "Point", "coordinates": [117.1941179, 40.2476211]}, "properties": {"name": "长城", "category": "历史遗址", "district": "平谷区", "osmId": "way/918037479"}}, {"type": "Feature", "geometry": {"type": "Point", "coordinates": [116.0062217, 40.3540023]}, "properties": {"name": "南一楼", "category": "历史遗址", "district": "延庆区", "osmId": "way/1248982616"}}, {"type": "Feature", "geometry": {"type": "Point", "coordinates": [116.0045619, 40.3465603]}, "properties": {"name": "南七楼", "category": "历史遗址", "district": "延庆区", "osmId": "way/1248982622"}}, {"type": "Feature", "geometry": {"type": "Point", "coordinates": [116.0060093, 40.3520883]}, "properties": {"name": "南三楼", "category": "历史遗址", "district": "延庆区", "osmId": "way/1248982618"}}, {"type": "Feature", "geometry": {"type": "Point", "coordinates": [116.0059946, 40.3532977]}, "properties": {"name": "南二楼", "category": "历史遗址", "district": "延庆区", "osmId": "way/1248982617"}}, {"type": "Feature", "geometry": {"type": "Point", "coordinates": [116.0032654, 40.3489184]}, "properties": {"name": "南五楼", "category": "历史遗址", "district": "延庆区", "osmId": "way/1248982620"}}, {"type": "Feature", "geometry": {"type": "Point", "coordinates": [116.0041991, 40.3478285]}, "properties": {"name": "南六楼", "category": "历史遗址", "district": "延庆区", "osmId": "way/1248982621"}}, {"type": "Feature", "geometry": {"type": "Point", "coordinates": [116.0029947, 40.3505732]}, "properties": {"name": "南四楼", "category": "历史遗址", "district": "延庆区", "osmId": "way/1248982619"}}, {"type": "Feature", "geometry": {"type": "Point", "coordinates": [116.0086237, 40.3562565]}, "properties": {"name": "平胡墩", "category": "历史遗址", "district": "延庆区", "osmId": "way/478905089"}}, {"type": "Feature", "geometry": {"type": "Point", "coordinates": [116.0047347, 40.3504567]}, "properties": {"name": "延庆县长城段 6 段", "category": "历史遗址", "district": "延庆区", "osmId": "way/52440889"}}, {"type": "Feature", "geometry": {"type": "Point", "coordinates": [116.0029239, 40.3450139]}, "properties": {"name": "延庆县长城段 6 段", "category": "历史遗址", "district": "延庆区", "osmId": "way/1250479489"}}, {"type": "Feature", "geometry": {"type": "Point", "coordinates": [116.0046913, 40.3521638]}, "properties": {"name": "御戎墩", "category": "历史遗址", "district": "延庆区", "osmId": "way/1248982624"}}, {"type": "Feature", "geometry": {"type": "Point", "coordinates": [116.0197833, 40.3507931]}, "properties": {"name": "詹公天佑之像", "category": "历史遗址", "district": "延庆区", "osmId": "node/1415639085"}}, {"type": "Feature", "geometry": {"type": "Point", "coordinates": [116.0164598, 40.3571343]}, "properties": {"name": "长城", "category": "历史遗址", "district": "延庆区", "osmId": "way/52440890"}}, {"type": "Feature", "geometry": {"type": "Point", "coordinates": [116.0149369, 40.360585]}, "properties": {"name": "长城", "category": "历史遗址", "district": "延庆区", "osmId": "way/84335809"}}, {"type": "Feature", "geometry": {"type": "Point", "coordinates": [116.0223893, 40.3485911]}, "properties": {"name": "长城", "category": "历史遗址", "district": "延庆区", "osmId": "way/84573403"}}, {"type": "Feature", "geometry": {"type": "Point", "coordinates": [116.0308183, 40.3377478]}, "properties": {"name": "长城", "category": "历史遗址", "district": "延庆区", "osmId": "way/84573404"}}, {"type": "Feature", "geometry": {"type": "Point", "coordinates": [116.0101601, 40.3570116]}, "properties": {"name": "长城", "category": "历史遗址", "district": "延庆区", "osmId": "way/89351141"}}, {"type": "Feature", "geometry": {"type": "Point", "coordinates": [116.0135729, 40.3599234]}, "properties": {"name": "长城", "category": "历史遗址", "district": "延庆区", "osmId": "way/89351170"}}, {"type": "Feature", "geometry": {"type": "Point", "coordinates": [115.9928411, 40.3828221]}, "properties": {"name": "长城", "category": "历史遗址", "district": "延庆区", "osmId": "way/91810462"}}, {"type": "Feature", "geometry": {"type": "Point", "coordinates": [116.0045271, 40.3887535]}, "properties": {"name": "长城", "category": "历史遗址", "district": "延庆区", "osmId": "way/91810473"}}, {"type": "Feature", "geometry": {"type": "Point", "coordinates": [116.0208098, 40.3953027]}, "properties": {"name": "长城", "category": "历史遗址", "district": "延庆区", "osmId": "way/91810499"}}, {"type": "Feature", "geometry": {"type": "Point", "coordinates": [115.9927506, 40.3863355]}, "properties": {"name": "长城", "category": "历史遗址", "district": "延庆区", "osmId": "way/91810502"}}, {"type": "Feature", "geometry": {"type": "Point", "coordinates": [115.9936165, 40.3784987]}, "properties": {"name": "长城", "category": "历史遗址", "district": "延庆区", "osmId": "way/91810514"}}, {"type": "Feature", "geometry": {"type": "Point", "coordinates": [116.0163921, 40.3932554]}, "properties": {"name": "长城", "category": "历史遗址", "district": "延庆区", "osmId": "way/91810521"}}, {"type": "Feature", "geometry": {"type": "Point", "coordinates": [116.0125991, 40.3908713]}, "properties": {"name": "长城", "category": "历史遗址", "district": "延庆区", "osmId": "way/91810525"}}, {"type": "Feature", "geometry": {"type": "Point", "coordinates": [115.9923081, 40.3736129]}, "properties": {"name": "长城", "category": "历史遗址", "district": "延庆区", "osmId": "way/91810527"}}, {"type": "Feature", "geometry": {"type": "Point", "coordinates": [116.0102284, 40.389553]}, "properties": {"name": "长城", "category": "历史遗址", "district": "延庆区", "osmId": "way/91810531"}}, {"type": "Feature", "geometry": {"type": "Point", "coordinates": [115.9859835, 40.3677546]}, "properties": {"name": "长城", "category": "历史遗址", "district": "延庆区", "osmId": "way/91810533"}}, {"type": "Feature", "geometry": {"type": "Point", "coordinates": [115.9925245, 40.3848088]}, "properties": {"name": "长城", "category": "历史遗址", "district": "延庆区", "osmId": "way/91810540"}}, {"type": "Feature", "geometry": {"type": "Point", "coordinates": [116.0749226, 40.4394322]}, "properties": {"name": "长城", "category": "历史遗址", "district": "延庆区", "osmId": "way/91813917"}}, {"type": "Feature", "geometry": {"type": "Point", "coordinates": [116.038118, 40.4058806]}, "properties": {"name": "长城", "category": "历史遗址", "district": "延庆区", "osmId": "way/91813926"}}, {"type": "Feature", "geometry": {"type": "Point", "coordinates": [116.1123482, 40.4580885]}, "properties": {"name": "长城", "category": "历史遗址", "district": "延庆区", "osmId": "way/91813928"}}, {"type": "Feature", "geometry": {"type": "Point", "coordinates": [116.0419034, 40.4084743]}, "properties": {"name": "长城", "category": "历史遗址", "district": "延庆区", "osmId": "way/91813932"}}, {"type": "Feature", "geometry": {"type": "Point", "coordinates": [116.108071, 40.4552255]}, "properties": {"name": "长城", "category": "历史遗址", "district": "延庆区", "osmId": "way/91813934"}}, {"type": "Feature", "geometry": {"type": "Point", "coordinates": [116.0431617, 40.4096964]}, "properties": {"name": "长城", "category": "历史遗址", "district": "延庆区", "osmId": "way/91813940"}}, {"type": "Feature", "geometry": {"type": "Point", "coordinates": [116.0299, 40.4008651]}, "properties": {"name": "长城", "category": "历史遗址", "district": "延庆区", "osmId": "way/91813943"}}, {"type": "Feature", "geometry": {"type": "Point", "coordinates": [116.0683271, 40.4351461]}, "properties": {"name": "长城", "category": "历史遗址", "district": "延庆区", "osmId": "way/91813946"}}, {"type": "Feature", "geometry": {"type": "Point", "coordinates": [116.0340724, 40.4032853]}, "properties": {"name": "长城", "category": "历史遗址", "district": "延庆区", "osmId": "way/91813950"}}, {"type": "Feature", "geometry": {"type": "Point", "coordinates": [116.0449206, 40.4133946]}, "properties": {"name": "长城", "category": "历史遗址", "district": "延庆区", "osmId": "way/91813966"}}, {"type": "Feature", "geometry": {"type": "Point", "coordinates": [116.0527886, 40.425206]}, "properties": {"name": "长城", "category": "历史遗址", "district": "延庆区", "osmId": "way/91813970"}}, {"type": "Feature", "geometry": {"type": "Point", "coordinates": [116.0265679, 40.3986719]}, "properties": {"name": "长城", "category": "历史遗址", "district": "延庆区", "osmId": "way/91813972"}}, {"type": "Feature", "geometry": {"type": "Point", "coordinates": [116.1053289, 40.4536019]}, "properties": {"name": "长城", "category": "历史遗址", "district": "延庆区", "osmId": "way/91813975"}}, {"type": "Feature", "geometry": {"type": "Point", "coordinates": [116.435692, 40.4906315]}, "properties": {"name": "长城", "category": "历史遗址", "district": "延庆区", "osmId": "way/92158364"}}, {"type": "Feature", "geometry": {"type": "Point", "coordinates": [116.4387727, 40.5316888]}, "properties": {"name": "长城", "category": "历史遗址", "district": "延庆区", "osmId": "way/92162825"}}, {"type": "Feature", "geometry": {"type": "Point", "coordinates": [116.434455, 40.5351593]}, "properties": {"name": "长城", "category": "历史遗址", "district": "延庆区", "osmId": "way/92162826"}}, {"type": "Feature", "geometry": {"type": "Point", "coordinates": [116.4633176, 40.5178014]}, "properties": {"name": "长城", "category": "历史遗址", "district": "延庆区", "osmId": "way/92162832"}}, {"type": "Feature", "geometry": {"type": "Point", "coordinates": [116.4880889, 40.5071721]}, "properties": {"name": "长城", "category": "历史遗址", "district": "延庆区", "osmId": "way/92162845"}}, {"type": "Feature", "geometry": {"type": "Point", "coordinates": [116.4203734, 40.5371466]}, "properties": {"name": "长城", "category": "历史遗址", "district": "延庆区", "osmId": "way/92163746"}}, {"type": "Feature", "geometry": {"type": "Point", "coordinates": [116.4203734, 40.5370023]}, "properties": {"name": "长城", "category": "历史遗址", "district": "延庆区", "osmId": "way/92163747"}}, {"type": "Feature", "geometry": {"type": "Point", "coordinates": [116.4245948, 40.5379667]}, "properties": {"name": "长城", "category": "历史遗址", "district": "延庆区", "osmId": "way/92163748"}}, {"type": "Feature", "geometry": {"type": "Point", "coordinates": [116.4186363, 40.5371835]}, "properties": {"name": "长城", "category": "历史遗址", "district": "延庆区", "osmId": "way/92163751"}}, {"type": "Feature", "geometry": {"type": "Point", "coordinates": [116.4294411, 40.5387711]}, "properties": {"name": "长城", "category": "历史遗址", "district": "延庆区", "osmId": "way/92163752"}}, {"type": "Feature", "geometry": {"type": "Point", "coordinates": [116.415079, 40.537984]}, "properties": {"name": "长城", "category": "历史遗址", "district": "延庆区", "osmId": "way/92164603"}}, {"type": "Feature", "geometry": {"type": "Point", "coordinates": [116.4074633, 40.539721]}, "properties": {"name": "长城", "category": "历史遗址", "district": "延庆区", "osmId": "way/92164604"}}, {"type": "Feature", "geometry": {"type": "Point", "coordinates": [116.4054013, 40.5400475]}, "properties": {"name": "长城", "category": "历史遗址", "district": "延庆区", "osmId": "way/92164605"}}, {"type": "Feature", "geometry": {"type": "Point", "coordinates": [116.3850998, 40.5519345]}, "properties": {"name": "长城", "category": "历史遗址", "district": "延庆区", "osmId": "way/92164607"}}, {"type": "Feature", "geometry": {"type": "Point", "coordinates": [116.3875399, 40.5511649]}, "properties": {"name": "长城", "category": "历史遗址", "district": "延庆区", "osmId": "way/92164827"}}, {"type": "Feature", "geometry": {"type": "Point", "coordinates": [116.3970518, 40.5465394]}, "properties": {"name": "长城", "category": "历史遗址", "district": "延庆区", "osmId": "way/92164828"}}, {"type": "Feature", "geometry": {"type": "Point", "coordinates": [116.3519531, 40.5731038]}, "properties": {"name": "长城", "category": "历史遗址", "district": "延庆区", "osmId": "way/92224733"}}, {"type": "Feature", "geometry": {"type": "Point", "coordinates": [116.3301614, 40.5856273]}, "properties": {"name": "长城", "category": "历史遗址", "district": "延庆区", "osmId": "way/92224737"}}, {"type": "Feature", "geometry": {"type": "Point", "coordinates": [116.3592575, 40.5678537]}, "properties": {"name": "长城", "category": "历史遗址", "district": "延庆区", "osmId": "way/92224742"}}, {"type": "Feature", "geometry": {"type": "Point", "coordinates": [116.34895, 40.5734188]}, "properties": {"name": "长城", "category": "历史遗址", "district": "延庆区", "osmId": "way/92224752"}}, {"type": "Feature", "geometry": {"type": "Point", "coordinates": [116.3645858, 40.5624672]}, "properties": {"name": "长城", "category": "历史遗址", "district": "延庆区", "osmId": "way/92224755"}}, {"type": "Feature", "geometry": {"type": "Point", "coordinates": [116.3741495, 40.5575286]}, "properties": {"name": "长城", "category": "历史遗址", "district": "延庆区", "osmId": "way/92224760"}}, {"type": "Feature", "geometry": {"type": "Point", "coordinates": [116.3479401, 40.5727452]}, "properties": {"name": "长城", "category": "历史遗址", "district": "延庆区", "osmId": "way/92224779"}}, {"type": "Feature", "geometry": {"type": "Point", "coordinates": [116.4633176, 40.5175696]}, "properties": {"name": "长城", "category": "历史遗址", "district": "延庆区", "osmId": "way/152447929"}}, {"type": "Feature", "geometry": {"type": "Point", "coordinates": [116.2747037, 40.6121228]}, "properties": {"name": "长城", "category": "历史遗址", "district": "延庆区", "osmId": "way/152447931"}}, {"type": "Feature", "geometry": {"type": "Point", "coordinates": [116.3078872, 40.5959589]}, "properties": {"name": "长城", "category": "历史遗址", "district": "延庆区", "osmId": "way/152447935"}}, {"type": "Feature", "geometry": {"type": "Point", "coordinates": [116.2862669, 40.6053065]}, "properties": {"name": "长城", "category": "历史遗址", "district": "延庆区", "osmId": "way/152447939"}}, {"type": "Feature", "geometry": {"type": "Point", "coordinates": [116.2831436, 40.6078557]}, "properties": {"name": "长城", "category": "历史遗址", "district": "延庆区", "osmId": "way/152447943"}}, {"type": "Feature", "geometry": {"type": "Point", "coordinates": [116.3009423, 40.6017451]}, "properties": {"name": "长城", "category": "历史遗址", "district": "延庆区", "osmId": "way/152447947"}}, {"type": "Feature", "geometry": {"type": "Point", "coordinates": [116.1906279, 40.6084654]}, "properties": {"name": "长城", "category": "历史遗址", "district": "延庆区", "osmId": "way/183792953"}}, {"type": "Feature", "geometry": {"type": "Point", "coordinates": [116.254921, 40.6032785]}, "properties": {"name": "长城", "category": "历史遗址", "district": "延庆区", "osmId": "way/183792964"}}, {"type": "Feature", "geometry": {"type": "Point", "coordinates": [116.1846935, 40.6618044]}, "properties": {"name": "长城", "category": "历史遗址", "district": "延庆区", "osmId": "way/183792965"}}, {"type": "Feature", "geometry": {"type": "Point", "coordinates": [116.2256862, 40.592068]}, "properties": {"name": "长城", "category": "历史遗址", "district": "延庆区", "osmId": "way/183792966"}}, {"type": "Feature", "geometry": {"type": "Point", "coordinates": [116.1986978, 40.6382904]}, "properties": {"name": "长城", "category": "历史遗址", "district": "延庆区", "osmId": "way/183792967"}}, {"type": "Feature", "geometry": {"type": "Point", "coordinates": [116.248132, 40.6000275]}, "properties": {"name": "长城", "category": "历史遗址", "district": "延庆区", "osmId": "way/183792969"}}, {"type": "Feature", "geometry": {"type": "Point", "coordinates": [116.1879551, 40.6613241]}, "properties": {"name": "长城", "category": "历史遗址", "district": "延庆区", "osmId": "way/183792970"}}, {"type": "Feature", "geometry": {"type": "Point", "coordinates": [116.2087304, 40.5919543]}, "properties": {"name": "长城", "category": "历史遗址", "district": "延庆区", "osmId": "way/183792971"}}, {"type": "Feature", "geometry": {"type": "Point", "coordinates": [116.1948637, 40.5926929]}, "properties": {"name": "长城", "category": "历史遗址", "district": "延庆区", "osmId": "way/183792972"}}, {"type": "Feature", "geometry": {"type": "Point", "coordinates": [116.241745, 40.5966805]}, "properties": {"name": "长城", "category": "历史遗址", "district": "延庆区", "osmId": "way/183792973"}}, {"type": "Feature", "geometry": {"type": "Point", "coordinates": [116.1723549, 40.6766664]}, "properties": {"name": "长城", "category": "历史遗址", "district": "延庆区", "osmId": "way/183795669"}}, {"type": "Feature", "geometry": {"type": "Point", "coordinates": [116.2906449, 40.5219223]}, "properties": {"name": "长城", "category": "历史遗址", "district": "延庆区", "osmId": "way/184471994"}}, {"type": "Feature", "geometry": {"type": "Point", "coordinates": [116.286508, 40.4893152]}, "properties": {"name": "长城", "category": "历史遗址", "district": "延庆区", "osmId": "way/184473872"}}, {"type": "Feature", "geometry": {"type": "Point", "coordinates": [116.2342957, 40.4935774]}, "properties": {"name": "长城", "category": "历史遗址", "district": "延庆区", "osmId": "way/184481050"}}, {"type": "Feature", "geometry": {"type": "Point", "coordinates": [116.2393019, 40.4954052]}, "properties": {"name": "长城", "category": "历史遗址", "district": "延庆区", "osmId": "way/184481051"}}, {"type": "Feature", "geometry": {"type": "Point", "coordinates": [116.210592, 40.473158]}, "properties": {"name": "长城", "category": "历史遗址", "district": "延庆区", "osmId": "way/184481052"}}, {"type": "Feature", "geometry": {"type": "Point", "coordinates": [116.1485493, 40.4648856]}, "properties": {"name": "长城", "category": "历史遗址", "district": "延庆区", "osmId": "way/184481054"}}, {"type": "Feature", "geometry": {"type": "Point", "coordinates": [116.1296095, 40.4633949]}, "properties": {"name": "长城", "category": "历史遗址", "district": "延庆区", "osmId": "way/184481055"}}, {"type": "Feature", "geometry": {"type": "Point", "coordinates": [116.185814, 40.4829393]}, "properties": {"name": "长城", "category": "历史遗址", "district": "延庆区", "osmId": "way/184481057"}}, {"type": "Feature", "geometry": {"type": "Point", "coordinates": [116.2072844, 40.4716875]}, "properties": {"name": "长城", "category": "历史遗址", "district": "延庆区", "osmId": "way/184481058"}}, {"type": "Feature", "geometry": {"type": "Point", "coordinates": [116.2038566, 40.4857457]}, "properties": {"name": "长城", "category": "历史遗址", "district": "延庆区", "osmId": "way/184481059"}}, {"type": "Feature", "geometry": {"type": "Point", "coordinates": [116.2300383, 40.4686006]}, "properties": {"name": "长城", "category": "历史遗址", "district": "延庆区", "osmId": "way/184481060"}}, {"type": "Feature", "geometry": {"type": "Point", "coordinates": [116.2239847, 40.4733065]}, "properties": {"name": "长城", "category": "历史遗址", "district": "延庆区", "osmId": "way/184481061"}}, {"type": "Feature", "geometry": {"type": "Point", "coordinates": [116.2164636, 40.4755851]}, "properties": {"name": "长城", "category": "历史遗址", "district": "延庆区", "osmId": "way/184481063"}}, {"type": "Feature", "geometry": {"type": "Point", "coordinates": [116.2530816, 40.499213]}, "properties": {"name": "长城", "category": "历史遗址", "district": "延庆区", "osmId": "way/184481064"}}, {"type": "Feature", "geometry": {"type": "Point", "coordinates": [116.215221, 40.4861393]}, "properties": {"name": "长城", "category": "历史遗址", "district": "延庆区", "osmId": "way/184481067"}}, {"type": "Feature", "geometry": {"type": "Point", "coordinates": [116.1217203, 40.4625401]}, "properties": {"name": "长城", "category": "历史遗址", "district": "延庆区", "osmId": "way/184481068"}}, {"type": "Feature", "geometry": {"type": "Point", "coordinates": [116.2417654, 40.4961292]}, "properties": {"name": "长城", "category": "历史遗址", "district": "延庆区", "osmId": "way/184481069"}}, {"type": "Feature", "geometry": {"type": "Point", "coordinates": [116.2093546, 40.4728825]}, "properties": {"name": "长城", "category": "历史遗址", "district": "延庆区", "osmId": "way/184481070"}}, {"type": "Feature", "geometry": {"type": "Point", "coordinates": [116.2205124, 40.4751958]}, "properties": {"name": "长城", "category": "历史遗址", "district": "延庆区", "osmId": "way/184481075"}}, {"type": "Feature", "geometry": {"type": "Point", "coordinates": [116.4278336, 40.4948217]}, "properties": {"name": "长城", "category": "历史遗址", "district": "延庆区", "osmId": "way/184487663"}}, {"type": "Feature", "geometry": {"type": "Point", "coordinates": [116.298747, 40.5157882]}, "properties": {"name": "长城", "category": "历史遗址", "district": "延庆区", "osmId": "way/184487667"}}, {"type": "Feature", "geometry": {"type": "Point", "coordinates": [116.3823273, 40.4958316]}, "properties": {"name": "长城", "category": "历史遗址", "district": "延庆区", "osmId": "way/184487670"}}, {"type": "Feature", "geometry": {"type": "Point", "coordinates": [116.4376396, 40.4911007]}, "properties": {"name": "长城", "category": "历史遗址", "district": "延庆区", "osmId": "way/184487679"}}, {"type": "Feature", "geometry": {"type": "Point", "coordinates": [116.4083319, 40.4930313]}, "properties": {"name": "长城", "category": "历史遗址", "district": "延庆区", "osmId": "way/184487717"}}, {"type": "Feature", "geometry": {"type": "Point", "coordinates": [116.4021336, 40.4803368]}, "properties": {"name": "长城", "category": "历史遗址", "district": "延庆区", "osmId": "way/184487742"}}, {"type": "Feature", "geometry": {"type": "Point", "coordinates": [116.4262596, 40.4957962]}, "properties": {"name": "长城", "category": "历史遗址", "district": "延庆区", "osmId": "way/184487746"}}, {"type": "Feature", "geometry": {"type": "Point", "coordinates": [116.3989397, 40.4797006]}, "properties": {"name": "长城", "category": "历史遗址", "district": "延庆区", "osmId": "way/184487762"}}, {"type": "Feature", "geometry": {"type": "Point", "coordinates": [116.4506987, 40.5244222]}, "properties": {"name": "长城", "category": "历史遗址", "district": "延庆区", "osmId": "way/184725251"}}, {"type": "Feature", "geometry": {"type": "Point", "coordinates": [116.4652368, 40.5167082]}, "properties": {"name": "长城", "category": "历史遗址", "district": "延庆区", "osmId": "way/184725252"}}, {"type": "Feature", "geometry": {"type": "Point", "coordinates": [116.4642214, 40.5173564]}, "properties": {"name": "长城", "category": "历史遗址", "district": "延庆区", "osmId": "way/184725253"}}, {"type": "Feature", "geometry": {"type": "Point", "coordinates": [115.9672063, 40.3557481]}, "properties": {"name": "长城", "category": "历史遗址", "district": "延庆区", "osmId": "way/185582185"}}, {"type": "Feature", "geometry": {"type": "Point", "coordinates": [115.9663972, 40.3587639]}, "properties": {"name": "长城", "category": "历史遗址", "district": "延庆区", "osmId": "way/185582186"}}, {"type": "Feature", "geometry": {"type": "Point", "coordinates": [115.9665642, 40.3575774]}, "properties": {"name": "长城", "category": "历史遗址", "district": "延庆区", "osmId": "way/185582190"}}, {"type": "Feature", "geometry": {"type": "Point", "coordinates": [115.9667984, 40.3567621]}, "properties": {"name": "长城", "category": "历史遗址", "district": "延庆区", "osmId": "way/185582193"}}, {"type": "Feature", "geometry": {"type": "Point", "coordinates": [116.1977077, 40.5914735]}, "properties": {"name": "长城", "category": "历史遗址", "district": "延庆区", "osmId": "way/257028262"}}, {"type": "Feature", "geometry": {"type": "Point", "coordinates": [116.2208734, 40.5910408]}, "properties": {"name": "长城", "category": "历史遗址", "district": "延庆区", "osmId": "way/257028263"}}, {"type": "Feature", "geometry": {"type": "Point", "coordinates": [116.2343685, 40.5935101]}, "properties": {"name": "长城", "category": "历史遗址", "district": "延庆区", "osmId": "way/257028264"}}, {"type": "Feature", "geometry": {"type": "Point", "coordinates": [116.2148418, 40.5928236]}, "properties": {"name": "长城", "category": "历史遗址", "district": "延庆区", "osmId": "way/257028265"}}, {"type": "Feature", "geometry": {"type": "Point", "coordinates": [116.2503934, 40.6008382]}, "properties": {"name": "长城", "category": "历史遗址", "district": "延庆区", "osmId": "way/257028266"}}, {"type": "Feature", "geometry": {"type": "Point", "coordinates": [116.2007854, 40.5916053]}, "properties": {"name": "长城", "category": "历史遗址", "district": "延庆区", "osmId": "way/257028268"}}, {"type": "Feature", "geometry": {"type": "Point", "coordinates": [116.1894556, 40.5990865]}, "properties": {"name": "长城", "category": "历史遗址", "district": "延庆区", "osmId": "way/257028273"}}, {"type": "Feature", "geometry": {"type": "Point", "coordinates": [116.1731064, 40.4764838]}, "properties": {"name": "长城", "category": "历史遗址", "district": "延庆区", "osmId": "way/257030193"}}, {"type": "Feature", "geometry": {"type": "Point", "coordinates": [116.017151, 40.3518342]}, "properties": {"name": "长城", "category": "历史遗址", "district": "延庆区", "osmId": "way/725117619"}}, {"type": "Feature", "geometry": {"type": "Point", "coordinates": [116.0138898, 40.3602628]}, "properties": {"name": "长城", "category": "历史遗址", "district": "延庆区", "osmId": "way/1250479561"}}, {"type": "Feature", "geometry": {"type": "Point", "coordinates": [115.9933058, 40.3808406]}, "properties": {"name": "长城", "category": "历史遗址", "district": "延庆区", "osmId": "way/1251204860"}}, {"type": "Feature", "geometry": {"type": "Point", "coordinates": [116.0170651, 40.3620231]}, "properties": {"name": "长城", "category": "历史遗址", "district": "延庆区", "osmId": "way/1251504773"}}, {"type": "Feature", "geometry": {"type": "Point", "coordinates": [116.018741, 40.3651498]}, "properties": {"name": "长城", "category": "历史遗址", "district": "延庆区", "osmId": "way/1251504775"}}, {"type": "Feature", "geometry": {"type": "Point", "coordinates": [116.0162379, 40.3709546]}, "properties": {"name": "长城", "category": "历史遗址", "district": "延庆区", "osmId": "way/1251504777"}}, {"type": "Feature", "geometry": {"type": "Point", "coordinates": [116.012225, 40.371621]}, "properties": {"name": "长城", "category": "历史遗址", "district": "延庆区", "osmId": "way/1251923182"}}, {"type": "Feature", "geometry": {"type": "Point", "coordinates": [116.0101992, 40.3716146]}, "properties": {"name": "长城", "category": "历史遗址", "district": "延庆区", "osmId": "way/1251923183"}}, {"type": "Feature", "geometry": {"type": "Point", "coordinates": [116.0049877, 40.3805175]}, "properties": {"name": "长城", "category": "历史遗址", "district": "延庆区", "osmId": "way/1251923184"}}, {"type": "Feature", "geometry": {"type": "Point", "coordinates": [115.9934851, 40.3869155]}, "properties": {"name": "长城", "category": "历史遗址", "district": "延庆区", "osmId": "way/1251923185"}}, {"type": "Feature", "geometry": {"type": "Point", "coordinates": [116.05529, 40.4267684]}, "properties": {"name": "长城", "category": "历史遗址", "district": "延庆区", "osmId": "way/1253854515"}}, {"type": "Feature", "geometry": {"type": "Point", "coordinates": [116.0570681, 40.4278386]}, "properties": {"name": "长城", "category": "历史遗址", "district": "延庆区", "osmId": "way/1253854516"}}, {"type": "Feature", "geometry": {"type": "Point", "coordinates": [116.0569647, 40.4288124]}, "properties": {"name": "长城", "category": "历史遗址", "district": "延庆区", "osmId": "way/1253854517"}}, {"type": "Feature", "geometry": {"type": "Point", "coordinates": [116.0557175, 40.4285815]}, "properties": {"name": "长城", "category": "历史遗址", "district": "延庆区", "osmId": "way/1253854518"}}, {"type": "Feature", "geometry": {"type": "Point", "coordinates": [116.0616441, 40.4306931]}, "properties": {"name": "长城", "category": "历史遗址", "district": "延庆区", "osmId": "way/1253854520"}}, {"type": "Feature", "geometry": {"type": "Point", "coordinates": [116.0637253, 40.432077]}, "properties": {"name": "长城", "category": "历史遗址", "district": "延庆区", "osmId": "way/1253854521"}}, {"type": "Feature", "geometry": {"type": "Point", "coordinates": [116.0809344, 40.4432212]}, "properties": {"name": "长城", "category": "历史遗址", "district": "延庆区", "osmId": "way/1253854522"}}, {"type": "Feature", "geometry": {"type": "Point", "coordinates": [116.0887373, 40.4480812]}, "properties": {"name": "长城", "category": "历史遗址", "district": "延庆区", "osmId": "way/1253854523"}}, {"type": "Feature", "geometry": {"type": "Point", "coordinates": [116.091031, 40.4475466]}, "properties": {"name": "长城", "category": "历史遗址", "district": "延庆区", "osmId": "way/1253854524"}}, {"type": "Feature", "geometry": {"type": "Point", "coordinates": [116.0839727, 40.4449831]}, "properties": {"name": "长城", "category": "历史遗址", "district": "延庆区", "osmId": "way/1253854526"}}, {"type": "Feature", "geometry": {"type": "Point", "coordinates": [116.0881754, 40.4485553]}, "properties": {"name": "长城", "category": "历史遗址", "district": "延庆区", "osmId": "way/1253854527"}}, {"type": "Feature", "geometry": {"type": "Point", "coordinates": [116.0694731, 40.4304636]}, "properties": {"name": "长城", "category": "历史遗址", "district": "延庆区", "osmId": "way/1253854530"}}, {"type": "Feature", "geometry": {"type": "Point", "coordinates": [116.056185, 40.4133556]}, "properties": {"name": "长城", "category": "历史遗址", "district": "延庆区", "osmId": "way/1253854531"}}, {"type": "Feature", "geometry": {"type": "Point", "coordinates": [116.0513936, 40.4076118]}, "properties": {"name": "长城", "category": "历史遗址", "district": "延庆区", "osmId": "way/1253854532"}}, {"type": "Feature", "geometry": {"type": "Point", "coordinates": [115.9973102, 40.3881028]}, "properties": {"name": "长城", "category": "历史遗址", "district": "延庆区", "osmId": "way/1254101911"}}, {"type": "Feature", "geometry": {"type": "Point", "coordinates": [116.060263, 40.4180379]}, "properties": {"name": "长城", "category": "历史遗址", "district": "延庆区", "osmId": "way/1268401465"}}, {"type": "Feature", "geometry": {"type": "Point", "coordinates": [116.0240661, 40.3438655]}, "properties": {"name": "长城", "category": "历史遗址", "district": "延庆区", "osmId": "way/1274936861"}}, {"type": "Feature", "geometry": {"type": "Point", "coordinates": [116.0419593, 40.3352834]}, "properties": {"name": "长城", "category": "历史遗址", "district": "延庆区", "osmId": "way/1274936891"}}, {"type": "Feature", "geometry": {"type": "Point", "coordinates": [116.1067645, 40.4280492]}, "properties": {"name": "长城", "category": "历史遗址", "district": "延庆区", "osmId": "way/1337063411"}}, {"type": "Feature", "geometry": {"type": "Point", "coordinates": [116.0575171, 40.3516398]}, "properties": {"name": "长城", "category": "历史遗址", "district": "延庆区", "osmId": "way/1339445672"}}, {"type": "Feature", "geometry": {"type": "Point", "coordinates": [116.0538949, 40.3549227]}, "properties": {"name": "长城", "category": "历史遗址", "district": "延庆区", "osmId": "way/1339445673"}}, {"type": "Feature", "geometry": {"type": "Point", "coordinates": [116.0508866, 40.3593728]}, "properties": {"name": "长城", "category": "历史遗址", "district": "延庆区", "osmId": "way/1339445674"}}, {"type": "Feature", "geometry": {"type": "Point", "coordinates": [116.0408003, 40.3632168]}, "properties": {"name": "长城", "category": "历史遗址", "district": "延庆区", "osmId": "way/1339445675"}}, {"type": "Feature", "geometry": {"type": "Point", "coordinates": [116.0330723, 40.3675817]}, "properties": {"name": "长城", "category": "历史遗址", "district": "延庆区", "osmId": "way/1339445676"}}, {"type": "Feature", "geometry": {"type": "Point", "coordinates": [116.0285752, 40.3687538]}, "properties": {"name": "长城", "category": "历史遗址", "district": "延庆区", "osmId": "way/1339445678"}}, {"type": "Feature", "geometry": {"type": "Point", "coordinates": [116.0222746, 40.3696054]}, "properties": {"name": "长城", "category": "历史遗址", "district": "延庆区", "osmId": "way/1339445679"}}, {"type": "Feature", "geometry": {"type": "Point", "coordinates": [116.0254353, 40.379253]}, "properties": {"name": "长城", "category": "历史遗址", "district": "延庆区", "osmId": "way/1339445680"}}, {"type": "Feature", "geometry": {"type": "Point", "coordinates": [116.0399819, 40.3858507]}, "properties": {"name": "长城", "category": "历史遗址", "district": "延庆区", "osmId": "way/1339445681"}}, {"type": "Feature", "geometry": {"type": "Point", "coordinates": [116.0470552, 40.3905683]}, "properties": {"name": "长城", "category": "历史遗址", "district": "延庆区", "osmId": "way/1339445684"}}, {"type": "Feature", "geometry": {"type": "Point", "coordinates": [116.0821628, 40.4290056]}, "properties": {"name": "长城", "category": "历史遗址", "district": "延庆区", "osmId": "way/1339445685"}}, {"type": "Feature", "geometry": {"type": "Point", "coordinates": [116.0730062, 40.4387467]}, "properties": {"name": "长城", "category": "历史遗址", "district": "延庆区", "osmId": "way/1339445687"}}, {"type": "Feature", "geometry": {"type": "Point", "coordinates": [116.0773852, 40.4311772]}, "properties": {"name": "长城", "category": "历史遗址", "district": "延庆区", "osmId": "way/1339445688"}}, {"type": "Feature", "geometry": {"type": "Point", "coordinates": [116.1013382, 40.4262509]}, "properties": {"name": "长城", "category": "历史遗址", "district": "延庆区", "osmId": "way/1339445689"}}, {"type": "Feature", "geometry": {"type": "Point", "coordinates": [116.0733065, 40.4384301]}, "properties": {"name": "长城", "category": "历史遗址", "district": "延庆区", "osmId": "way/1340589697"}}, {"type": "Feature", "geometry": {"type": "Point", "coordinates": [116.0756909, 40.4326485]}, "properties": {"name": "长城", "category": "历史遗址", "district": "延庆区", "osmId": "way/1340589701"}}, {"type": "Feature", "geometry": {"type": "Point", "coordinates": [116.0636061, 40.4219288]}, "properties": {"name": "长城", "category": "历史遗址", "district": "延庆区", "osmId": "way/1340589703"}}, {"type": "Feature", "geometry": {"type": "Point", "coordinates": [116.1177695, 40.460882]}, "properties": {"name": "长城", "category": "历史遗址", "district": "延庆区", "osmId": "way/1341210243"}}, {"type": "Feature", "geometry": {"type": "Point", "coordinates": [116.1532754, 40.4594759]}, "properties": {"name": "长城", "category": "历史遗址", "district": "延庆区", "osmId": "way/1341210244"}}, {"type": "Feature", "geometry": {"type": "Point", "coordinates": [116.1626469, 40.4727155]}, "properties": {"name": "长城", "category": "历史遗址", "district": "延庆区", "osmId": "way/1341210245"}}, {"type": "Feature", "geometry": {"type": "Point", "coordinates": [116.1647873, 40.4735145]}, "properties": {"name": "长城", "category": "历史遗址", "district": "延庆区", "osmId": "way/1341210246"}}, {"type": "Feature", "geometry": {"type": "Point", "coordinates": [116.1678068, 40.4742752]}, "properties": {"name": "长城", "category": "历史遗址", "district": "延庆区", "osmId": "way/1341210247"}}, {"type": "Feature", "geometry": {"type": "Point", "coordinates": [116.1760097, 40.4778905]}, "properties": {"name": "长城", "category": "历史遗址", "district": "延庆区", "osmId": "way/1341210248"}}, {"type": "Feature", "geometry": {"type": "Point", "coordinates": [116.1775957, 40.4786228]}, "properties": {"name": "长城", "category": "历史遗址", "district": "延庆区", "osmId": "way/1341210249"}}, {"type": "Feature", "geometry": {"type": "Point", "coordinates": [116.1790532, 40.4795099]}, "properties": {"name": "长城", "category": "历史遗址", "district": "延庆区", "osmId": "way/1341210250"}}, {"type": "Feature", "geometry": {"type": "Point", "coordinates": [116.1986908, 40.4851946]}, "properties": {"name": "长城", "category": "历史遗址", "district": "延庆区", "osmId": "way/1341210251"}}, {"type": "Feature", "geometry": {"type": "Point", "coordinates": [116.2018273, 40.4854271]}, "properties": {"name": "长城", "category": "历史遗址", "district": "延庆区", "osmId": "way/1341210252"}}, {"type": "Feature", "geometry": {"type": "Point", "coordinates": [116.227114, 40.4914746]}, "properties": {"name": "长城", "category": "历史遗址", "district": "延庆区", "osmId": "way/1341210253"}}, {"type": "Feature", "geometry": {"type": "Point", "coordinates": [116.225884, 40.4907238]}, "properties": {"name": "长城", "category": "历史遗址", "district": "延庆区", "osmId": "way/1341210254"}}, {"type": "Feature", "geometry": {"type": "Point", "coordinates": [116.2414701, 40.4954616]}, "properties": {"name": "长城", "category": "历史遗址", "district": "延庆区", "osmId": "way/1341210256"}}, {"type": "Feature", "geometry": {"type": "Point", "coordinates": [116.2257958, 40.4715992]}, "properties": {"name": "长城", "category": "历史遗址", "district": "延庆区", "osmId": "way/1341210260"}}, {"type": "Feature", "geometry": {"type": "Point", "coordinates": [116.2172377, 40.4762127]}, "properties": {"name": "长城", "category": "历史遗址", "district": "延庆区", "osmId": "way/1341210261"}}, {"type": "Feature", "geometry": {"type": "Point", "coordinates": [116.1408935, 40.4641649]}, "properties": {"name": "长城", "category": "历史遗址", "district": "延庆区", "osmId": "way/1381114614"}}, {"type": "Feature", "geometry": {"type": "Point", "coordinates": [116.1379747, 40.4634563]}, "properties": {"name": "长城", "category": "历史遗址", "district": "延庆区", "osmId": "way/1381114616"}}, {"type": "Feature", "geometry": {"type": "Point", "coordinates": [116.2085341, 40.4858696]}, "properties": {"name": "长城", "category": "历史遗址", "district": "延庆区", "osmId": "way/1389988500"}}, {"type": "Feature", "geometry": {"type": "Point", "coordinates": [116.2121521, 40.4856508]}, "properties": {"name": "长城", "category": "历史遗址", "district": "延庆区", "osmId": "way/1389988501"}}, {"type": "Feature", "geometry": {"type": "Point", "coordinates": [116.219218, 40.4750628]}, "properties": {"name": "长城", "category": "历史遗址", "district": "延庆区", "osmId": "way/1389988525"}}, {"type": "Feature", "geometry": {"type": "Point", "coordinates": [116.2240298, 40.4896797]}, "properties": {"name": "长城", "category": "历史遗址", "district": "延庆区", "osmId": "way/1389988552"}}, {"type": "Feature", "geometry": {"type": "Point", "coordinates": [116.2297277, 40.4915144]}, "properties": {"name": "长城", "category": "历史遗址", "district": "延庆区", "osmId": "way/1390879019"}}, {"type": "Feature", "geometry": {"type": "Point", "coordinates": [116.5381349, 40.4541352]}, "properties": {"name": "东一楼", "category": "历史遗址", "district": "怀柔区", "osmId": "node/4793238731"}}, {"type": "Feature", "geometry": {"type": "Point", "coordinates": [116.6757248, 40.4071186]}, "properties": {"name": "中国科学院大学 石刻", "category": "历史遗址", "district": "怀柔区", "osmId": "node/9042594608"}}, {"type": "Feature", "geometry": {"type": "Point", "coordinates": [116.6724475, 40.4059171]}, "properties": {"name": "实事求是", "category": "历史遗址", "district": "怀柔区", "osmId": "node/9107658358"}}, {"type": "Feature", "geometry": {"type": "Point", "coordinates": [116.5681761, 40.4290716]}, "properties": {"name": "幕字一号 大角楼", "category": "历史遗址", "district": "怀柔区", "osmId": "way/543906966"}}, {"type": "Feature", "geometry": {"type": "Point", "coordinates": [116.5638109, 40.4347918]}, "properties": {"name": "慕田峪长城", "category": "历史遗址", "district": "怀柔区", "osmId": "way/85322148"}}, {"type": "Feature", "geometry": {"type": "Point", "coordinates": [116.5657682, 40.4301856]}, "properties": {"name": "正关台", "category": "历史遗址", "district": "怀柔区", "osmId": "way/539306232"}}, {"type": "Feature", "geometry": {"type": "Point", "coordinates": [116.5360503, 40.4545111]}, "properties": {"name": "正北楼", "category": "历史遗址", "district": "怀柔区", "osmId": "node/1038653704"}}, {"type": "Feature", "geometry": {"type": "Point", "coordinates": [116.6776922, 40.3990222]}, "properties": {"name": "江泽民主席题字碑", "category": "历史遗址", "district": "怀柔区", "osmId": "node/5092221494"}}, {"type": "Feature", "geometry": {"type": "Point", "coordinates": [116.6696268, 40.4147339]}, "properties": {"name": "爆炸力学实验场遗址", "category": "历史遗址", "district": "怀柔区", "osmId": "node/9129942271"}}, {"type": "Feature", "geometry": {"type": "Point", "coordinates": [116.6672902, 40.4099125]}, "properties": {"name": "空气中爆炸激波实验场遗址", "category": "历史遗址", "district": "怀柔区", "osmId": "node/9055770490"}}, {"type": "Feature", "geometry": {"type": "Point", "coordinates": [116.6674098, 40.4103088]}, "properties": {"name": "空气中爆炸激波实验场遗址纪念碑", "category": "历史遗址", "district": "怀柔区", "osmId": "node/9055770489"}}, {"type": "Feature", "geometry": {"type": "Point", "coordinates": [116.5303337, 40.4555113]}, "properties": {"name": "箭扣东段长城", "category": "历史遗址", "district": "怀柔区", "osmId": "way/184635505"}}, {"type": "Feature", "geometry": {"type": "Point", "coordinates": [116.6718018, 40.4118259]}, "properties": {"name": "老防空洞", "category": "历史遗址", "district": "怀柔区", "osmId": "node/9055769572"}}, {"type": "Feature", "geometry": {"type": "Point", "coordinates": [116.6728292, 40.4079294]}, "properties": {"name": "融合", "category": "历史遗址", "district": "怀柔区", "osmId": "node/9042594382"}}, {"type": "Feature", "geometry": {"type": "Point", "coordinates": [116.5674231, 40.42594]}, "properties": {"name": "长城", "category": "历史遗址", "district": "怀柔区", "osmId": "way/44060447"}}, {"type": "Feature", "geometry": {"type": "Point", "coordinates": [116.5788414, 40.4388437]}, "properties": {"name": "长城", "category": "历史遗址", "district": "怀柔区", "osmId": "way/44060502"}}, {"type": "Feature", "geometry": {"type": "Point", "coordinates": [116.5839804, 40.440343]}, "properties": {"name": "长城", "category": "历史遗址", "district": "怀柔区", "osmId": "way/44060504"}}, {"type": "Feature", "geometry": {"type": "Point", "coordinates": [116.5918947, 40.4408491]}, "properties": {"name": "长城", "category": "历史遗址", "district": "怀柔区", "osmId": "way/44060517"}}, {"type": "Feature", "geometry": {"type": "Point", "coordinates": [116.6022531, 40.4290747]}, "properties": {"name": "长城", "category": "历史遗址", "district": "怀柔区", "osmId": "way/44060560"}}, {"type": "Feature", "geometry": {"type": "Point", "coordinates": [116.6145657, 40.4244394]}, "properties": {"name": "长城", "category": "历史遗址", "district": "怀柔区", "osmId": "way/44060650"}}, {"type": "Feature", "geometry": {"type": "Point", "coordinates": [116.6260605, 40.4230599]}, "properties": {"name": "长城", "category": "历史遗址", "district": "怀柔区", "osmId": "way/44060666"}}, {"type": "Feature", "geometry": {"type": "Point", "coordinates": [116.6310598, 40.4208368]}, "properties": {"name": "长城", "category": "历史遗址", "district": "怀柔区", "osmId": "way/44060688"}}, {"type": "Feature", "geometry": {"type": "Point", "coordinates": [116.6668911, 40.4446015]}, "properties": {"name": "长城", "category": "历史遗址", "district": "怀柔区", "osmId": "way/44060875"}}, {"type": "Feature", "geometry": {"type": "Point", "coordinates": [116.6666718, 40.4527178]}, "properties": {"name": "长城", "category": "历史遗址", "district": "怀柔区", "osmId": "way/44060961"}}, {"type": "Feature", "geometry": {"type": "Point", "coordinates": [116.6875748, 40.4554032]}, "properties": {"name": "长城", "category": "历史遗址", "district": "怀柔区", "osmId": "way/44061015"}}, {"type": "Feature", "geometry": {"type": "Point", "coordinates": [116.6887569, 40.4618258]}, "properties": {"name": "长城", "category": "历史遗址", "district": "怀柔区", "osmId": "way/44061028"}}, {"type": "Feature", "geometry": {"type": "Point", "coordinates": [116.6647243, 40.4396006]}, "properties": {"name": "长城", "category": "历史遗址", "district": "怀柔区", "osmId": "way/44061082"}}, {"type": "Feature", "geometry": {"type": "Point", "coordinates": [116.6496788, 40.4386844]}, "properties": {"name": "长城", "category": "历史遗址", "district": "怀柔区", "osmId": "way/44061090"}}, {"type": "Feature", "geometry": {"type": "Point", "coordinates": [116.5623387, 40.4366917]}, "properties": {"name": "长城", "category": "历史遗址", "district": "怀柔区", "osmId": "way/80502613"}}, {"type": "Feature", "geometry": {"type": "Point", "coordinates": [116.4236995, 40.4358125]}, "properties": {"name": "长城", "category": "历史遗址", "district": "怀柔区", "osmId": "way/84670782"}}, {"type": "Feature", "geometry": {"type": "Point", "coordinates": [116.5543391, 40.4455508]}, "properties": {"name": "长城", "category": "历史遗址", "district": "怀柔区", "osmId": "way/85322145"}}, {"type": "Feature", "geometry": {"type": "Point", "coordinates": [116.5464404, 40.4524283]}, "properties": {"name": "长城", "category": "历史遗址", "district": "怀柔区", "osmId": "way/85322150"}}, {"type": "Feature", "geometry": {"type": "Point", "coordinates": [116.5732638, 40.4333782]}, "properties": {"name": "长城", "category": "历史遗址", "district": "怀柔区", "osmId": "way/89612497"}}, {"type": "Feature", "geometry": {"type": "Point", "coordinates": [116.5403066, 40.4536472]}, "properties": {"name": "长城", "category": "历史遗址", "district": "怀柔区", "osmId": "way/89612499"}}, {"type": "Feature", "geometry": {"type": "Point", "coordinates": [116.4479352, 40.4606854]}, "properties": {"name": "长城", "category": "历史遗址", "district": "怀柔区", "osmId": "way/89632228"}}, {"type": "Feature", "geometry": {"type": "Point", "coordinates": [116.4755335, 40.4580993]}, "properties": {"name": "长城", "category": "历史遗址", "district": "怀柔区", "osmId": "way/89632280"}}, {"type": "Feature", "geometry": {"type": "Point", "coordinates": [116.4061413, 40.4539045]}, "properties": {"name": "长城", "category": "历史遗址", "district": "怀柔区", "osmId": "way/89632638"}}, {"type": "Feature", "geometry": {"type": "Point", "coordinates": [116.411322, 40.4608117]}, "properties": {"name": "长城", "category": "历史遗址", "district": "怀柔区", "osmId": "way/89752906"}}, {"type": "Feature", "geometry": {"type": "Point", "coordinates": [116.4186569, 40.4688633]}, "properties": {"name": "长城", "category": "历史遗址", "district": "怀柔区", "osmId": "way/89752908"}}, {"type": "Feature", "geometry": {"type": "Point", "coordinates": [116.4299348, 40.46156]}, "properties": {"name": "长城", "category": "历史遗址", "district": "怀柔区", "osmId": "way/89753949"}}, {"type": "Feature", "geometry": {"type": "Point", "coordinates": [116.6328143, 40.4248518]}, "properties": {"name": "长城", "category": "历史遗址", "district": "怀柔区", "osmId": "way/90741921"}}, {"type": "Feature", "geometry": {"type": "Point", "coordinates": [116.5972079, 40.4355394]}, "properties": {"name": "长城", "category": "历史遗址", "district": "怀柔区", "osmId": "way/90741925"}}, {"type": "Feature", "geometry": {"type": "Point", "coordinates": [116.6254913, 40.4214897]}, "properties": {"name": "长城", "category": "历史遗址", "district": "怀柔区", "osmId": "way/90741936"}}, {"type": "Feature", "geometry": {"type": "Point", "coordinates": [116.4371929, 40.4791266]}, "properties": {"name": "长城", "category": "历史遗址", "district": "怀柔区", "osmId": "way/92158362"}}, {"type": "Feature", "geometry": {"type": "Point", "coordinates": [116.4102154, 40.4563939]}, "properties": {"name": "长城", "category": "历史遗址", "district": "怀柔区", "osmId": "way/183089015"}}, {"type": "Feature", "geometry": {"type": "Point", "coordinates": [116.415407, 40.4673128]}, "properties": {"name": "长城", "category": "历史遗址", "district": "怀柔区", "osmId": "way/183089018"}}, {"type": "Feature", "geometry": {"type": "Point", "coordinates": [116.4126972, 40.4656153]}, "properties": {"name": "长城", "category": "历史遗址", "district": "怀柔区", "osmId": "way/183089022"}}, {"type": "Feature", "geometry": {"type": "Point", "coordinates": [116.4534613, 40.4594905]}, "properties": {"name": "长城", "category": "历史遗址", "district": "怀柔区", "osmId": "way/183372106"}}, {"type": "Feature", "geometry": {"type": "Point", "coordinates": [116.4568852, 40.4555045]}, "properties": {"name": "长城", "category": "历史遗址", "district": "怀柔区", "osmId": "way/183372107"}}, {"type": "Feature", "geometry": {"type": "Point", "coordinates": [116.454561, 40.4572762]}, "properties": {"name": "长城", "category": "历史遗址", "district": "怀柔区", "osmId": "way/183372108"}}, {"type": "Feature", "geometry": {"type": "Point", "coordinates": [116.4528573, 40.460318]}, "properties": {"name": "长城", "category": "历史遗址", "district": "怀柔区", "osmId": "way/183372109"}}, {"type": "Feature", "geometry": {"type": "Point", "coordinates": [116.423725, 40.435063]}, "properties": {"name": "长城", "category": "历史遗址", "district": "怀柔区", "osmId": "way/183657425"}}, {"type": "Feature", "geometry": {"type": "Point", "coordinates": [116.423725, 40.4351704]}, "properties": {"name": "长城", "category": "历史遗址", "district": "怀柔区", "osmId": "way/183968574"}}, {"type": "Feature", "geometry": {"type": "Point", "coordinates": [116.3194778, 40.4252999]}, "properties": {"name": "长城", "category": "历史遗址", "district": "怀柔区", "osmId": "way/184079210"}}, {"type": "Feature", "geometry": {"type": "Point", "coordinates": [116.7036572, 40.4621339]}, "properties": {"name": "长城", "category": "历史遗址", "district": "怀柔区", "osmId": "way/184272861"}}, {"type": "Feature", "geometry": {"type": "Point", "coordinates": [116.3849416, 40.4781206]}, "properties": {"name": "长城", "category": "历史遗址", "district": "怀柔区", "osmId": "way/184487695"}}, {"type": "Feature", "geometry": {"type": "Point", "coordinates": [116.4154161, 40.4794774]}, "properties": {"name": "长城", "category": "历史遗址", "district": "怀柔区", "osmId": "way/184487731"}}, {"type": "Feature", "geometry": {"type": "Point", "coordinates": [116.3715094, 40.4767125]}, "properties": {"name": "长城", "category": "历史遗址", "district": "怀柔区", "osmId": "way/184487736"}}, {"type": "Feature", "geometry": {"type": "Point", "coordinates": [116.3715094, 40.4768238]}, "properties": {"name": "长城", "category": "历史遗址", "district": "怀柔区", "osmId": "way/184487739"}}, {"type": "Feature", "geometry": {"type": "Point", "coordinates": [116.366506, 40.497005]}, "properties": {"name": "长城", "category": "历史遗址", "district": "怀柔区", "osmId": "way/184487753"}}, {"type": "Feature", "geometry": {"type": "Point", "coordinates": [116.405429, 40.4803586]}, "properties": {"name": "长城", "category": "历史遗址", "district": "怀柔区", "osmId": "way/184487757"}}, {"type": "Feature", "geometry": {"type": "Point", "coordinates": [116.4096516, 40.4806696]}, "properties": {"name": "长城", "category": "历史遗址", "district": "怀柔区", "osmId": "way/184487765"}}, {"type": "Feature", "geometry": {"type": "Point", "coordinates": [116.4801772, 40.4510685]}, "properties": {"name": "长城", "category": "历史遗址", "district": "怀柔区", "osmId": "way/184548372"}}, {"type": "Feature", "geometry": {"type": "Point", "coordinates": [116.4765239, 40.4543758]}, "properties": {"name": "长城", "category": "历史遗址", "district": "怀柔区", "osmId": "way/184548373"}}, {"type": "Feature", "geometry": {"type": "Point", "coordinates": [116.5891856, 40.4433301]}, "properties": {"name": "长城", "category": "历史遗址", "district": "怀柔区", "osmId": "way/184839845"}}, {"type": "Feature", "geometry": {"type": "Point", "coordinates": [116.5942302, 40.4401307]}, "properties": {"name": "长城", "category": "历史遗址", "district": "怀柔区", "osmId": "way/184839846"}}, {"type": "Feature", "geometry": {"type": "Point", "coordinates": [116.5886925, 40.4431698]}, "properties": {"name": "长城", "category": "历史遗址", "district": "怀柔区", "osmId": "way/184839847"}}, {"type": "Feature", "geometry": {"type": "Point", "coordinates": [116.5937265, 40.4415879]}, "properties": {"name": "长城", "category": "历史遗址", "district": "怀柔区", "osmId": "way/184839848"}}, {"type": "Feature", "geometry": {"type": "Point", "coordinates": [116.6649301, 40.4496645]}, "properties": {"name": "长城", "category": "历史遗址", "district": "怀柔区", "osmId": "way/185017400"}}, {"type": "Feature", "geometry": {"type": "Point", "coordinates": [116.6641786, 40.4502648]}, "properties": {"name": "长城", "category": "历史遗址", "district": "怀柔区", "osmId": "way/185017401"}}, {"type": "Feature", "geometry": {"type": "Point", "coordinates": [116.6354592, 40.4266345]}, "properties": {"name": "长城", "category": "历史遗址", "district": "怀柔区", "osmId": "way/185017402"}}, {"type": "Feature", "geometry": {"type": "Point", "coordinates": [116.6691122, 40.4523083]}, "properties": {"name": "长城", "category": "历史遗址", "district": "怀柔区", "osmId": "way/185017404"}}, {"type": "Feature", "geometry": {"type": "Point", "coordinates": [116.6718235, 40.4518693]}, "properties": {"name": "长城", "category": "历史遗址", "district": "怀柔区", "osmId": "way/185017405"}}, {"type": "Feature", "geometry": {"type": "Point", "coordinates": [116.6646511, 40.4519733]}, "properties": {"name": "长城", "category": "历史遗址", "district": "怀柔区", "osmId": "way/185017406"}}, {"type": "Feature", "geometry": {"type": "Point", "coordinates": [116.6731396, 40.4518437]}, "properties": {"name": "长城", "category": "历史遗址", "district": "怀柔区", "osmId": "way/185017407"}}, {"type": "Feature", "geometry": {"type": "Point", "coordinates": [116.6639057, 40.4500687]}, "properties": {"name": "长城", "category": "历史遗址", "district": "怀柔区", "osmId": "way/185017408"}}, {"type": "Feature", "geometry": {"type": "Point", "coordinates": [116.6652485, 40.4470088]}, "properties": {"name": "长城", "category": "历史遗址", "district": "怀柔区", "osmId": "way/185017409"}}, {"type": "Feature", "geometry": {"type": "Point", "coordinates": [116.6775168, 40.4507856]}, "properties": {"name": "长城", "category": "历史遗址", "district": "怀柔区", "osmId": "way/185017410"}}, {"type": "Feature", "geometry": {"type": "Point", "coordinates": [116.6876906, 40.4584727]}, "properties": {"name": "长城", "category": "历史遗址", "district": "怀柔区", "osmId": "way/185180719"}}, {"type": "Feature", "geometry": {"type": "Point", "coordinates": [116.6852488, 40.4511144]}, "properties": {"name": "长城", "category": "历史遗址", "district": "怀柔区", "osmId": "way/187290680"}}, {"type": "Feature", "geometry": {"type": "Point", "coordinates": [116.6906326, 40.4500725]}, "properties": {"name": "长城", "category": "历史遗址", "district": "怀柔区", "osmId": "way/187290681"}}, {"type": "Feature", "geometry": {"type": "Point", "coordinates": [116.3710252, 40.4843996]}, "properties": {"name": "长城", "category": "历史遗址", "district": "怀柔区", "osmId": "way/1341210257"}}, {"type": "Feature", "geometry": {"type": "Point", "coordinates": [116.3678103, 40.4893017]}, "properties": {"name": "长城", "category": "历史遗址", "district": "怀柔区", "osmId": "way/1341210258"}}, {"type": "Feature", "geometry": {"type": "Point", "coordinates": [116.6656399, 40.4095795]}, "properties": {"name": "长征七号助推器静力试验件", "category": "历史遗址", "district": "怀柔区", "osmId": "way/977104866"}}, {"type": "Feature", "geometry": {"type": "Point", "coordinates": [115.8722996, 39.5805478]}, "properties": {"name": "唐幽州卢龙节度使刘济墓", "category": "历史遗址", "district": "房山区", "osmId": "way/1153940990"}}, {"type": "Feature", "geometry": {"type": "Point", "coordinates": [116.106118, 39.7525373]}, "properties": {"name": "安庄墓地", "category": "历史遗址", "district": "房山区", "osmId": "way/1483531478"}}, {"type": "Feature", "geometry": {"type": "Point", "coordinates": [115.9866498, 39.8026779]}, "properties": {"name": "庄亲王园寝", "category": "历史遗址", "district": "房山区", "osmId": "way/1153940989"}}, {"type": "Feature", "geometry": {"type": "Point", "coordinates": [115.9869422, 39.8004452]}, "properties": {"name": "庄亲王石牌坊", "category": "历史遗址", "district": "房山区", "osmId": "way/1153940988"}}, {"type": "Feature", "geometry": {"type": "Point", "coordinates": [116.2011184, 39.7474248]}, "properties": {"name": "廣陽城墓地", "category": "历史遗址", "district": "房山区", "osmId": "way/1366682810"}}, {"type": "Feature", "geometry": {"type": "Point", "coordinates": [115.9740652, 39.7857494]}, "properties": {"name": "房山高线遗址·万佛堂站", "category": "历史遗址", "district": "房山区", "osmId": "way/1084209311"}}, {"type": "Feature", "geometry": {"type": "Point", "coordinates": [115.9753965, 39.7855677]}, "properties": {"name": "房山高线遗址·基台", "category": "历史遗址", "district": "房山区", "osmId": "node/9939307160"}}, {"type": "Feature", "geometry": {"type": "Point", "coordinates": [115.980538, 39.7843362]}, "properties": {"name": "房山高线遗址·基台", "category": "历史遗址", "district": "房山区", "osmId": "node/9939307161"}}, {"type": "Feature", "geometry": {"type": "Point", "coordinates": [115.9744871, 39.7857988]}, "properties": {"name": "房山高线遗址·大基台", "category": "历史遗址", "district": "房山区", "osmId": "node/9939307159"}}, {"type": "Feature", "geometry": {"type": "Point", "coordinates": [115.9826892, 39.7838233]}, "properties": {"name": "房山高线遗址·大基台", "category": "历史遗址", "district": "房山区", "osmId": "node/9939307162"}}, {"type": "Feature", "geometry": {"type": "Point", "coordinates": [115.9770347, 39.7851922]}, "properties": {"name": "房山高线遗址·开凿山口", "category": "历史遗址", "district": "房山区", "osmId": "way/1084651267"}}, {"type": "Feature", "geometry": {"type": "Point", "coordinates": [115.9784547, 39.7848677]}, "properties": {"name": "房山高线遗址·开凿山口", "category": "历史遗址", "district": "房山区", "osmId": "way/1084651268"}}, {"type": "Feature", "geometry": {"type": "Point", "coordinates": [116.1920251, 40.2685778]}, "properties": {"name": "思陵", "category": "历史遗址", "district": "昌平区", "osmId": "way/342231313"}}, {"type": "Feature", "geometry": {"type": "Point", "coordinates": [116.1406888, 40.25667]}, "properties": {"name": "生生不息", "category": "历史遗址", "district": "昌平区", "osmId": "node/9979183591"}}, {"type": "Feature", "geometry": {"type": "Point", "coordinates": [116.0642361, 40.2248771]}, "properties": {"name": "赵紫阳之墓", "category": "历史遗址", "district": "昌平区", "osmId": "node/11668633229"}}, {"type": "Feature", "geometry": {"type": "Point", "coordinates": [115.949008, 40.2146204]}, "properties": {"name": "长城", "category": "历史遗址", "district": "昌平区", "osmId": "way/185370011"}}, {"type": "Feature", "geometry": {"type": "Point", "coordinates": [115.9332415, 40.2517488]}, "properties": {"name": "长城", "category": "历史遗址", "district": "昌平区", "osmId": "way/185370025"}}, {"type": "Feature", "geometry": {"type": "Point", "coordinates": [115.9407328, 40.1823615]}, "properties": {"name": "长城", "category": "历史遗址", "district": "昌平区", "osmId": "way/185370029"}}, {"type": "Feature", "geometry": {"type": "Point", "coordinates": [115.9372767, 40.2448895]}, "properties": {"name": "长城", "category": "历史遗址", "district": "昌平区", "osmId": "way/185370067"}}, {"type": "Feature", "geometry": {"type": "Point", "coordinates": [115.9418247, 40.194812]}, "properties": {"name": "长城", "category": "历史遗址", "district": "昌平区", "osmId": "way/185370078"}}, {"type": "Feature", "geometry": {"type": "Point", "coordinates": [115.9339459, 40.16397]}, "properties": {"name": "长城", "category": "历史遗址", "district": "昌平区", "osmId": "way/185370079"}}, {"type": "Feature", "geometry": {"type": "Point", "coordinates": [115.8878457, 40.1412532]}, "properties": {"name": "长城", "category": "历史遗址", "district": "昌平区", "osmId": "way/1204930286"}}, {"type": "Feature", "geometry": {"type": "Point", "coordinates": [115.8895739, 40.1455598]}, "properties": {"name": "长城", "category": "历史遗址", "district": "昌平区", "osmId": "way/1225575111"}}, {"type": "Feature", "geometry": {"type": "Point", "coordinates": [115.9448596, 40.1988487]}, "properties": {"name": "长城", "category": "历史遗址", "district": "昌平区", "osmId": "way/1226653293"}}, {"type": "Feature", "geometry": {"type": "Point", "coordinates": [116.1983668, 40.357599]}, "properties": {"name": "长城", "category": "历史遗址", "district": "昌平区", "osmId": "way/1427468696"}}, {"type": "Feature", "geometry": {"type": "Point", "coordinates": [116.2246583, 40.36537]}, "properties": {"name": "长城", "category": "历史遗址", "district": "昌平区", "osmId": "way/1430575052"}}, {"type": "Feature", "geometry": {"type": "Point", "coordinates": [116.2237827, 40.3620575]}, "properties": {"name": "长城", "category": "历史遗址", "district": "昌平区", "osmId": "way/1430575054"}}, {"type": "Feature", "geometry": {"type": "Point", "coordinates": [116.2238181, 40.3619166]}, "properties": {"name": "长城", "category": "历史遗址", "district": "昌平区", "osmId": "way/1430575055"}}, {"type": "Feature", "geometry": {"type": "Point", "coordinates": [116.2249168, 40.3720432]}, "properties": {"name": "长城", "category": "历史遗址", "district": "昌平区", "osmId": "way/1430575061"}}, {"type": "Feature", "geometry": {"type": "Point", "coordinates": [116.2371426, 40.3641628]}, "properties": {"name": "长城", "category": "历史遗址", "district": "昌平区", "osmId": "way/1430575062"}}, {"type": "Feature", "geometry": {"type": "Point", "coordinates": [116.2329266, 40.3450939]}, "properties": {"name": "长城", "category": "历史遗址", "district": "昌平区", "osmId": "way/1431940791"}}, {"type": "Feature", "geometry": {"type": "Point", "coordinates": [116.2007154, 40.3584136]}, "properties": {"name": "长城", "category": "历史遗址", "district": "昌平区", "osmId": "way/1431940798"}}, {"type": "Feature", "geometry": {"type": "Point", "coordinates": [116.2016441, 40.3579302]}, "properties": {"name": "长城", "category": "历史遗址", "district": "昌平区", "osmId": "way/1431940799"}}, {"type": "Feature", "geometry": {"type": "Point", "coordinates": [116.2436565, 40.3659168]}, "properties": {"name": "长城", "category": "历史遗址", "district": "昌平区", "osmId": "way/1431940800"}}, {"type": "Feature", "geometry": {"type": "Point", "coordinates": [116.2451835, 40.3609724]}, "properties": {"name": "长城", "category": "历史遗址", "district": "昌平区", "osmId": "way/1431940801"}}, {"type": "Feature", "geometry": {"type": "Point", "coordinates": [116.2494573, 40.3557795]}, "properties": {"name": "长城", "category": "历史遗址", "district": "昌平区", "osmId": "way/1431940802"}}, {"type": "Feature", "geometry": {"type": "Point", "coordinates": [116.2405032, 40.3651426]}, "properties": {"name": "长城", "category": "历史遗址", "district": "昌平区", "osmId": "way/1431940805"}}, {"type": "Feature", "geometry": {"type": "Point", "coordinates": [116.2394207, 40.3646648]}, "properties": {"name": "长城", "category": "历史遗址", "district": "昌平区", "osmId": "way/1431940806"}}, {"type": "Feature", "geometry": {"type": "Point", "coordinates": [116.2386458, 40.3643778]}, "properties": {"name": "长城", "category": "历史遗址", "district": "昌平区", "osmId": "way/1431940807"}}, {"type": "Feature", "geometry": {"type": "Point", "coordinates": [116.2382864, 40.3642584]}, "properties": {"name": "长城", "category": "历史遗址", "district": "昌平区", "osmId": "way/1431940808"}}, {"type": "Feature", "geometry": {"type": "Point", "coordinates": [116.2449914, 40.3616143]}, "properties": {"name": "长城", "category": "历史遗址", "district": "昌平区", "osmId": "way/1431940809"}}, {"type": "Feature", "geometry": {"type": "Point", "coordinates": [116.2306948, 40.3486094]}, "properties": {"name": "长城", "category": "历史遗址", "district": "昌平区", "osmId": "way/1431940813"}}, {"type": "Feature", "geometry": {"type": "Point", "coordinates": [116.2303144, 40.3479394]}, "properties": {"name": "长城", "category": "历史遗址", "district": "昌平区", "osmId": "way/1431940814"}}, {"type": "Feature", "geometry": {"type": "Point", "coordinates": [116.2021367, 40.323088]}, "properties": {"name": "长城", "category": "历史遗址", "district": "昌平区", "osmId": "way/1431940815"}}, {"type": "Feature", "geometry": {"type": "Point", "coordinates": [116.2229616, 40.3614668]}, "properties": {"name": "长城", "category": "历史遗址", "district": "昌平区", "osmId": "way/1431940818"}}, {"type": "Feature", "geometry": {"type": "Point", "coordinates": [116.2025932, 40.3236092]}, "properties": {"name": "长城", "category": "历史遗址", "district": "昌平区", "osmId": "way/1431940819"}}, {"type": "Feature", "geometry": {"type": "Point", "coordinates": [116.2013819, 40.326244]}, "properties": {"name": "长城", "category": "历史遗址", "district": "昌平区", "osmId": "way/1431940820"}}, {"type": "Feature", "geometry": {"type": "Point", "coordinates": [116.1999587, 40.3260297]}, "properties": {"name": "长城", "category": "历史遗址", "district": "昌平区", "osmId": "way/1431940821"}}, {"type": "Feature", "geometry": {"type": "Point", "coordinates": [116.1965173, 40.3252873]}, "properties": {"name": "长城", "category": "历史遗址", "district": "昌平区", "osmId": "way/1431940822"}}, {"type": "Feature", "geometry": {"type": "Point", "coordinates": [116.2413012, 40.3568128]}, "properties": {"name": "长城", "category": "历史遗址", "district": "昌平区", "osmId": "way/1431940836"}}, {"type": "Feature", "geometry": {"type": "Point", "coordinates": [116.5510594, 39.9757351]}, "properties": {"name": "东风", "category": "历史遗址", "district": "朝阳区", "osmId": "node/5720935456"}}, {"type": "Feature", "geometry": {"type": "Point", "coordinates": [116.5284812, 39.9754605]}, "properties": {"name": "北岗子村", "category": "历史遗址", "district": "朝阳区", "osmId": "node/726592327"}}, {"type": "Feature", "geometry": {"type": "Point", "coordinates": [116.5007275, 39.870344]}, "properties": {"name": "官庄村", "category": "历史遗址", "district": "朝阳区", "osmId": "node/5851112504"}}, {"type": "Feature", "geometry": {"type": "Point", "coordinates": [116.4152502, 39.9685257]}, "properties": {"name": "毛主席雕像", "category": "历史遗址", "district": "朝阳区", "osmId": "node/6475712934"}}, {"type": "Feature", "geometry": {"type": "Point", "coordinates": [116.5416533, 39.977808]}, "properties": {"name": "西北门", "category": "历史遗址", "district": "朝阳区", "osmId": "node/5851112462"}}, {"type": "Feature", "geometry": {"type": "Point", "coordinates": [116.4352479, 39.9158439]}, "properties": {"name": "马骏烈士墓", "category": "历史遗址", "district": "朝阳区", "osmId": "node/13919125987"}}, {"type": "Feature", "geometry": {"type": "Point", "coordinates": [117.4732159, 40.6758614]}, "properties": {"name": "长城", "category": "历史遗址", "district": "未知", "osmId": "way/90068480"}}, {"type": "Feature", "geometry": {"type": "Point", "coordinates": [117.4687552, 40.6745019]}, "properties": {"name": "长城", "category": "历史遗址", "district": "未知", "osmId": "way/90068482"}}, {"type": "Feature", "geometry": {"type": "Point", "coordinates": [117.4816407, 40.6338255]}, "properties": {"name": "长城", "category": "历史遗址", "district": "未知", "osmId": "way/90075226"}}, {"type": "Feature", "geometry": {"type": "Point", "coordinates": [117.1777651, 40.6959011]}, "properties": {"name": "长城", "category": "历史遗址", "district": "未知", "osmId": "way/182588389"}}, {"type": "Feature", "geometry": {"type": "Point", "coordinates": [117.1783698, 40.6950517]}, "properties": {"name": "长城", "category": "历史遗址", "district": "未知", "osmId": "way/182588412"}}, {"type": "Feature", "geometry": {"type": "Point", "coordinates": [116.1693657, 40.7010166]}, "properties": {"name": "长城", "category": "历史遗址", "district": "未知", "osmId": "way/183795668"}}, {"type": "Feature", "geometry": {"type": "Point", "coordinates": [117.1794163, 40.694321]}, "properties": {"name": "长城", "category": "历史遗址", "district": "未知", "osmId": "way/188075136"}}, {"type": "Feature", "geometry": {"type": "Point", "coordinates": [117.3312504, 40.6667566]}, "properties": {"name": "长城", "category": "历史遗址", "district": "未知", "osmId": "way/194538811"}}, {"type": "Feature", "geometry": {"type": "Point", "coordinates": [117.2509747, 40.6789502]}, "properties": {"name": "长城", "category": "历史遗址", "district": "未知", "osmId": "way/688353398"}}, {"type": "Feature", "geometry": {"type": "Point", "coordinates": [117.2414323, 40.6769669]}, "properties": {"name": "长城", "category": "历史遗址", "district": "未知", "osmId": "way/688353400"}}, {"type": "Feature", "geometry": {"type": "Point", "coordinates": [117.1802974, 40.6944946]}, "properties": {"name": "长城", "category": "历史遗址", "district": "未知", "osmId": "way/880287320"}}, {"type": "Feature", "geometry": {"type": "Point", "coordinates": [115.9590477, 40.2655137]}, "properties": {"name": "长城", "category": "历史遗址", "district": "未知", "osmId": "way/1229593673"}}, {"type": "Feature", "geometry": {"type": "Point", "coordinates": [117.4755345, 40.6769968]}, "properties": {"name": "长城", "category": "历史遗址", "district": "未知", "osmId": "way/1433519702"}}, {"type": "Feature", "geometry": {"type": "Point", "coordinates": [116.3049201, 39.9913184]}, "properties": {"name": "“振兴中华”石碑", "category": "历史遗址", "district": "海淀区", "osmId": "node/9999846519"}}, {"type": "Feature", "geometry": {"type": "Point", "coordinates": [116.3029433, 39.9934244]}, "properties": {"name": "“挹翠”石刻", "category": "历史遗址", "district": "海淀区", "osmId": "node/9999846522"}}, {"type": "Feature", "geometry": {"type": "Point", "coordinates": [116.3036026, 39.9959694]}, "properties": {"name": "“断桥残雪“石坊楣", "category": "历史遗址", "district": "海淀区", "osmId": "node/9706378259"}}, {"type": "Feature", "geometry": {"type": "Point", "coordinates": [116.3009569, 39.995206]}, "properties": {"name": "“柳浪闻莺“石坊楣", "category": "历史遗址", "district": "海淀区", "osmId": "node/9706378258"}}, {"type": "Feature", "geometry": {"type": "Point", "coordinates": [116.3037793, 39.9936189]}, "properties": {"name": "“燕宫太液”石刻", "category": "历史遗址", "district": "海淀区", "osmId": "node/9999846521"}}, {"type": "Feature", "geometry": {"type": "Point", "coordinates": [116.3047457, 39.9692887]}, "properties": {"name": "一勺池", "category": "历史遗址", "district": "海淀区", "osmId": "node/5169323429"}}, {"type": "Feature", "geometry": {"type": "Point", "coordinates": [116.3174702, 40.0031323]}, "properties": {"name": "三院遗址", "category": "历史遗址", "district": "海淀区", "osmId": "node/7083353790"}}, {"type": "Feature", "geometry": {"type": "Point", "coordinates": [116.2984207, 39.9956664]}, "properties": {"name": "乾隆半月台诗碑", "category": "历史遗址", "district": "海淀区", "osmId": "node/9706378253"}}, {"type": "Feature", "geometry": {"type": "Point", "coordinates": [116.3039782, 39.9944889]}, "properties": {"name": "乾隆石屏风", "category": "历史遗址", "district": "海淀区", "osmId": "node/10060810625"}}, {"type": "Feature", "geometry": {"type": "Point", "coordinates": [116.3252385, 40.0021357]}, "properties": {"name": "五四广场", "category": "历史遗址", "district": "海淀区", "osmId": "node/7072425652"}}, {"type": "Feature", "geometry": {"type": "Point", "coordinates": [116.2739955, 39.9965112]}, "properties": {"name": "仁寿殿", "category": "历史遗址", "district": "海淀区", "osmId": "way/43977911"}}, {"type": "Feature", "geometry": {"type": "Point", "coordinates": [116.2081615, 39.9891403]}, "properties": {"name": "侏罗纪木化石", "category": "历史遗址", "district": "海淀区", "osmId": "node/8730201226"}}, {"type": "Feature", "geometry": {"type": "Point", "coordinates": [116.2431331, 40.1012395]}, "properties": {"name": "公主坟", "category": "历史遗址", "district": "海淀区", "osmId": "node/6402625997"}}, {"type": "Feature", "geometry": {"type": "Point", "coordinates": [116.3063255, 39.9695024]}, "properties": {"name": "凝", "category": "历史遗址", "district": "海淀区", "osmId": "node/5169323431"}}, {"type": "Feature", "geometry": {"type": "Point", "coordinates": [116.3064408, 39.9694593]}, "properties": {"name": "凝园", "category": "历史遗址", "district": "海淀区", "osmId": "node/5169323430"}}, {"type": "Feature", "geometry": {"type": "Point", "coordinates": [116.3266425, 39.9822531]}, "properties": {"name": "凝聚园", "category": "历史遗址", "district": "海淀区", "osmId": "node/9280849719"}}, {"type": "Feature", "geometry": {"type": "Point", "coordinates": [116.3020809, 39.9909158]}, "properties": {"name": "北京大学烈士纪念碑", "category": "历史遗址", "district": "海淀区", "osmId": "node/9137846355"}}, {"type": "Feature", "geometry": {"type": "Point", "coordinates": [116.3195956, 40.0041385]}, "properties": {"name": "北院旧址", "category": "历史遗址", "district": "海淀区", "osmId": "node/7988927195"}}, {"type": "Feature", "geometry": {"type": "Point", "coordinates": [116.3057848, 39.992643]}, "properties": {"name": "博雅塔", "category": "历史遗址", "district": "海淀区", "osmId": "way/240825562"}}, {"type": "Feature", "geometry": {"type": "Point", "coordinates": [116.3137327, 39.962386]}, "properties": {"name": "友誼廣場", "category": "历史遗址", "district": "海淀区", "osmId": "node/3687871727"}}, {"type": "Feature", "geometry": {"type": "Point", "coordinates": [116.1880286, 39.9852448]}, "properties": {"name": "双清别墅", "category": "历史遗址", "district": "海淀区", "osmId": "way/605472716"}}, {"type": "Feature", "geometry": {"type": "Point", "coordinates": [116.3369728, 40.0139152]}, "properties": {"name": "后八家", "category": "历史遗址", "district": "海淀区", "osmId": "node/611095490"}}, {"type": "Feature", "geometry": {"type": "Point", "coordinates": [116.3042962, 39.9926155]}, "properties": {"name": "埃德加·斯诺之墓", "category": "历史遗址", "district": "海淀区", "osmId": "node/8134204428"}}, {"type": "Feature", "geometry": {"type": "Point", "coordinates": [116.2986707, 39.9925523]}, "properties": {"name": "大水法石构件", "category": "历史遗址", "district": "海淀区", "osmId": "node/9706378260"}}, {"type": "Feature", "geometry": {"type": "Point", "coordinates": [116.3319917, 39.9678323]}, "properties": {"name": "大钟寺", "category": "历史遗址", "district": "海淀区", "osmId": "way/42411602"}}, {"type": "Feature", "geometry": {"type": "Point", "coordinates": [116.3127197, 39.9683063]}, "properties": {"name": "实事求是", "category": "历史遗址", "district": "海淀区", "osmId": "node/5032726958"}}, {"type": "Feature", "geometry": {"type": "Point", "coordinates": [116.2634184, 39.9984843]}, "properties": {"name": "宿云檐城关", "category": "历史遗址", "district": "海淀区", "osmId": "way/43978817"}}, {"type": "Feature", "geometry": {"type": "Point", "coordinates": [116.3091713, 39.9694428]}, "properties": {"name": "成仿吾", "category": "历史遗址", "district": "海淀区", "osmId": "node/5169356926"}}, {"type": "Feature", "geometry": {"type": "Point", "coordinates": [116.3017654, 39.9933445]}, "properties": {"name": "未名湖石", "category": "历史遗址", "district": "海淀区", "osmId": "node/10060807295"}}, {"type": "Feature", "geometry": {"type": "Point", "coordinates": [116.344563, 39.9819431]}, "properties": {"name": "杨为民雕像", "category": "历史遗址", "district": "海淀区", "osmId": "node/5334813741"}}, {"type": "Feature", "geometry": {"type": "Point", "coordinates": [116.3020325, 39.9929295]}, "properties": {"name": "植树碑", "category": "历史遗址", "district": "海淀区", "osmId": "node/10060807296"}}, {"type": "Feature", "geometry": {"type": "Point", "coordinates": [116.1870357, 39.9852415]}, "properties": {"name": "欢喜园", "category": "历史遗址", "district": "海淀区", "osmId": "way/605472718"}}, {"type": "Feature", "geometry": {"type": "Point", "coordinates": [116.3065027, 39.9327123]}, "properties": {"name": "毛主席塑像", "category": "历史遗址", "district": "海淀区", "osmId": "node/5843205946"}}, {"type": "Feature", "geometry": {"type": "Point", "coordinates": [116.3501053, 40.0003674]}, "properties": {"name": "毛泽东雕像", "category": "历史遗址", "district": "海淀区", "osmId": "node/1785705881"}}, {"type": "Feature", "geometry": {"type": "Point", "coordinates": [116.3064166, 40.0109999]}, "properties": {"name": "泽兰堂", "category": "历史遗址", "district": "海淀区", "osmId": "node/288643686"}}, {"type": "Feature", "geometry": {"type": "Point", "coordinates": [116.31909, 40.0004507]}, "properties": {"name": "清华世纪鼎", "category": "历史遗址", "district": "海淀区", "osmId": "node/8688639636"}}, {"type": "Feature", "geometry": {"type": "Point", "coordinates": [116.3191036, 40.0005851]}, "properties": {"name": "清华校训", "category": "历史遗址", "district": "海淀区", "osmId": "node/7988927198"}}, {"type": "Feature", "geometry": {"type": "Point", "coordinates": [116.3166488, 40.0025045]}, "properties": {"name": "清华英烈纪念碑", "category": "历史遗址", "district": "海淀区", "osmId": "node/7988878984"}}, {"type": "Feature", "geometry": {"type": "Point", "coordinates": [116.2636803, 39.9967365]}, "properties": {"name": "清晏舫", "category": "历史遗址", "district": "海淀区", "osmId": "way/727042890"}}, {"type": "Feature", "geometry": {"type": "Point", "coordinates": [116.3173705, 40.0005025]}, "properties": {"name": "清芬挺秀，华夏增辉", "category": "历史遗址", "district": "海淀区", "osmId": "node/7988927191"}}, {"type": "Feature", "geometry": {"type": "Point", "coordinates": [116.3263184, 40.0021697]}, "properties": {"name": "灵璧石", "category": "历史遗址", "district": "海淀区", "osmId": "node/9330994778"}}, {"type": "Feature", "geometry": {"type": "Point", "coordinates": [116.3178494, 40.000529]}, "properties": {"name": "王国维纪念碑", "category": "历史遗址", "district": "海淀区", "osmId": "node/2354019862"}}, {"type": "Feature", "geometry": {"type": "Point", "coordinates": [116.3237319, 39.9405937]}, "properties": {"name": "畅观楼", "category": "历史遗址", "district": "海淀区", "osmId": "way/25375855"}}, {"type": "Feature", "geometry": {"type": "Point", "coordinates": [116.3161612, 40.0005125]}, "properties": {"name": "百年校庆", "category": "历史遗址", "district": "海淀区", "osmId": "node/9766799534"}}, {"type": "Feature", "geometry": {"type": "Point", "coordinates": [116.301995, 39.9929598]}, "properties": {"name": "石五供", "category": "历史遗址", "district": "海淀区", "osmId": "node/9999846520"}}, {"type": "Feature", "geometry": {"type": "Point", "coordinates": [116.3095278, 39.9424625]}, "properties": {"name": "紫竹院行宫", "category": "历史遗址", "district": "海淀区", "osmId": "node/9324311697"}}, {"type": "Feature", "geometry": {"type": "Point", "coordinates": [116.3163413, 40.0024252]}, "properties": {"name": "纪毓秀烈士骨灰存放处", "category": "历史遗址", "district": "海淀区", "osmId": "node/7988927185"}}, {"type": "Feature", "geometry": {"type": "Point", "coordinates": [116.3017824, 39.99196]}, "properties": {"name": "茜园梅石碑", "category": "历史遗址", "district": "海淀区", "osmId": "node/9706378261"}}, {"type": "Feature", "geometry": {"type": "Point", "coordinates": [116.2990263, 39.9925623]}, "properties": {"name": "葛利普教授之墓", "category": "历史遗址", "district": "海淀区", "osmId": "node/8156964567"}}, {"type": "Feature", "geometry": {"type": "Point", "coordinates": [116.3170034, 39.9995324]}, "properties": {"name": "西南联合大学纪念碑", "category": "历史遗址", "district": "海淀区", "osmId": "node/10188911934"}}, {"type": "Feature", "geometry": {"type": "Point", "coordinates": [116.3209875, 40.0039383]}, "properties": {"name": "西南联大纪念碑", "category": "历史遗址", "district": "海淀区", "osmId": "node/7072425637"}}, {"type": "Feature", "geometry": {"type": "Point", "coordinates": [116.2991829, 39.9923831]}, "properties": {"name": "西南联大纪念碑", "category": "历史遗址", "district": "海淀区", "osmId": "node/8156964568"}}, {"type": "Feature", "geometry": {"type": "Point", "coordinates": [116.1777153, 39.9903673]}, "properties": {"name": "西山晴雪碑", "category": "历史遗址", "district": "海淀区", "osmId": "node/6649041385"}}, {"type": "Feature", "geometry": {"type": "Point", "coordinates": [116.3225311, 40.014001]}, "properties": {"name": "西洼村", "category": "历史遗址", "district": "海淀区", "osmId": "node/701144216"}}, {"type": "Feature", "geometry": {"type": "Point", "coordinates": [116.3137015, 40.0010165]}, "properties": {"name": "近春园遗址", "category": "历史遗址", "district": "海淀区", "osmId": "node/8688623062"}}, {"type": "Feature", "geometry": {"type": "Point", "coordinates": [116.3429473, 39.981857]}, "properties": {"name": "钱学森雕像", "category": "历史遗址", "district": "海淀区", "osmId": "node/2706659338"}}, {"type": "Feature", "geometry": {"type": "Point", "coordinates": [116.2659253, 39.9901784]}, "properties": {"name": "颐和园", "category": "历史遗址", "district": "海淀区", "osmId": "way/29228773"}}, {"type": "Feature", "geometry": {"type": "Point", "coordinates": [116.1999219, 39.9283549]}, "properties": {"name": "志情碑", "category": "历史遗址", "district": "石景山区", "osmId": "node/8925486501"}}, {"type": "Feature", "geometry": {"type": "Point", "coordinates": [116.2023611, 39.9260508]}, "properties": {"name": "经管学院79级赠碑", "category": "历史遗址", "district": "石景山区", "osmId": "node/8810960151"}}, {"type": "Feature", "geometry": {"type": "Point", "coordinates": [116.3904933, 39.9235228]}, "properties": {"name": "万春亭", "category": "历史遗址", "district": "西城区", "osmId": "way/26390235"}}, {"type": "Feature", "geometry": {"type": "Point", "coordinates": [116.3637727, 39.9098065]}, "properties": {"name": "东北大学纪念碑", "category": "历史遗址", "district": "西城区", "osmId": "way/1328397790"}}, {"type": "Feature", "geometry": {"type": "Point", "coordinates": [116.3898844, 39.9157632]}, "properties": {"name": "中右门", "category": "历史遗址", "district": "西城区", "osmId": "way/638507841"}}, {"type": "Feature", "geometry": {"type": "Point", "coordinates": [116.3917189, 39.9158084]}, "properties": {"name": "中左门", "category": "历史遗址", "district": "西城区", "osmId": "way/638507783"}}, {"type": "Feature", "geometry": {"type": "Point", "coordinates": [116.3813398, 39.9304717]}, "properties": {"name": "九龙壁", "category": "历史遗址", "district": "西城区", "osmId": "way/727015431"}}, {"type": "Feature", "geometry": {"type": "Point", "coordinates": [116.3906661, 39.9187467]}, "properties": {"name": "乾清宫", "category": "历史遗址", "district": "西城区", "osmId": "way/638981317"}}, {"type": "Feature", "geometry": {"type": "Point", "coordinates": [116.3907047, 39.9178332]}, "properties": {"name": "乾清门", "category": "历史遗址", "district": "西城区", "osmId": "way/638807674"}}, {"type": "Feature", "geometry": {"type": "Point", "coordinates": [116.3798064, 39.9284484]}, "properties": {"name": "五龙亭", "category": "历史遗址", "district": "西城区", "osmId": "node/6896751343"}}, {"type": "Feature", "geometry": {"type": "Point", "coordinates": [116.3906455, 39.9190823]}, "properties": {"name": "交泰殿", "category": "历史遗址", "district": "西城区", "osmId": "way/638981229"}}, {"type": "Feature", "geometry": {"type": "Point", "coordinates": [116.3907697, 39.9170048]}, "properties": {"name": "保和殿", "category": "历史遗址", "district": "西城区", "osmId": "way/638473398"}}, {"type": "Feature", "geometry": {"type": "Point", "coordinates": [116.3899612, 39.9177093]}, "properties": {"name": "内右门", "category": "历史遗址", "district": "西城区", "osmId": "way/42509106"}}, {"type": "Feature", "geometry": {"type": "Point", "coordinates": [116.3914545, 39.9177515]}, "properties": {"name": "内左门", "category": "历史遗址", "district": "西城区", "osmId": "way/42623315"}}, {"type": "Feature", "geometry": {"type": "Point", "coordinates": [116.3667691, 39.917861]}, "properties": {"name": "北平图书馆旧址", "category": "历史遗址", "district": "西城区", "osmId": "way/891420295"}}, {"type": "Feature", "geometry": {"type": "Point", "coordinates": [116.3910001, 39.9121195]}, "properties": {"name": "午门", "category": "历史遗址", "district": "西城区", "osmId": "way/638156366"}}, {"type": "Feature", "geometry": {"type": "Point", "coordinates": [116.3907091, 39.906614]}, "properties": {"name": "华表", "category": "历史遗址", "district": "西城区", "osmId": "node/6013096562"}}, {"type": "Feature", "geometry": {"type": "Point", "coordinates": [116.3918182, 39.906648]}, "properties": {"name": "华表", "category": "历史遗址", "district": "西城区", "osmId": "node/6013107811"}}, {"type": "Feature", "geometry": {"type": "Point", "coordinates": [116.391432, 39.9076397]}, "properties": {"name": "华表", "category": "历史遗址", "district": "西城区", "osmId": "node/6015523774"}}, {"type": "Feature", "geometry": {"type": "Point", "coordinates": [116.3908162, 39.9076234]}, "properties": {"name": "华表", "category": "历史遗址", "district": "西城区", "osmId": "node/6015524394"}}, {"type": "Feature", "geometry": {"type": "Point", "coordinates": [116.3921859, 39.9132288]}, "properties": {"name": "协和门", "category": "历史遗址", "district": "西城区", "osmId": "way/638238294"}}, {"type": "Feature", "geometry": {"type": "Point", "coordinates": [116.3895308, 39.9153838]}, "properties": {"name": "右翼门", "category": "历史遗址", "district": "西城区", "osmId": "way/638590169"}}, {"type": "Feature", "geometry": {"type": "Point", "coordinates": [116.389832, 39.9169749]}, "properties": {"name": "后右门", "category": "历史遗址", "district": "西城区", "osmId": "way/638507769"}}, {"type": "Feature", "geometry": {"type": "Point", "coordinates": [116.3916533, 39.9170304]}, "properties": {"name": "后左门", "category": "历史遗址", "district": "西城区", "osmId": "way/638507747"}}, {"type": "Feature", "geometry": {"type": "Point", "coordinates": [116.3906418, 39.9193711]}, "properties": {"name": "坤宁宫", "category": "历史遗址", "district": "西城区", "osmId": "way/639012193"}}, {"type": "Feature", "geometry": {"type": "Point", "coordinates": [116.3906169, 39.9196999]}, "properties": {"name": "坤宁门", "category": "历史遗址", "district": "西城区", "osmId": "way/639060881"}}, {"type": "Feature", "geometry": {"type": "Point", "coordinates": [116.3908139, 39.9158956]}, "properties": {"name": "太和殿", "category": "历史遗址", "district": "西城区", "osmId": "way/638449347"}}, {"type": "Feature", "geometry": {"type": "Point", "coordinates": [116.3908881, 39.9139678]}, "properties": {"name": "太和门", "category": "历史遗址", "district": "西城区", "osmId": "way/638308745"}}, {"type": "Feature", "geometry": {"type": "Point", "coordinates": [116.3903554, 39.9261085]}, "properties": {"name": "寿皇殿", "category": "历史遗址", "district": "西城区", "osmId": "way/187289006"}}, {"type": "Feature", "geometry": {"type": "Point", "coordinates": [116.392093, 39.9154539]}, "properties": {"name": "左翼门", "category": "历史遗址", "district": "西城区", "osmId": "way/638590140"}}, {"type": "Feature", "geometry": {"type": "Point", "coordinates": [116.3917895, 39.9182329]}, "properties": {"name": "斋宫", "category": "历史遗址", "district": "西城区", "osmId": "way/40605850"}}, {"type": "Feature", "geometry": {"type": "Point", "coordinates": [116.3797081, 39.9063193]}, "properties": {"name": "新华门", "category": "历史遗址", "district": "西城区", "osmId": "way/255625137"}}, {"type": "Feature", "geometry": {"type": "Point", "coordinates": [116.3913238, 39.9181603]}, "properties": {"name": "日精门", "category": "历史遗址", "district": "西城区", "osmId": "way/639048965"}}, {"type": "Feature", "geometry": {"type": "Point", "coordinates": [116.3916368, 39.913983]}, "properties": {"name": "昭德门", "category": "历史遗址", "district": "西城区", "osmId": "way/638320792"}}, {"type": "Feature", "geometry": {"type": "Point", "coordinates": [116.3912732, 39.919105]}, "properties": {"name": "景和门", "category": "历史遗址", "district": "西城区", "osmId": "way/639048947"}}, {"type": "Feature", "geometry": {"type": "Point", "coordinates": [116.3919738, 39.9174984]}, "properties": {"name": "景运门", "category": "历史遗址", "district": "西城区", "osmId": "way/638807748"}}, {"type": "Feature", "geometry": {"type": "Point", "coordinates": [116.3900826, 39.9181206]}, "properties": {"name": "月华门", "category": "历史遗址", "district": "西城区", "osmId": "way/639048970"}}, {"type": "Feature", "geometry": {"type": "Point", "coordinates": [116.359877, 39.903341]}, "properties": {"name": "李大钊故居", "category": "历史遗址", "district": "西城区", "osmId": "node/342799184"}}, {"type": "Feature", "geometry": {"type": "Point", "coordinates": [116.3916177, 39.8991843]}, "properties": {"name": "正阳门", "category": "历史遗址", "district": "西城区", "osmId": "way/25109960"}}, {"type": "Feature", "geometry": {"type": "Point", "coordinates": [116.3916588, 39.8979717]}, "properties": {"name": "正阳门箭楼", "category": "历史遗址", "district": "西城区", "osmId": "way/439956436"}}, {"type": "Feature", "geometry": {"type": "Point", "coordinates": [116.3915578, 39.9262559]}, "properties": {"name": "水思殿", "category": "历史遗址", "district": "西城区", "osmId": "way/984073425"}}, {"type": "Feature", "geometry": {"type": "Point", "coordinates": [116.3896618, 39.9131496]}, "properties": {"name": "熙和门", "category": "历史遗址", "district": "西城区", "osmId": "way/638218765"}}, {"type": "Feature", "geometry": {"type": "Point", "coordinates": [116.3931354, 39.8819897]}, "properties": {"name": "硅化树", "category": "历史遗址", "district": "西城区", "osmId": "node/4191556030"}}, {"type": "Feature", "geometry": {"type": "Point", "coordinates": [116.3905743, 39.920925]}, "properties": {"name": "神武门", "category": "历史遗址", "district": "西城区", "osmId": "way/638741722"}}, {"type": "Feature", "geometry": {"type": "Point", "coordinates": [116.3911811, 39.9090023]}, "properties": {"name": "端门", "category": "历史遗址", "district": "西城区", "osmId": "way/25097188"}}, {"type": "Feature", "geometry": {"type": "Point", "coordinates": [116.3848715, 39.9187643]}, "properties": {"name": "胡耀邦住处", "category": "历史遗址", "district": "西城区", "osmId": "node/5042026636"}}, {"type": "Feature", "geometry": {"type": "Point", "coordinates": [116.386714, 39.9134298]}, "properties": {"name": "西华门", "category": "历史遗址", "district": "西城区", "osmId": "way/40343948"}}, {"type": "Feature", "geometry": {"type": "Point", "coordinates": [116.3917853, 39.9184801]}, "properties": {"name": "诚肃殿", "category": "历史遗址", "district": "西城区", "osmId": "way/40605851"}}, {"type": "Feature", "geometry": {"type": "Point", "coordinates": [116.3901546, 39.9139508]}, "properties": {"name": "贞度门", "category": "历史遗址", "district": "西城区", "osmId": "way/638320793"}}, {"type": "Feature", "geometry": {"type": "Point", "coordinates": [116.3644965, 39.9106258]}, "properties": {"name": "郑王府", "category": "历史遗址", "district": "西城区", "osmId": "way/923653816"}}, {"type": "Feature", "geometry": {"type": "Point", "coordinates": [116.3800916, 39.9289775]}, "properties": {"name": "铁影壁", "category": "历史遗址", "district": "西城区", "osmId": "node/6813504358"}}, {"type": "Feature", "geometry": {"type": "Point", "coordinates": [116.3903445, 39.9113322]}, "properties": {"name": "阙右门", "category": "历史遗址", "district": "西城区", "osmId": "way/638249692"}}, {"type": "Feature", "geometry": {"type": "Point", "coordinates": [116.391727, 39.9113703]}, "properties": {"name": "阙左门", "category": "历史遗址", "district": "西城区", "osmId": "way/638249691"}}, {"type": "Feature", "geometry": {"type": "Point", "coordinates": [116.3894464, 39.917422]}, "properties": {"name": "隆宗门", "category": "历史遗址", "district": "西城区", "osmId": "way/638807749"}}, {"type": "Feature", "geometry": {"type": "Point", "coordinates": [116.3900245, 39.9190659]}, "properties": {"name": "隆福门", "category": "历史遗址", "district": "西城区", "osmId": "way/639048962"}}, {"type": "Feature", "geometry": {"type": "Point", "coordinates": [116.6931956, 39.9263513]}, "properties": {"name": "孙各庄", "category": "历史遗址", "district": "通州区", "osmId": "node/7648201788"}}, {"type": "Feature", "geometry": {"type": "Point", "coordinates": [116.6778969, 39.9412139]}, "properties": {"name": "李庄", "category": "历史遗址", "district": "通州区", "osmId": "node/7631762226"}}, {"type": "Feature", "geometry": {"type": "Point", "coordinates": [116.1442581, 39.9921183]}, "properties": {"name": "石景山、海淀、门头沟三界碑", "category": "历史遗址", "district": "门头沟区", "osmId": "node/5069379422"}}, {"type": "Feature", "geometry": {"type": "Point", "coordinates": [115.5088202, 40.0031136]}, "properties": {"name": "长城", "category": "历史遗址", "district": "门头沟区", "osmId": "way/94378237"}}, {"type": "Feature", "geometry": {"type": "Point", "coordinates": [115.5672083, 40.0570454]}, "properties": {"name": "长城", "category": "历史遗址", "district": "门头沟区", "osmId": "way/94386653"}}, {"type": "Feature", "geometry": {"type": "Point", "coordinates": [115.5634605, 40.0505179]}, "properties": {"name": "长城", "category": "历史遗址", "district": "门头沟区", "osmId": "way/183728532"}}, {"type": "Feature", "geometry": {"type": "Point", "coordinates": [115.8932455, 40.1268072]}, "properties": {"name": "长城", "category": "历史遗址", "district": "门头沟区", "osmId": "way/191899778"}}, {"type": "Feature", "geometry": {"type": "Point", "coordinates": [115.8677787, 40.1040777]}, "properties": {"name": "长城", "category": "历史遗址", "district": "门头沟区", "osmId": "way/191899780"}}, {"type": "Feature", "geometry": {"type": "Point", "coordinates": [115.8361788, 40.1152636]}, "properties": {"name": "长城", "category": "历史遗址", "district": "门头沟区", "osmId": "way/1102890465"}}, {"type": "Feature", "geometry": {"type": "Point", "coordinates": [115.5676954, 40.0583075]}, "properties": {"name": "长城", "category": "历史遗址", "district": "门头沟区", "osmId": "way/1105686646"}}, {"type": "Feature", "geometry": {"type": "Point", "coordinates": [115.4737458, 39.9954484]}, "properties": {"name": "长城", "category": "历史遗址", "district": "门头沟区", "osmId": "way/1107393436"}}, {"type": "Feature", "geometry": {"type": "Point", "coordinates": [115.7015541, 40.0675216]}, "properties": {"name": "长城", "category": "历史遗址", "district": "门头沟区", "osmId": "way/1182628333"}}, {"type": "Feature", "geometry": {"type": "Point", "coordinates": [115.5190991, 39.9876201]}, "properties": {"name": "长城", "category": "历史遗址", "district": "门头沟区", "osmId": "way/1182814035"}}, {"type": "Feature", "geometry": {"type": "Point", "coordinates": [115.5192795, 39.9915898]}, "properties": {"name": "长城", "category": "历史遗址", "district": "门头沟区", "osmId": "way/1182814036"}}, {"type": "Feature", "geometry": {"type": "Point", "coordinates": [115.5306171, 39.995985]}, "properties": {"name": "长城", "category": "历史遗址", "district": "门头沟区", "osmId": "way/1182814037"}}, {"type": "Feature", "geometry": {"type": "Point", "coordinates": [115.6007727, 40.0381697]}, "properties": {"name": "长城", "category": "历史遗址", "district": "门头沟区", "osmId": "way/1182814038"}}, {"type": "Feature", "geometry": {"type": "Point", "coordinates": [115.8445723, 40.1112759]}, "properties": {"name": "长城", "category": "历史遗址", "district": "门头沟区", "osmId": "way/1204089337"}}]}