{"type": "FeatureCollection", "features": [{"type": "Feature", "geometry": {"type": "Polygon", "coordinates": [[[116.4501855, 39.9059655], [116.450259, 39.9061803], [116.4504001, 39.9062857], [116.4506146, 39.9063626], [116.4507794, 39.9063659], [116.4510551, 39.9062745], [116.4511705, 39.9061301], [116.4512095, 39.9059637], [116.4501855, 39.9059655]]]}, "properties": {"name": "建筑_001", "category": "建筑", "height": 133.0, "levels": 35.0, "osmId": "way/33459296"}}, {"type": "Feature", "geometry": {"type": "Polygon", "coordinates": [[[116.4479788, 39.9063822], [116.4492834, 39.9063706], [116.4492798, 39.9061338], [116.4479752, 39.9061454], [116.4479788, 39.9063822]]]}, "properties": {"name": "建筑_002", "category": "建筑", "height": null, "levels": 19.0, "osmId": "way/33459349"}}, {"type": "Feature", "geometry": {"type": "Polygon", "coordinates": [[[116.4520517, 39.9091152], [116.4538688, 39.9091], [116.4538606, 39.9085199], [116.4537099, 39.9085211], [116.4533253, 39.9085243], [116.4533236, 39.9084008], [116.4531573, 39.9083915], [116.4529904, 39.9084036], [116.4529922, 39.9085271], [116.4520435, 39.908535], [116.4520517, 39.9091152]]]}, "properties": {"name": "中国大饭店", "category": "建筑", "height": null, "levels": null, "osmId": "way/33459419"}}, {"type": "Feature", "geometry": {"type": "Polygon", "coordinates": [[[116.4568904, 39.9059081], [116.4568996, 39.9060028], [116.4569372, 39.90611], [116.4570106, 39.9061912], [116.4571228, 39.9062774], [116.4573018, 39.9063264], [116.4574266, 39.9063195], [116.4574189, 39.9059984], [116.4573159, 39.9059123], [116.4568904, 39.9059081]]]}, "properties": {"name": "招商局大厦", "category": "建筑", "height": null, "levels": null, "osmId": "way/33459437"}}, {"type": "Feature", "geometry": {"type": "Polygon", "coordinates": [[[116.4539587, 39.9092957], [116.4539756, 39.9095687], [116.4540057, 39.9096423], [116.4540477, 39.9096954], [116.4541412, 39.9097318], [116.4542424, 39.9097498], [116.4545372, 39.909747], [116.4545214, 39.9094741], [116.4545053, 39.9093918], [116.4544469, 39.9093309], [116.4543658, 39.9092971], [116.4542398, 39.9092951], [116.4539587, 39.9092957]]]}, "properties": {"name": "建筑_005", "category": "建筑", "height": 155.0, "levels": 38.0, "osmId": "way/33459526"}}, {"type": "Feature", "geometry": {"type": "Polygon", "coordinates": [[[116.4511139, 39.9092226], [116.4512776, 39.9093433], [116.4514054, 39.9093447], [116.4515676, 39.9092213], [116.4515669, 39.9091246], [116.4514016, 39.9090025], [116.4512687, 39.9090038], [116.4511123, 39.909123], [116.4511139, 39.9092226]]]}, "properties": {"name": "建筑_006", "category": "建筑", "height": null, "levels": 20.0, "osmId": "way/33459557"}}, {"type": "Feature", "geometry": {"type": "Polygon", "coordinates": [[[116.4454495, 39.914289], [116.4462885, 39.9142907], [116.446289, 39.9141387], [116.44545, 39.9141371], [116.4454495, 39.914289]]]}, "properties": {"name": "建筑_007", "category": "建筑", "height": null, "levels": null, "osmId": "way/33459558"}}, {"type": "Feature", "geometry": {"type": "Polygon", "coordinates": [[[116.4546293, 39.9144647], [116.454563, 39.9147068], [116.454589, 39.9148988], [116.4543476, 39.9149173], [116.4539949, 39.9148937], [116.4537871, 39.9149029], [116.4538738, 39.9147488], [116.4539293, 39.9146552], [116.4538539, 39.9144659], [116.4540356, 39.9144638], [116.4544018, 39.9144865], [116.4546293, 39.9144647]]]}, "properties": {"name": "北京财富中心写字楼A座", "category": "建筑", "height": null, "levels": null, "osmId": "way/116939989"}}, {"type": "Feature", "geometry": {"type": "Polygon", "coordinates": [[[116.45173, 39.9144083], [116.4523046, 39.914464], [116.4529682, 39.9145171], [116.4529046, 39.9147991], [116.4524991, 39.9149111], [116.4524269, 39.9149071], [116.4522401, 39.9148967], [116.4518761, 39.9148765], [116.4518059, 39.9147614], [116.4518072, 39.914657], [116.4517278, 39.9146561], [116.45173, 39.9144083]]]}, "properties": {"name": "财富中心公寓翼楼", "category": "建筑", "height": null, "levels": null, "osmId": "way/116939990"}}, {"type": "Feature", "geometry": {"type": "Polygon", "coordinates": [[[116.4480676, 39.9119225], [116.4492631, 39.9119288], [116.449264, 39.9118264], [116.4480685, 39.9118201], [116.4480676, 39.9119225]]]}, "properties": {"name": "建筑_010", "category": "建筑", "height": null, "levels": null, "osmId": "way/116944475"}}, {"type": "Feature", "geometry": {"type": "Polygon", "coordinates": [[[116.4447629, 39.9138398], [116.4447631, 39.9135926], [116.4454069, 39.913593], [116.4454067, 39.9138402], [116.4447629, 39.9138398]]]}, "properties": {"name": "建筑_011", "category": "建筑", "height": null, "levels": null, "osmId": "way/116944476"}}, {"type": "Feature", "geometry": {"type": "Polygon", "coordinates": [[[116.4465449, 39.9134601], [116.4465485, 39.9132641], [116.4472737, 39.9132718], [116.4472701, 39.9134678], [116.4465449, 39.9134601]]]}, "properties": {"name": "世贸国际公寓", "category": "建筑", "height": null, "levels": null, "osmId": "way/116944484"}}, {"type": "Feature", "geometry": {"type": "Polygon", "coordinates": [[[116.4465111, 39.9143029], [116.4465138, 39.9141399], [116.4473295, 39.9141479], [116.4473267, 39.9143109], [116.4465111, 39.9143029]]]}, "properties": {"name": "建筑_013", "category": "建筑", "height": null, "levels": null, "osmId": "way/116944487"}}, {"type": "Feature", "geometry": {"type": "Polygon", "coordinates": [[[116.446278, 39.9134552], [116.446269, 39.9132131], [116.4454588, 39.9132309], [116.4454678, 39.913473], [116.446278, 39.9134552]]]}, "properties": {"name": "建筑_014", "category": "建筑", "height": null, "levels": null, "osmId": "way/116944488"}}, {"type": "Feature", "geometry": {"type": "Polygon", "coordinates": [[[116.4478106, 39.9130537], [116.447802, 39.9124321], [116.4481264, 39.9124295], [116.4481274, 39.9125012], [116.4488014, 39.9124957], [116.4488005, 39.9124292], [116.4492294, 39.9124258], [116.449238, 39.9130504], [116.4488341, 39.9130537], [116.4488322, 39.9129163], [116.4486713, 39.9129176], [116.4486707, 39.9128676], [116.4483383, 39.9128703], [116.4483388, 39.9129013], [116.4481661, 39.9129027], [116.4481682, 39.9130508], [116.4478106, 39.9130537]]]}, "properties": {"name": "建筑_015", "category": "建筑", "height": null, "levels": null, "osmId": "way/116944489"}}, {"type": "Feature", "geometry": {"type": "Polygon", "coordinates": [[[116.4520569, 39.9107124], [116.4520556, 39.9112376], [116.452674, 39.9112385], [116.4526753, 39.9107133], [116.4520569, 39.9107124]]]}, "properties": {"name": "中国国际贸易中心三期A座", "category": "建筑", "height": 330.0, "levels": 74.0, "osmId": "way/116944490"}}, {"type": "Feature", "geometry": {"type": "Polygon", "coordinates": [[[116.449835, 39.9127161], [116.449837, 39.9123292], [116.450453, 39.9123311], [116.4504527, 39.9124073], [116.4504511, 39.912718], [116.4498817, 39.9127162], [116.449835, 39.9127161]]]}, "properties": {"name": "建筑_017", "category": "建筑", "height": null, "levels": null, "osmId": "way/116944493"}}, {"type": "Feature", "geometry": {"type": "Polygon", "coordinates": [[[116.4585757, 39.915849], [116.4565793, 39.9162189], [116.4564162, 39.9154971], [116.458449, 39.9154259], [116.4585757, 39.915849]]]}, "properties": {"name": "建筑_018", "category": "建筑", "height": null, "levels": 2.0, "osmId": "way/116944495"}}, {"type": "Feature", "geometry": {"type": "Polygon", "coordinates": [[[116.4508819, 39.9153518], [116.4507921, 39.9155781], [116.4506419, 39.9157262], [116.4504595, 39.9158826], [116.4502664, 39.916006], [116.4500947, 39.9158826], [116.4503629, 39.9157262], [116.450405, 39.915684], [116.4505024, 39.9155863], [116.450599, 39.9154547], [116.4506419, 39.9153559], [116.4508819, 39.9153518]]]}, "properties": {"name": "建筑_019", "category": "建筑", "height": null, "levels": null, "osmId": "way/117559455"}}, {"type": "Feature", "geometry": {"type": "Polygon", "coordinates": [[[116.4476965, 39.9173842], [116.4478139, 39.9175693], [116.4480067, 39.9177124], [116.4482517, 39.9177962], [116.4485194, 39.9178108], [116.4488163, 39.9177387], [116.4490242, 39.9176086], [116.4491616, 39.9174319], [116.4492119, 39.9172297], [116.4489425, 39.9172453], [116.4488361, 39.9174851], [116.4485804, 39.9176134], [116.4482855, 39.917607], [116.448036, 39.9174949], [116.4479423, 39.9173132], [116.447921, 39.9171654], [116.4480014, 39.9170391], [116.4481478, 39.9169148], [116.4479585, 39.9167576], [116.4477806, 39.9169117], [116.4476823, 39.9171032], [116.4476965, 39.9173842]]]}, "properties": {"name": "建筑_020", "category": "建筑", "height": null, "levels": null, "osmId": "way/117559456"}}, {"type": "Feature", "geometry": {"type": "Polygon", "coordinates": [[[116.4509392, 39.9166211], [116.4507854, 39.9166877], [116.4508636, 39.9168183], [116.4509226, 39.9169536], [116.4509082, 39.9171054], [116.4508238, 39.9172406], [116.4506704, 39.9173465], [116.450448, 39.9174406], [116.4501795, 39.9174583], [116.4499825, 39.9173655], [116.4498338, 39.917122], [116.4496309, 39.9171994], [116.4497339, 39.9173824], [116.4499123, 39.9175274], [116.4501447, 39.9176168], [116.4503007, 39.9176392], [116.4505594, 39.91762], [116.450794, 39.9175341], [116.4509762, 39.9173918], [116.4511034, 39.9171283], [116.4510859, 39.9169293], [116.4510651, 39.9168529], [116.4510154, 39.9167385], [116.4509392, 39.9166211]]]}, "properties": {"name": "建筑_021", "category": "建筑", "height": null, "levels": null, "osmId": "way/117559458"}}, {"type": "Feature", "geometry": {"type": "Polygon", "coordinates": [[[116.450717, 39.9163681], [116.4504917, 39.9163845], [116.4501698, 39.9163681], [116.4499553, 39.9162776], [116.449805, 39.9161459], [116.4499231, 39.9159978], [116.4501055, 39.9161459], [116.4503629, 39.9162117], [116.4506558, 39.9162051], [116.450717, 39.9163681]]]}, "properties": {"name": "建筑_022", "category": "建筑", "height": null, "levels": null, "osmId": "way/117559459"}}, {"type": "Feature", "geometry": {"type": "Polygon", "coordinates": [[[116.4483492, 39.9168587], [116.4481651, 39.9166881], [116.4483722, 39.9166587], [116.448587, 39.9166587], [116.4487557, 39.916694], [116.4489474, 39.9167528], [116.4490548, 39.9168175], [116.4491929, 39.9169763], [116.4492696, 39.9171116], [116.4490088, 39.9171411], [116.4489321, 39.9170175], [116.4488324, 39.9169469], [116.4487404, 39.9168881], [116.4486176, 39.9168528], [116.4484719, 39.9168411], [116.4483492, 39.9168587]]]}, "properties": {"name": "建筑_023", "category": "建筑", "height": null, "levels": null, "osmId": "way/117561198"}}, {"type": "Feature", "geometry": {"type": "Polygon", "coordinates": [[[116.449635, 39.9170289], [116.4499878, 39.9170348], [116.4502025, 39.9170171], [116.4503636, 39.9169642], [116.4504605, 39.9168458], [116.4505003, 39.9167284], [116.45054, 39.9166406], [116.4503636, 39.9166112], [116.4502332, 39.9166112], [116.4501412, 39.9166112], [116.4500415, 39.9166406], [116.4499571, 39.91667], [116.4498421, 39.916723], [116.449727, 39.9167701], [116.4496657, 39.9168642], [116.4496197, 39.916923], [116.449635, 39.9170289]]]}, "properties": {"name": "建筑_024", "category": "建筑", "height": null, "levels": null, "osmId": "way/117561222"}}, {"type": "Feature", "geometry": {"type": "Polygon", "coordinates": [[[116.471132, 39.9059083], [116.4684309, 39.9059027], [116.468428, 39.9062768], [116.4711291, 39.9062824], [116.471132, 39.9059083]]]}, "properties": {"name": "建筑_025", "category": "建筑", "height": null, "levels": null, "osmId": "way/128504873"}}, {"type": "Feature", "geometry": {"type": "Polygon", "coordinates": [[[116.4687715, 39.909601], [116.4691638, 39.9092725], [116.4693086, 39.9093742], [116.4690286, 39.9096087], [116.4690596, 39.9096305], [116.4689473, 39.9097245], [116.4687715, 39.909601]]]}, "properties": {"name": "建筑_026", "category": "建筑", "height": null, "levels": null, "osmId": "way/128504874"}}, {"type": "Feature", "geometry": {"type": "Polygon", "coordinates": [[[116.4621291, 39.8997778], [116.4621118, 39.8999556], [116.4621051, 39.9000241], [116.4621005, 39.9000716], [116.4638889, 39.900175], [116.4639176, 39.8998802], [116.4621291, 39.8997778]]]}, "properties": {"name": "建筑_027", "category": "建筑", "height": null, "levels": null, "osmId": "way/151901681"}}, {"type": "Feature", "geometry": {"type": "Polygon", "coordinates": [[[116.4611126, 39.900674], [116.4660488, 39.9009599], [116.4660728, 39.9007158], [116.465132, 39.9006609], [116.4611365, 39.9004298], [116.4611326, 39.9004716], [116.4611273, 39.9005253], [116.461122, 39.9005791], [116.4611167, 39.9006328], [116.4611126, 39.900674]]]}, "properties": {"name": "建筑_028", "category": "建筑", "height": null, "levels": null, "osmId": "way/151901682"}}, {"type": "Feature", "geometry": {"type": "Polygon", "coordinates": [[[116.4611365, 39.9004298], [116.4611395, 39.9003987], [116.4611471, 39.9003215], [116.4611522, 39.9002694], [116.4611577, 39.9002143], [116.4611625, 39.900165], [116.4611678, 39.900111], [116.4611722, 39.9000663], [116.4611769, 39.9000181], [116.4621005, 39.9000716], [116.4638889, 39.900175], [116.4651724, 39.9002492], [116.4651334, 39.9006463], [116.465132, 39.9006609], [116.4611365, 39.9004298]]]}, "properties": {"name": "建筑_029", "category": "建筑", "height": null, "levels": null, "osmId": "way/151901684"}}, {"type": "Feature", "geometry": {"type": "Polygon", "coordinates": [[[116.4439875, 39.8996521], [116.4456896, 39.8994276], [116.4456513, 39.8992568], [116.4451054, 39.8993288], [116.4450873, 39.899248], [116.4457626, 39.8991589], [116.4457765, 39.8992211], [116.44638, 39.8991415], [116.4464255, 39.8993447], [116.4465294, 39.899331], [116.4465514, 39.8994294], [116.445941, 39.8995099], [116.4459891, 39.8997246], [116.4457515, 39.8997559], [116.4457675, 39.8998274], [116.4456355, 39.8998448], [116.445651, 39.8999142], [116.4442805, 39.9000949], [116.4442042, 39.8997542], [116.4440159, 39.8997791], [116.4439875, 39.8996521]]]}, "properties": {"name": "建筑_030", "category": "建筑", "height": null, "levels": null, "osmId": "way/151988608"}}, {"type": "Feature", "geometry": {"type": "Polygon", "coordinates": [[[116.4500584, 39.9004387], [116.4500601, 39.9004926], [116.4500619, 39.9005466], [116.4507302, 39.9005335], [116.4507284, 39.9004792], [116.4507266, 39.9004255], [116.4500584, 39.9004387]]]}, "properties": {"name": "建筑_031", "category": "建筑", "height": null, "levels": null, "osmId": "way/151990135"}}, {"type": "Feature", "geometry": {"type": "Polygon", "coordinates": [[[116.4456682, 39.9002992], [116.44567, 39.9003415], [116.4456724, 39.9003977], [116.445674, 39.9004349], [116.4464906, 39.9004143], [116.4464848, 39.9002786], [116.4456682, 39.9002992]]]}, "properties": {"name": "建筑_032", "category": "建筑", "height": null, "levels": null, "osmId": "way/151990136"}}, {"type": "Feature", "geometry": {"type": "Polygon", "coordinates": [[[116.4507881, 39.9004139], [116.4507899, 39.900478], [116.4507918, 39.9005463], [116.4531884, 39.9005071], [116.4531848, 39.9003747], [116.4507881, 39.9004139]]]}, "properties": {"name": "建筑_033", "category": "建筑", "height": null, "levels": null, "osmId": "way/151990137"}}, {"type": "Feature", "geometry": {"type": "Polygon", "coordinates": [[[116.4484849, 39.9016103], [116.4494939, 39.901585], [116.4494962, 39.9016402], [116.4512515, 39.9015961], [116.4512497, 39.9015532], [116.4537251, 39.9014911], [116.4537171, 39.9013026], [116.4484773, 39.901434], [116.448479, 39.901472], [116.4484809, 39.901517], [116.4484828, 39.9015621], [116.4484849, 39.9016103]]]}, "properties": {"name": "建筑_034", "category": "建筑", "height": null, "levels": null, "osmId": "way/151990138"}}, {"type": "Feature", "geometry": {"type": "Polygon", "coordinates": [[[116.4529414, 39.8999715], [116.4530696, 39.8999696], [116.4530711, 39.8999523], [116.4533409, 39.8999649], [116.4533469, 39.9000949], [116.4534256, 39.9000937], [116.4534277, 39.8999544], [116.4534279, 39.89995], [116.4534276, 39.8999416], [116.4534217, 39.89994], [116.4533917, 39.8999388], [116.4533913, 39.8999324], [116.4530555, 39.8998972], [116.4530545, 39.899874], [116.4529384, 39.8998565], [116.4529414, 39.8999715]]]}, "properties": {"name": "建筑_035", "category": "建筑", "height": null, "levels": null, "osmId": "way/151990721"}}, {"type": "Feature", "geometry": {"type": "Polygon", "coordinates": [[[116.4506866, 39.9002248], [116.4506915, 39.9003514], [116.451679, 39.9003289], [116.4516741, 39.9002022], [116.4506866, 39.9002248]]]}, "properties": {"name": "建筑_036", "category": "建筑", "height": null, "levels": null, "osmId": "way/151990722"}}, {"type": "Feature", "geometry": {"type": "Polygon", "coordinates": [[[116.4496589, 39.9001899], [116.4496641, 39.9003722], [116.4500351, 39.9003661], [116.45003, 39.9001838], [116.4496589, 39.9001899]]]}, "properties": {"name": "建筑_037", "category": "建筑", "height": null, "levels": null, "osmId": "way/151990723"}}, {"type": "Feature", "geometry": {"type": "Polygon", "coordinates": [[[116.451797, 39.9001652], [116.4518017, 39.9003019], [116.4527065, 39.9002834], [116.4527018, 39.9001468], [116.451797, 39.9001652]]]}, "properties": {"name": "建筑_038", "category": "建筑", "height": null, "levels": null, "osmId": "way/151990724"}}, {"type": "Feature", "geometry": {"type": "Polygon", "coordinates": [[[116.4541771, 39.9001857], [116.4541815, 39.9002658], [116.4542702, 39.9002629], [116.4542658, 39.9001828], [116.4541771, 39.9001857]]]}, "properties": {"name": "建筑_039", "category": "建筑", "height": null, "levels": null, "osmId": "way/151990725"}}, {"type": "Feature", "geometry": {"type": "Polygon", "coordinates": [[[116.4540883, 39.9001646], [116.4541678, 39.900163], [116.4541639, 39.9000586], [116.4540845, 39.9000603], [116.4540883, 39.9001646]]]}, "properties": {"name": "建筑_040", "category": "建筑", "height": null, "levels": null, "osmId": "way/151990727"}}, {"type": "Feature", "geometry": {"type": "Polygon", "coordinates": [[[116.4525237, 39.9000148], [116.4525276, 39.9001047], [116.4531995, 39.9000873], [116.4531956, 39.8999974], [116.4525237, 39.9000148]]]}, "properties": {"name": "建筑_041", "category": "建筑", "height": null, "levels": null, "osmId": "way/151990728"}}, {"type": "Feature", "geometry": {"type": "Polygon", "coordinates": [[[116.4497167, 39.9001344], [116.4498517, 39.9001306], [116.4498444, 39.8999775], [116.4497094, 39.8999813], [116.4497167, 39.9001344]]]}, "properties": {"name": "建筑_042", "category": "建筑", "height": null, "levels": null, "osmId": "way/151990729"}}, {"type": "Feature", "geometry": {"type": "Polygon", "coordinates": [[[116.4541218, 39.9003548], [116.4541238, 39.900472], [116.4548958, 39.900464], [116.4548938, 39.9003468], [116.4541218, 39.9003548]]]}, "properties": {"name": "建筑_043", "category": "建筑", "height": null, "levels": null, "osmId": "way/151990730"}}, {"type": "Feature", "geometry": {"type": "Polygon", "coordinates": [[[116.4503992, 39.9001033], [116.4504967, 39.9001028], [116.4504954, 39.8999564], [116.4503979, 39.8999569], [116.4503992, 39.9001033]]]}, "properties": {"name": "建筑_044", "category": "建筑", "height": null, "levels": null, "osmId": "way/151990731"}}, {"type": "Feature", "geometry": {"type": "Polygon", "coordinates": [[[116.4533216, 39.9003798], [116.4533234, 39.9005008], [116.4540334, 39.9004946], [116.4540316, 39.9003737], [116.4533216, 39.9003798]]]}, "properties": {"name": "建筑_045", "category": "建筑", "height": null, "levels": null, "osmId": "way/151990732"}}, {"type": "Feature", "geometry": {"type": "Polygon", "coordinates": [[[116.4498649, 39.9001364], [116.4500772, 39.9001317], [116.4500712, 39.8999735], [116.4498589, 39.8999783], [116.4498649, 39.9001364]]]}, "properties": {"name": "建筑_046", "category": "建筑", "height": null, "levels": null, "osmId": "way/151990733"}}, {"type": "Feature", "geometry": {"type": "Polygon", "coordinates": [[[116.4546527, 39.9001625], [116.4546598, 39.9002416], [116.4549581, 39.9002257], [116.4549509, 39.9001466], [116.4546527, 39.9001625]]]}, "properties": {"name": "建筑_047", "category": "建筑", "height": null, "levels": null, "osmId": "way/151990734"}}, {"type": "Feature", "geometry": {"type": "Polygon", "coordinates": [[[116.4537804, 39.9001942], [116.4537838, 39.9002794], [116.4539422, 39.9002757], [116.4539389, 39.9001906], [116.4537804, 39.9001942]]]}, "properties": {"name": "建筑_048", "category": "建筑", "height": null, "levels": null, "osmId": "way/151990735"}}, {"type": "Feature", "geometry": {"type": "Polygon", "coordinates": [[[116.4513423, 39.8999046], [116.4513531, 39.9001507], [116.4523685, 39.9001247], [116.4523577, 39.8998785], [116.4513423, 39.8999046]]]}, "properties": {"name": "建筑_049", "category": "建筑", "height": null, "levels": null, "osmId": "way/151990736"}}, {"type": "Feature", "geometry": {"type": "Polygon", "coordinates": [[[116.4543394, 39.9001944], [116.454345, 39.900261], [116.4546357, 39.9002465], [116.45463, 39.9001799], [116.4543394, 39.9001944]]]}, "properties": {"name": "建筑_050", "category": "建筑", "height": null, "levels": null, "osmId": "way/151990737"}}, {"type": "Feature", "geometry": {"type": "Polygon", "coordinates": [[[116.4501367, 39.9001899], [116.4501442, 39.9003674], [116.450638, 39.9003551], [116.4506305, 39.9001777], [116.4501367, 39.9001899]]]}, "properties": {"name": "建筑_051", "category": "建筑", "height": null, "levels": null, "osmId": "way/151990738"}}, {"type": "Feature", "geometry": {"type": "Polygon", "coordinates": [[[116.4527233, 39.900153], [116.452728, 39.9002725], [116.4531846, 39.9002621], [116.4531821, 39.9001983], [116.4531799, 39.9001426], [116.4527233, 39.900153]]]}, "properties": {"name": "建筑_052", "category": "建筑", "height": null, "levels": null, "osmId": "way/151990739"}}, {"type": "Feature", "geometry": {"type": "Polygon", "coordinates": [[[116.4541873, 39.9000779], [116.4542463, 39.9000765], [116.4542472, 39.9001001], [116.4544001, 39.9000965], [116.4544029, 39.9001658], [116.454191, 39.9001708], [116.4541873, 39.9000779]]]}, "properties": {"name": "建筑_053", "category": "建筑", "height": null, "levels": null, "osmId": "way/151990740"}}, {"type": "Feature", "geometry": {"type": "Polygon", "coordinates": [[[116.450105, 39.8999864], [116.4503677, 39.8999804], [116.4503737, 39.9001342], [116.4502682, 39.9001366], [116.4502649, 39.9000543], [116.4501078, 39.9000579], [116.450105, 39.8999864]]]}, "properties": {"name": "建筑_054", "category": "建筑", "height": null, "levels": null, "osmId": "way/151990741"}}, {"type": "Feature", "geometry": {"type": "Polygon", "coordinates": [[[116.4531958, 39.9001409], [116.4534517, 39.9001361], [116.4534554, 39.900254], [116.4532749, 39.9002574], [116.4531996, 39.9002588], [116.4531975, 39.9001943], [116.4531958, 39.9001409]]]}, "properties": {"name": "建筑_055", "category": "建筑", "height": null, "levels": null, "osmId": "way/151990742"}}, {"type": "Feature", "geometry": {"type": "Polygon", "coordinates": [[[116.44684, 39.900037], [116.446842, 39.9000969], [116.446844, 39.9001559], [116.4468462, 39.9002233], [116.4468535, 39.90044], [116.4490312, 39.9003972], [116.4490263, 39.9002486], [116.4490802, 39.9002475], [116.4493872, 39.9002415], [116.4493787, 39.8999871], [116.44684, 39.900037]]]}, "properties": {"name": "建筑_056", "category": "建筑", "height": null, "levels": null, "osmId": "way/151990743"}}, {"type": "Feature", "geometry": {"type": "Polygon", "coordinates": [[[116.4490848, 39.9003846], [116.4490802, 39.9002475], [116.4493872, 39.9002415], [116.4493787, 39.8999871], [116.4496964, 39.8999809], [116.4497014, 39.9001319], [116.4496149, 39.9001336], [116.4496229, 39.900374], [116.4490848, 39.9003846]]]}, "properties": {"name": "建筑_057", "category": "建筑", "height": null, "levels": null, "osmId": "way/151990744"}}, {"type": "Feature", "geometry": {"type": "Polygon", "coordinates": [[[116.4471393, 39.9177296], [116.4469804, 39.9177332], [116.4468429, 39.9177364], [116.4468492, 39.9174553], [116.4468687, 39.9170473], [116.4471319, 39.9170411], [116.4471307, 39.9174631], [116.4471393, 39.9177296]]]}, "properties": {"name": "建筑_058", "category": "建筑", "height": null, "levels": null, "osmId": "way/156061533"}}, {"type": "Feature", "geometry": {"type": "Polygon", "coordinates": [[[116.4510682, 39.915972], [116.4510655, 39.9154803], [116.4513203, 39.9154947], [116.451331, 39.9160275], [116.4511674, 39.9160337], [116.4511594, 39.9159925], [116.4510736, 39.9159884], [116.4510682, 39.915972]]]}, "properties": {"name": "建筑_059", "category": "建筑", "height": null, "levels": null, "osmId": "way/156061534"}}, {"type": "Feature", "geometry": {"type": "Polygon", "coordinates": [[[116.4461764, 39.9169139], [116.4461978, 39.9158857], [116.4466991, 39.9158919], [116.4466777, 39.9169201], [116.4461764, 39.9169139]]]}, "properties": {"name": "建筑_060", "category": "建筑", "height": null, "levels": null, "osmId": "way/156061535"}}, {"type": "Feature", "geometry": {"type": "Polygon", "coordinates": [[[116.4445146, 39.9166452], [116.4445179, 39.9164453], [116.4448096, 39.9164481], [116.4448085, 39.9165143], [116.4450836, 39.9165169], [116.4450801, 39.9167284], [116.4447377, 39.9167251], [116.444739, 39.9166474], [116.4445146, 39.9166452]]]}, "properties": {"name": "建筑_061", "category": "建筑", "height": null, "levels": null, "osmId": "way/156061538"}}, {"type": "Feature", "geometry": {"type": "Polygon", "coordinates": [[[116.4528356, 39.9119989], [116.4528497, 39.9114792], [116.4533369, 39.911487], [116.4533228, 39.9120067], [116.4528356, 39.9119989]]]}, "properties": {"name": "建筑_062", "category": "建筑", "height": null, "levels": null, "osmId": "way/156061546"}}, {"type": "Feature", "geometry": {"type": "Polygon", "coordinates": [[[116.4453432, 39.9169521], [116.4453467, 39.9166815], [116.4455319, 39.9166829], [116.4455417, 39.9159142], [116.445857, 39.9159166], [116.4458436, 39.9169559], [116.4453432, 39.9169521]]]}, "properties": {"name": "建筑_063", "category": "建筑", "height": null, "levels": null, "osmId": "way/156061548"}}, {"type": "Feature", "geometry": {"type": "Polygon", "coordinates": [[[116.4457655, 39.9176896], [116.445803, 39.9171383], [116.4452344, 39.9171383], [116.445229, 39.9173893], [116.4446979, 39.9173975], [116.4446926, 39.9176979], [116.4457655, 39.9176896]]]}, "properties": {"name": "建筑_064", "category": "建筑", "height": null, "levels": null, "osmId": "way/156061551"}}, {"type": "Feature", "geometry": {"type": "Polygon", "coordinates": [[[116.4509958, 39.9162518], [116.4509861, 39.9160941], [116.4512559, 39.9160728], [116.4512613, 39.9161119], [116.4513579, 39.9161057], [116.4513525, 39.9163073], [116.4511792, 39.9163183], [116.4511782, 39.9162744], [116.4509942, 39.9162689], [116.4509958, 39.9162518]]]}, "properties": {"name": "建筑_065", "category": "建筑", "height": null, "levels": null, "osmId": "way/156061553"}}, {"type": "Feature", "geometry": {"type": "Polygon", "coordinates": [[[116.4445424, 39.9172124], [116.4445434, 39.9170445], [116.4448106, 39.9170478], [116.444816, 39.9171177], [116.4450531, 39.9170939], [116.4450466, 39.9172905], [116.444758, 39.9172996], [116.4447516, 39.9172247], [116.4445424, 39.9172124]]]}, "properties": {"name": "建筑_066", "category": "建筑", "height": null, "levels": null, "osmId": "way/156061559"}}, {"type": "Feature", "geometry": {"type": "Polygon", "coordinates": [[[116.4518433, 39.9140258], [116.4518648, 39.9133942], [116.4521867, 39.9133819], [116.452177, 39.9134916], [116.4527124, 39.913495], [116.4527151, 39.9133634], [116.4529672, 39.9133551], [116.4529334, 39.9138023], [116.4522012, 39.9138085], [116.4521867, 39.9140423], [116.4518433, 39.9140258]]]}, "properties": {"name": "建筑_067", "category": "建筑", "height": null, "levels": null, "osmId": "way/156061560"}}, {"type": "Feature", "geometry": {"type": "Polygon", "coordinates": [[[116.4518541, 39.9179941], [116.4525193, 39.917846], [116.4527177, 39.9183561], [116.4524495, 39.9184014], [116.4523487, 39.9181842], [116.4519463, 39.9182706], [116.4518541, 39.9179941]]]}, "properties": {"name": "建筑_068", "category": "建筑", "height": null, "levels": null, "osmId": "way/156061566"}}, {"type": "Feature", "geometry": {"type": "Polygon", "coordinates": [[[116.4509877, 39.9153651], [116.4512061, 39.9153699], [116.4512023, 39.9154145], [116.451323, 39.9154145], [116.4513222, 39.9153225], [116.4513214, 39.9152218], [116.4509861, 39.91523], [116.4509877, 39.9153651]]]}, "properties": {"name": "建筑_069", "category": "建筑", "height": null, "levels": null, "osmId": "way/156061567"}}, {"type": "Feature", "geometry": {"type": "Polygon", "coordinates": [[[116.4478432, 39.915802], [116.447829, 39.9158978], [116.4478443, 39.9160337], [116.4479014, 39.9161858], [116.4479999, 39.9163114], [116.4481697, 39.9164409], [116.4484369, 39.9165274], [116.448732, 39.916546], [116.4490217, 39.9164904], [116.4492175, 39.9163608], [116.4493176, 39.9161941], [116.4490914, 39.9160872], [116.4489492, 39.9160111], [116.4488295, 39.915941], [116.4487213, 39.9158444], [116.4486274, 39.9157519], [116.4485385, 39.9156602], [116.4484667, 39.9155632], [116.4483849, 39.9154196], [116.4482291, 39.9154114], [116.4482995, 39.9156014], [116.4483793, 39.9157258], [116.4481946, 39.9157777], [116.4478642, 39.9157352], [116.4478432, 39.915802]]]}, "properties": {"name": "建筑_070", "category": "建筑", "height": null, "levels": null, "osmId": "way/156297766"}}, {"type": "Feature", "geometry": {"type": "Polygon", "coordinates": [[[116.4478347, 39.9138694], [116.4478401, 39.9133853], [116.4481615, 39.9133874], [116.4481561, 39.9138715], [116.4478347, 39.9138694]]]}, "properties": {"name": "建筑_071", "category": "建筑", "height": null, "levels": null, "osmId": "way/156297774"}}, {"type": "Feature", "geometry": {"type": "Polygon", "coordinates": [[[116.4518246, 39.9130294], [116.4518456, 39.9123095], [116.4536666, 39.9123408], [116.4536456, 39.9130606], [116.4518246, 39.9130294]]]}, "properties": {"name": "建筑_072", "category": "建筑", "height": null, "levels": null, "osmId": "way/156297782"}}, {"type": "Feature", "geometry": {"type": "Polygon", "coordinates": [[[116.4523991, 39.9177055], [116.454139, 39.9177074], [116.4541403, 39.9170406], [116.4524004, 39.9170387], [116.4523991, 39.9177055]]]}, "properties": {"name": "建筑_073", "category": "建筑", "height": null, "levels": null, "osmId": "way/156297789"}}, {"type": "Feature", "geometry": {"type": "Polygon", "coordinates": [[[116.4518351, 39.9162042], [116.4518083, 39.9164264], [116.4518067, 39.9165767], [116.4518057, 39.9167724], [116.453812, 39.9167641], [116.4537272, 39.916301], [116.4536145, 39.9162887], [116.4536135, 39.9161099], [116.4537165, 39.9160665], [116.4535545, 39.915645], [116.4528796, 39.9156427], [116.4527701, 39.9157116], [116.4525934, 39.9157048], [116.4522443, 39.9156084], [116.4521077, 39.9155713], [116.4518379, 39.9154981], [116.4518727, 39.9160149], [116.4518351, 39.9162042]]]}, "properties": {"name": "财富购物中心", "category": "建筑", "height": null, "levels": null, "osmId": "way/156297794"}}, {"type": "Feature", "geometry": {"type": "Polygon", "coordinates": [[[116.4477933, 39.9146987], [116.4478094, 39.914209], [116.4481742, 39.9141844], [116.4485291, 39.9140587], [116.4486364, 39.9139476], [116.4487372, 39.9137688], [116.4487372, 39.9137495], [116.4487322, 39.9136652], [116.4487372, 39.9135548], [116.4487383, 39.9133551], [116.4492272, 39.9133501], [116.4492254, 39.9141309], [116.44891, 39.9142479], [116.4485379, 39.9145395], [116.4484578, 39.9147202], [116.4477933, 39.9146987]]]}, "properties": {"name": "建筑_075", "category": "建筑", "height": null, "levels": null, "osmId": "way/156297803"}}, {"type": "Feature", "geometry": {"type": "Polygon", "coordinates": [[[116.4539489, 39.9138551], [116.4539623, 39.9136329], [116.4544451, 39.9136288], [116.4544478, 39.9134786], [116.4548528, 39.9134868], [116.4548047, 39.9139255], [116.4543807, 39.913925], [116.4543861, 39.9138798], [116.4539489, 39.9138551]]]}, "properties": {"name": "富尔大厦", "category": "建筑", "height": null, "levels": null, "osmId": "way/156298332"}}, {"type": "Feature", "geometry": {"type": "Polygon", "coordinates": [[[116.4707894, 39.9047347], [116.4707664, 39.9047651], [116.4707541, 39.9048028], [116.4707698, 39.9054141], [116.4707922, 39.9054469], [116.4708183, 39.9054767], [116.4708584, 39.9054964], [116.4709107, 39.9055074], [116.471087, 39.9055075], [116.4711371, 39.9055002], [116.4711856, 39.905474], [116.4712103, 39.9054483], [116.4712238, 39.9054157], [116.4712282, 39.9047936], [116.4712197, 39.9047513], [116.4712015, 39.9047212], [116.4711646, 39.9047028], [116.4711175, 39.9046958], [116.4708748, 39.9046992], [116.4708236, 39.9047167], [116.4707894, 39.9047347]]]}, "properties": {"name": "建筑_077", "category": "建筑", "height": null, "levels": null, "osmId": "way/169560965"}}, {"type": "Feature", "geometry": {"type": "Polygon", "coordinates": [[[116.4725614, 39.9012863], [116.4735744, 39.901276], [116.4735822, 39.9017291], [116.4735518, 39.9017594], [116.4733929, 39.901761], [116.4733878, 39.9014662], [116.4725647, 39.9014746], [116.4725614, 39.9012863]]]}, "properties": {"name": "建筑_078", "category": "建筑", "height": null, "levels": null, "osmId": "way/169594732"}}, {"type": "Feature", "geometry": {"type": "Polygon", "coordinates": [[[116.461859, 39.9056627], [116.4625642, 39.9056555], [116.4625537, 39.9050504], [116.4618484, 39.9050576], [116.461859, 39.9056627]]]}, "properties": {"name": "建筑_079", "category": "建筑", "height": null, "levels": null, "osmId": "way/220881238"}}, {"type": "Feature", "geometry": {"type": "Polygon", "coordinates": [[[116.4523782, 39.9058737], [116.4537707, 39.9058761], [116.4537707, 39.9055014], [116.4523782, 39.9054991], [116.4523782, 39.9058737]]]}, "properties": {"name": "建筑_080", "category": "建筑", "height": null, "levels": null, "osmId": "way/226280804"}}, {"type": "Feature", "geometry": {"type": "Polygon", "coordinates": [[[116.4524029, 39.9063669], [116.4528245, 39.9063622], [116.4532585, 39.9063574], [116.4541091, 39.9063479], [116.4541025, 39.9059967], [116.4532547, 39.9060061], [116.4528219, 39.906011], [116.4523963, 39.9060157], [116.4524029, 39.9063669]]]}, "properties": {"name": "建筑_081", "category": "建筑", "height": null, "levels": null, "osmId": "way/226280805"}}, {"type": "Feature", "geometry": {"type": "Polygon", "coordinates": [[[116.4518867, 39.9058737], [116.4523782, 39.9058737], [116.4523782, 39.9054991], [116.4518867, 39.9054991], [116.4518867, 39.9058737]]]}, "properties": {"name": "建筑_082", "category": "建筑", "height": 186.0, "levels": 42.0, "osmId": "way/226280808"}}, {"type": "Feature", "geometry": {"type": "Polygon", "coordinates": [[[116.4537707, 39.9058761], [116.4542621, 39.9058761], [116.4542621, 39.9055014], [116.4537707, 39.9055014], [116.4537707, 39.9058761]]]}, "properties": {"name": "建筑_083", "category": "建筑", "height": 186.0, "levels": 42.0, "osmId": "way/226280809"}}, {"type": "Feature", "geometry": {"type": "Polygon", "coordinates": [[[116.4589796, 39.9057401], [116.4593528, 39.9054622], [116.4593582, 39.9053472], [116.4592901, 39.9052992], [116.4591185, 39.9053012], [116.4587644, 39.9055687], [116.4585519, 39.905575], [116.458225, 39.9053284], [116.4580724, 39.9053326], [116.458018, 39.9053807], [116.4580234, 39.9054935], [116.4583285, 39.905738], [116.4589796, 39.9057401]]]}, "properties": {"name": "建筑_084", "category": "建筑", "height": null, "levels": null, "osmId": "way/233091757"}}, {"type": "Feature", "geometry": {"type": "Polygon", "coordinates": [[[116.4573034, 39.9045362], [116.4575711, 39.9046263], [116.4577753, 39.9046278], [116.457783, 39.904681], [116.4579159, 39.9046751], [116.4579198, 39.9046219], [116.4580777, 39.9046249], [116.4583204, 39.9045111], [116.4582453, 39.9043929], [116.4579602, 39.9044934], [116.4576462, 39.9044963], [116.4573997, 39.9044165], [116.4573034, 39.9045362]]]}, "properties": {"name": "建筑_085", "category": "建筑", "height": null, "levels": null, "osmId": "way/233134825"}}, {"type": "Feature", "geometry": {"type": "Polygon", "coordinates": [[[116.4561935, 39.9039867], [116.4564537, 39.9039835], [116.4568048, 39.9039793], [116.4568762, 39.9039784], [116.4568719, 39.9037726], [116.45657, 39.9037762], [116.456568, 39.9036832], [116.4561873, 39.9036879], [116.4561935, 39.9039867]]]}, "properties": {"name": "艾维克大厦", "category": "建筑", "height": null, "levels": null, "osmId": "way/233134827"}}, {"type": "Feature", "geometry": {"type": "Polygon", "coordinates": [[[116.457377, 39.9051054], [116.4582636, 39.9051094], [116.4582665, 39.9047447], [116.4573798, 39.9047406], [116.457377, 39.9051054]]]}, "properties": {"name": "建筑_087", "category": "建筑", "height": null, "levels": null, "osmId": "way/233134830"}}, {"type": "Feature", "geometry": {"type": "Polygon", "coordinates": [[[116.457087, 39.9057129], [116.4573836, 39.9054764], [116.4574755, 39.9054768], [116.4575183, 39.9055089], [116.4575782, 39.9055075], [116.4576533, 39.9054631], [116.4576552, 39.905339], [116.4576013, 39.9052962], [116.4575223, 39.9052962], [116.4574741, 39.9053375], [116.4573819, 39.9053381], [116.4573412, 39.9052947], [116.456964, 39.9053044], [116.4568549, 39.9053989], [116.4568575, 39.9056619], [116.4569385, 39.905715], [116.457087, 39.9057129]]]}, "properties": {"name": "建筑_088", "category": "建筑", "height": null, "levels": 28.0, "osmId": "way/233134832"}}, {"type": "Feature", "geometry": {"type": "Polygon", "coordinates": [[[116.4591124, 39.9044741], [116.4591751, 39.9044742], [116.4591752, 39.904446], [116.4593052, 39.9044462], [116.4593051, 39.904466], [116.4593803, 39.9044661], [116.4593803, 39.9044792], [116.4594727, 39.9044794], [116.4594728, 39.9044313], [116.4594426, 39.9044313], [116.4594432, 39.9042075], [116.459413, 39.9042074], [116.4594131, 39.9041656], [116.4591251, 39.9041651], [116.4591249, 39.9042333], [116.4591607, 39.9042333], [116.4591606, 39.9042658], [116.4591059, 39.9042657], [116.4591057, 39.9043411], [116.4591588, 39.9043412], [116.4591587, 39.9043678], [116.4591127, 39.9043677], [116.4591124, 39.9044741]]]}, "properties": {"name": "建筑_089", "category": "建筑", "height": null, "levels": null, "osmId": "way/233134833"}}, {"type": "Feature", "geometry": {"type": "Polygon", "coordinates": [[[116.4567009, 39.9044608], [116.4568475, 39.904459], [116.4570713, 39.9044563], [116.4570663, 39.9042148], [116.4568098, 39.9042179], [116.4566959, 39.9042193], [116.4567009, 39.9044608]]]}, "properties": {"name": "建筑_090", "category": "建筑", "height": null, "levels": null, "osmId": "way/233134834"}}, {"type": "Feature", "geometry": {"type": "Polygon", "coordinates": [[[116.4585729, 39.9042377], [116.4589031, 39.9042287], [116.4588878, 39.9038983], [116.4585577, 39.9039072], [116.4585729, 39.9042377]]]}, "properties": {"name": "建筑_091", "category": "建筑", "height": null, "levels": 22.0, "osmId": "way/233134835"}}, {"type": "Feature", "geometry": {"type": "Polygon", "coordinates": [[[116.4591502, 39.9059117], [116.4593796, 39.9058939], [116.4593773, 39.9058608], [116.4593705, 39.9057011], [116.4594284, 39.9056959], [116.4594226, 39.9055636], [116.4593108, 39.9055927], [116.4591378, 39.9057054], [116.4591502, 39.9059117]]]}, "properties": {"name": "建筑_092", "category": "建筑", "height": null, "levels": null, "osmId": "way/233134836"}}, {"type": "Feature", "geometry": {"type": "Polygon", "coordinates": [[[116.4585601, 39.9047171], [116.4585593, 39.9050802], [116.4594455, 39.9050813], [116.459446, 39.9048938], [116.4595226, 39.9048939], [116.459523, 39.9047035], [116.4590068, 39.9047028], [116.4590063, 39.9049346], [116.4588127, 39.9049343], [116.4588132, 39.9047174], [116.4585601, 39.9047171]]]}, "properties": {"name": "建筑_093", "category": "建筑", "height": null, "levels": null, "osmId": "way/233134837"}}, {"type": "Feature", "geometry": {"type": "Polygon", "coordinates": [[[116.4564537, 39.9039835], [116.4564567, 39.9041285], [116.4564651, 39.9045303], [116.4566475, 39.9045281], [116.4568489, 39.9045256], [116.4568475, 39.904459], [116.4567009, 39.9044608], [116.4566959, 39.9042193], [116.4568098, 39.9042179], [116.4568079, 39.9041279], [116.4568048, 39.9039793], [116.4564537, 39.9039835]]]}, "properties": {"name": "建筑_094", "category": "建筑", "height": null, "levels": null, "osmId": "way/233134838"}}, {"type": "Feature", "geometry": {"type": "Polygon", "coordinates": [[[116.4567464, 39.9051574], [116.4571278, 39.9051528], [116.4571231, 39.9049259], [116.4567418, 39.9049305], [116.4567464, 39.9051574]]]}, "properties": {"name": "建筑_095", "category": "建筑", "height": null, "levels": null, "osmId": "way/233134839"}}, {"type": "Feature", "geometry": {"type": "Polygon", "coordinates": [[[116.4564651, 39.9045303], [116.4562277, 39.9045332], [116.4562339, 39.9048303], [116.4566536, 39.9048252], [116.4566475, 39.9045281], [116.4564651, 39.9045303]]]}, "properties": {"name": "建筑_096", "category": "建筑", "height": null, "levels": null, "osmId": "way/233134840"}}, {"type": "Feature", "geometry": {"type": "Polygon", "coordinates": [[[116.4585955, 39.906054], [116.4580504, 39.9060525], [116.4579948, 39.9060923], [116.4580059, 39.9062691], [116.458043, 39.9062677], [116.458048, 39.9063465], [116.4583605, 39.9063466], [116.4584857, 39.9063259], [116.4586423, 39.9062676], [116.4586454, 39.9060924], [116.4585955, 39.906054]]]}, "properties": {"name": "中国惠普大厦", "category": "建筑", "height": null, "levels": null, "osmId": "way/233136982"}}, {"type": "Feature", "geometry": {"type": "Polygon", "coordinates": [[[116.4588421, 39.9062993], [116.4590212, 39.9063362], [116.459183, 39.9063407], [116.4594296, 39.9063392], [116.4594238, 39.906252], [116.4594989, 39.9062491], [116.4594854, 39.9060777], [116.4594354, 39.9060481], [116.4588459, 39.9060614], [116.4588042, 39.906094], [116.4588011, 39.9062693], [116.4588421, 39.9062727], [116.4588421, 39.9062993]]]}, "properties": {"name": "横琴人寿大厦", "category": "建筑", "height": null, "levels": null, "osmId": "way/233136984"}}, {"type": "Feature", "geometry": {"type": "Polygon", "coordinates": [[[116.4574266, 39.9063195], [116.45774, 39.9063159], [116.4578454, 39.9061947], [116.4578378, 39.9060061], [116.4574189, 39.9059984], [116.4574266, 39.9063195]]]}, "properties": {"name": "建筑_099", "category": "建筑", "height": null, "levels": null, "osmId": "way/233136985"}}, {"type": "Feature", "geometry": {"type": "Polygon", "coordinates": [[[116.4586423, 39.9062676], [116.4588011, 39.9062693], [116.4588042, 39.906094], [116.4586454, 39.9060924], [116.4586423, 39.9062676]]]}, "properties": {"name": "中国工商银行", "category": "建筑", "height": null, "levels": null, "osmId": "way/233136986"}}, {"type": "Feature", "geometry": {"type": "Polygon", "coordinates": [[[116.4596958, 39.9051543], [116.4602456, 39.9051444], [116.4602426, 39.905045], [116.4596927, 39.9050549], [116.4596958, 39.9051543]]]}, "properties": {"name": "建筑_101", "category": "建筑", "height": null, "levels": 5.0, "osmId": "way/233137371"}}, {"type": "Feature", "geometry": {"type": "Polygon", "coordinates": [[[116.4604213, 39.9060497], [116.4609712, 39.9060398], [116.4609681, 39.9059404], [116.4604183, 39.9059503], [116.4604213, 39.9060497]]]}, "properties": {"name": "建筑_102", "category": "建筑", "height": null, "levels": null, "osmId": "way/233137372"}}, {"type": "Feature", "geometry": {"type": "Polygon", "coordinates": [[[116.4597117, 39.9042139], [116.4602616, 39.904204], [116.4602586, 39.9041046], [116.4597087, 39.9041145], [116.4597117, 39.9042139]]]}, "properties": {"name": "建筑_103", "category": "建筑", "height": null, "levels": null, "osmId": "way/233137373"}}, {"type": "Feature", "geometry": {"type": "Polygon", "coordinates": [[[116.4604266, 39.9051461], [116.4609765, 39.9051362], [116.4609735, 39.9050368], [116.4604236, 39.9050467], [116.4604266, 39.9051461]]]}, "properties": {"name": "建筑_104", "category": "建筑", "height": null, "levels": null, "osmId": "way/233137374"}}, {"type": "Feature", "geometry": {"type": "Polygon", "coordinates": [[[116.4596709, 39.9057476], [116.4602208, 39.9057377], [116.4602178, 39.9056383], [116.4596679, 39.9056482], [116.4596709, 39.9057476]]]}, "properties": {"name": "建筑_105", "category": "建筑", "height": null, "levels": null, "osmId": "way/233137375"}}, {"type": "Feature", "geometry": {"type": "Polygon", "coordinates": [[[116.4604178, 39.9054482], [116.4609676, 39.9054383], [116.4609646, 39.9053389], [116.4604147, 39.9053488], [116.4604178, 39.9054482]]]}, "properties": {"name": "建筑_106", "category": "建筑", "height": null, "levels": null, "osmId": "way/233137376"}}, {"type": "Feature", "geometry": {"type": "Polygon", "coordinates": [[[116.4596922, 39.9054523], [116.4602421, 39.9054424], [116.460239, 39.905343], [116.4596892, 39.9053529], [116.4596922, 39.9054523]]]}, "properties": {"name": "建筑_107", "category": "建筑", "height": null, "levels": null, "osmId": "way/233137377"}}, {"type": "Feature", "geometry": {"type": "Polygon", "coordinates": [[[116.4604249, 39.9057421], [116.4609747, 39.9057322], [116.4609717, 39.9056329], [116.4604218, 39.9056428], [116.4604249, 39.9057421]]]}, "properties": {"name": "建筑_108", "category": "建筑", "height": null, "levels": null, "osmId": "way/233137378"}}, {"type": "Feature", "geometry": {"type": "Polygon", "coordinates": [[[116.4603322, 39.9043345], [116.4607672, 39.9043294], [116.4607705, 39.9044972], [116.4609751, 39.9044948], [116.4609688, 39.9041779], [116.4603292, 39.9041854], [116.4603322, 39.9043345]]]}, "properties": {"name": "建筑_109", "category": "建筑", "height": null, "levels": null, "osmId": "way/233137379"}}, {"type": "Feature", "geometry": {"type": "Polygon", "coordinates": [[[116.4603308, 39.9047504], [116.4607658, 39.9047453], [116.4607691, 39.904913], [116.4609737, 39.9049106], [116.4609674, 39.9045937], [116.4603278, 39.9046012], [116.4603308, 39.9047504]]]}, "properties": {"name": "建筑_110", "category": "建筑", "height": null, "levels": null, "osmId": "way/233137380"}}, {"type": "Feature", "geometry": {"type": "Polygon", "coordinates": [[[116.4597029, 39.906145], [116.4598271, 39.9061463], [116.4598271, 39.9060334], [116.4602865, 39.9060225], [116.460283, 39.9058374], [116.4596798, 39.9058483], [116.4597029, 39.906145]]]}, "properties": {"name": "建筑_111", "category": "建筑", "height": null, "levels": null, "osmId": "way/233137381"}}, {"type": "Feature", "geometry": {"type": "Polygon", "coordinates": [[[116.4600432, 39.9045442], [116.4602633, 39.9045398], [116.4602615, 39.9044864], [116.4602316, 39.904487], [116.4602293, 39.9044184], [116.4600727, 39.9044215], [116.460075, 39.9044902], [116.4600414, 39.9044908], [116.4600432, 39.9045442]]]}, "properties": {"name": "建筑_112", "category": "建筑", "height": null, "levels": null, "osmId": "way/233137382"}}, {"type": "Feature", "geometry": {"type": "Polygon", "coordinates": [[[116.460047, 39.9048493], [116.4602671, 39.9048449], [116.4602653, 39.9047915], [116.4602354, 39.9047921], [116.460233, 39.9047235], [116.4600764, 39.9047266], [116.4600787, 39.9047952], [116.4600452, 39.9047959], [116.460047, 39.9048493]]]}, "properties": {"name": "建筑_113", "category": "建筑", "height": null, "levels": null, "osmId": "way/233137383"}}, {"type": "Feature", "geometry": {"type": "Polygon", "coordinates": [[[116.4607791, 39.9062511], [116.4597027, 39.9062619], [116.4597049, 39.9063919], [116.4607815, 39.9063812], [116.4607828, 39.9064602], [116.4609655, 39.9064584], [116.4609611, 39.9062012], [116.4607783, 39.906203], [116.4607791, 39.9062511]]]}, "properties": {"name": "建筑_114", "category": "建筑", "height": null, "levels": null, "osmId": "way/233137384"}}, {"type": "Feature", "geometry": {"type": "Polygon", "coordinates": [[[116.4596954, 39.9048622], [116.4599155, 39.9048578], [116.4599137, 39.9048044], [116.4598838, 39.904805], [116.4598815, 39.9047364], [116.4597249, 39.9047395], [116.4597272, 39.9048081], [116.4596936, 39.9048088], [116.4596954, 39.9048622]]]}, "properties": {"name": "建筑_115", "category": "建筑", "height": null, "levels": null, "osmId": "way/233137385"}}, {"type": "Feature", "geometry": {"type": "Polygon", "coordinates": [[[116.4597033, 39.9045529], [116.4599234, 39.9045485], [116.4599216, 39.9044951], [116.4598917, 39.9044957], [116.4598893, 39.9044271], [116.4597327, 39.9044302], [116.459735, 39.9044988], [116.4597015, 39.9044995], [116.4597033, 39.9045529]]]}, "properties": {"name": "建筑_116", "category": "建筑", "height": null, "levels": null, "osmId": "way/233137386"}}, {"type": "Feature", "geometry": {"type": "Polygon", "coordinates": [[[116.4572515, 39.9078922], [116.4572898, 39.9077652], [116.4572874, 39.9075878], [116.4569798, 39.9075969], [116.4569917, 39.907725], [116.4568988, 39.9077597], [116.4568272, 39.9078036], [116.4567676, 39.9078567], [116.4567307, 39.9079116], [116.4567175, 39.9079902], [116.4567255, 39.9080609], [116.4567588, 39.9081288], [116.4568201, 39.9082005], [116.4568747, 39.9082335], [116.4569441, 39.9082682], [116.4570376, 39.9081479], [116.4571075, 39.9081641], [116.4571804, 39.9081598], [116.4572464, 39.9081357], [116.4572965, 39.9080948], [116.457324, 39.9080429], [116.4573251, 39.9079868], [116.4572999, 39.9079342], [116.4572515, 39.9078922]]]}, "properties": {"name": "建筑_117", "category": "建筑", "height": null, "levels": null, "osmId": "way/233497497"}}, {"type": "Feature", "geometry": {"type": "Polygon", "coordinates": [[[116.450909, 39.91294], [116.4511817, 39.9129408], [116.451182, 39.9128867], [116.4512266, 39.9128868], [116.451229, 39.9124226], [116.4511746, 39.9124224], [116.4511751, 39.9123279], [116.4509044, 39.9123271], [116.450904, 39.9124086], [116.4508467, 39.9124084], [116.4508445, 39.9128302], [116.4508443, 39.9128813], [116.4509093, 39.9128815], [116.450909, 39.91294]]]}, "properties": {"name": "建筑_118", "category": "建筑", "height": null, "levels": null, "osmId": "way/233513044"}}, {"type": "Feature", "geometry": {"type": "Polygon", "coordinates": [[[116.4504527, 39.9124073], [116.4508467, 39.9124084], [116.4508445, 39.9128302], [116.4505258, 39.9128292], [116.4505246, 39.9130705], [116.4498799, 39.9130686], [116.4498817, 39.9127162], [116.4504511, 39.912718], [116.4504527, 39.9124073]]]}, "properties": {"name": "建筑_119", "category": "建筑", "height": null, "levels": null, "osmId": "way/233513045"}}, {"type": "Feature", "geometry": {"type": "Polygon", "coordinates": [[[116.4478909, 39.9156707], [116.4481064, 39.9156644], [116.4481454, 39.915603], [116.4482131, 39.9155463], [116.4481618, 39.915496], [116.4480592, 39.9154598], [116.447934, 39.9155369], [116.4478499, 39.9156361], [116.4478909, 39.9156707]]]}, "properties": {"name": "建筑_120", "category": "建筑", "height": null, "levels": null, "osmId": "way/233513047"}}, {"type": "Feature", "geometry": {"type": "Polygon", "coordinates": [[[116.4468973, 39.9117917], [116.447045, 39.9117429], [116.447162, 39.9116767], [116.4471825, 39.9116327], [116.4472072, 39.9115445], [116.447199, 39.9114485], [116.4471702, 39.9113651], [116.4470881, 39.9113005], [116.4470204, 39.9112785], [116.4469137, 39.9112517], [116.4468973, 39.9117917]]]}, "properties": {"name": "建筑_121", "category": "建筑", "height": null, "levels": null, "osmId": "way/233513048"}}, {"type": "Feature", "geometry": {"type": "Polygon", "coordinates": [[[116.4467798, 39.911779], [116.4467814, 39.9114228], [116.4454787, 39.9114194], [116.4454771, 39.9117756], [116.4467798, 39.911779]]]}, "properties": {"name": "建筑_122", "category": "建筑", "height": null, "levels": null, "osmId": "way/233513049"}}, {"type": "Feature", "geometry": {"type": "Polygon", "coordinates": [[[116.4466068, 39.9149415], [116.4471116, 39.9148581], [116.4471137, 39.9145417], [116.4466047, 39.9145449], [116.4466068, 39.9149415]]]}, "properties": {"name": "建筑_123", "category": "建筑", "height": null, "levels": null, "osmId": "way/233513051"}}, {"type": "Feature", "geometry": {"type": "Polygon", "coordinates": [[[116.4465987, 39.915661], [116.4468731, 39.9156721], [116.4471497, 39.9156564], [116.4471625, 39.9155477], [116.4471465, 39.9154313], [116.446869, 39.9154202], [116.4465955, 39.9154359], [116.4465776, 39.9155493], [116.4465987, 39.915661]]]}, "properties": {"name": "建筑_124", "category": "建筑", "height": null, "levels": null, "osmId": "way/233513052"}}, {"type": "Feature", "geometry": {"type": "Polygon", "coordinates": [[[116.4466047, 39.9145449], [116.4466047, 39.9145096], [116.4446583, 39.9145204], [116.4446599, 39.9146962], [116.4448301, 39.9146953], [116.4448312, 39.9148111], [116.4448767, 39.9148762], [116.4449879, 39.9149094], [116.4454309, 39.9148573], [116.4456895, 39.9148494], [116.445907, 39.9148794], [116.4460137, 39.9149173], [116.4466068, 39.9149415], [116.4466047, 39.9145449]]]}, "properties": {"name": "建筑_125", "category": "建筑", "height": null, "levels": null, "osmId": "way/233513053"}}, {"type": "Feature", "geometry": {"type": "Polygon", "coordinates": [[[116.4465955, 39.9154359], [116.4465971, 39.9153941], [116.445778, 39.9153972], [116.445725, 39.9154715], [116.4456684, 39.9155048], [116.4456142, 39.9155367], [116.4455115, 39.9155412], [116.4454372, 39.9155445], [116.4453573, 39.9155139], [116.4452845, 39.9154859], [116.4451955, 39.9154091], [116.4447768, 39.9154079], [116.4447303, 39.9154391], [116.4446614, 39.9155225], [116.4446686, 39.9157486], [116.4465969, 39.915739], [116.4465987, 39.915661], [116.4465776, 39.9155493], [116.4465955, 39.9154359]]]}, "properties": {"name": "建筑_126", "category": "建筑", "height": null, "levels": null, "osmId": "way/233513054"}}, {"type": "Feature", "geometry": {"type": "Polygon", "coordinates": [[[116.4524562, 39.9048672], [116.452165, 39.9047676], [116.4521588, 39.9047783], [116.4520334, 39.9049939], [116.4523246, 39.9050936], [116.4524562, 39.9048672]]]}, "properties": {"name": "建筑_127", "category": "建筑", "height": 100.0, "levels": 31.0, "osmId": "way/233513055"}}, {"type": "Feature", "geometry": {"type": "Polygon", "coordinates": [[[116.4538636, 39.9048668], [116.4535724, 39.9047672], [116.4534408, 39.9049936], [116.453732, 39.9050932], [116.4538636, 39.9048668]]]}, "properties": {"name": "建筑_128", "category": "建筑", "height": 100.0, "levels": 31.0, "osmId": "way/233513056"}}, {"type": "Feature", "geometry": {"type": "Polygon", "coordinates": [[[116.4535625, 39.9036706], [116.4532712, 39.903571], [116.4531536, 39.9037732], [116.4531396, 39.9037973], [116.4534309, 39.903897], [116.4535525, 39.9036877], [116.4535625, 39.9036706]]]}, "properties": {"name": "建筑_129", "category": "建筑", "height": 100.0, "levels": 31.0, "osmId": "way/233513057"}}, {"type": "Feature", "geometry": {"type": "Polygon", "coordinates": [[[116.4531986, 39.9048603], [116.4529074, 39.9047607], [116.4527758, 39.9049871], [116.453067, 39.9050867], [116.4531986, 39.9048603]]]}, "properties": {"name": "建筑_130", "category": "建筑", "height": 100.0, "levels": 31.0, "osmId": "way/233513058"}}, {"type": "Feature", "geometry": {"type": "Polygon", "coordinates": [[[116.4531449, 39.9041811], [116.4528537, 39.9040814], [116.4527221, 39.9043078], [116.4530133, 39.9044074], [116.4531449, 39.9041811]]]}, "properties": {"name": "建筑_131", "category": "建筑", "height": 100.0, "levels": 31.0, "osmId": "way/233513059"}}, {"type": "Feature", "geometry": {"type": "Polygon", "coordinates": [[[116.4538575, 39.9042154], [116.4535663, 39.9041158], [116.4534346, 39.9043421], [116.4536192, 39.9044053], [116.4537259, 39.9044418], [116.4538575, 39.9042154]]]}, "properties": {"name": "建筑_132", "category": "建筑", "height": 100.0, "levels": 31.0, "osmId": "way/233513060"}}, {"type": "Feature", "geometry": {"type": "Polygon", "coordinates": [[[116.4522468, 39.9035399], [116.4519556, 39.9034403], [116.451824, 39.9036667], [116.4521152, 39.9037663], [116.4522468, 39.9035399]]]}, "properties": {"name": "建筑_133", "category": "建筑", "height": 100.0, "levels": 31.0, "osmId": "way/233513061"}}, {"type": "Feature", "geometry": {"type": "Polygon", "coordinates": [[[116.454415, 39.9050189], [116.4547086, 39.9050166], [116.4547012, 39.9044699], [116.4544076, 39.9044723], [116.454415, 39.9050189]]]}, "properties": {"name": "建筑_134", "category": "建筑", "height": 100.0, "levels": 31.0, "osmId": "way/233513063"}}, {"type": "Feature", "geometry": {"type": "Polygon", "coordinates": [[[116.4529541, 39.9036276], [116.4526629, 39.903528], [116.4525634, 39.9036943], [116.4525313, 39.9037543], [116.4528225, 39.903854], [116.4528789, 39.903757], [116.4529541, 39.9036276]]]}, "properties": {"name": "建筑_135", "category": "建筑", "height": 100.0, "levels": 31.0, "osmId": "way/233513064"}}, {"type": "Feature", "geometry": {"type": "Polygon", "coordinates": [[[116.4543924, 39.9042112], [116.454692, 39.9042119], [116.4546941, 39.9036573], [116.4543945, 39.9036566], [116.4543924, 39.9042112]]]}, "properties": {"name": "建筑_136", "category": "建筑", "height": 100.0, "levels": 31.0, "osmId": "way/233513065"}}, {"type": "Feature", "geometry": {"type": "Polygon", "coordinates": [[[116.4478322, 39.9076981], [116.4485559, 39.9077049], [116.4485526, 39.9079119], [116.4487265, 39.9079135], [116.4487298, 39.9077066], [116.4494228, 39.9077131], [116.449425, 39.9075713], [116.4478344, 39.9075563], [116.4478322, 39.9076981]]]}, "properties": {"name": "北京京伦饭店", "category": "建筑", "height": null, "levels": 12.0, "osmId": "way/233523265"}}, {"type": "Feature", "geometry": {"type": "Polygon", "coordinates": [[[116.4539613, 39.907287], [116.4542847, 39.907285], [116.4542842, 39.9072374], [116.4539608, 39.9072394], [116.4539613, 39.907287]]]}, "properties": {"name": "建筑_138", "category": "建筑", "height": null, "levels": null, "osmId": "way/233523268"}}, {"type": "Feature", "geometry": {"type": "Polygon", "coordinates": [[[116.4518714, 39.907908], [116.4518741, 39.9082115], [116.4519091, 39.9082536], [116.4519499, 39.9082838], [116.4520163, 39.9083107], [116.4524273, 39.908312], [116.4524203, 39.9080141], [116.4523942, 39.9079668], [116.4523418, 39.9079281], [116.4522735, 39.9079059], [116.4518714, 39.907908]]]}, "properties": {"name": "建筑_139", "category": "建筑", "height": 155.0, "levels": 38.0, "osmId": "way/233523270"}}, {"type": "Feature", "geometry": {"type": "Polygon", "coordinates": [[[116.4543447, 39.9078858], [116.4538266, 39.9078866], [116.4538275, 39.9082704], [116.4543456, 39.9082697], [116.4543447, 39.9078858]]]}, "properties": {"name": "建筑_140", "category": "建筑", "height": null, "levels": null, "osmId": "way/233523272"}}, {"type": "Feature", "geometry": {"type": "Polygon", "coordinates": [[[116.4445774, 39.9078712], [116.444627, 39.9079124], [116.444689, 39.9079156], [116.4447675, 39.907952], [116.4452097, 39.9079488], [116.4453068, 39.9078791], [116.4453461, 39.9078791], [116.4453481, 39.9078141], [116.4453068, 39.9077428], [116.4453068, 39.9076176], [116.4453316, 39.9075938], [116.4453316, 39.9075589], [116.4452841, 39.9075193], [116.4446229, 39.9075193], [116.4445919, 39.9075415], [116.4445815, 39.9075843], [116.4445774, 39.9078712]]]}, "properties": {"name": "建筑_141", "category": "建筑", "height": null, "levels": 9.0, "osmId": "way/233523275"}}, {"type": "Feature", "geometry": {"type": "Polygon", "coordinates": [[[116.4511362, 39.9098319], [116.4513, 39.9099526], [116.4514278, 39.909954], [116.45159, 39.9098306], [116.4515893, 39.9097339], [116.451424, 39.9096118], [116.4512911, 39.9096131], [116.4511347, 39.9097323], [116.4511362, 39.9098319]]]}, "properties": {"name": "建筑_142", "category": "建筑", "height": null, "levels": 20.0, "osmId": "way/233523277"}}, {"type": "Feature", "geometry": {"type": "Polygon", "coordinates": [[[116.4456114, 39.907697], [116.4456414, 39.9076967], [116.4456421, 39.9077348], [116.445837, 39.9077329], [116.4458366, 39.9077069], [116.4460477, 39.9077048], [116.4460481, 39.9077334], [116.4465138, 39.9077288], [116.4465157, 39.9078413], [116.4463738, 39.9078427], [116.4463736, 39.9078315], [116.4461781, 39.9078335], [116.4461778, 39.9078155], [116.4460211, 39.907817], [116.4460207, 39.9077951], [116.4458419, 39.9077969], [116.4455054, 39.9078094], [116.4454967, 39.9079805], [116.4458038, 39.9079628], [116.4459696, 39.9079611], [116.4459699, 39.907978], [116.4461522, 39.9079762], [116.4461525, 39.9079925], [116.4463225, 39.9079908], [116.4463228, 39.908006], [116.4465058, 39.9080042], [116.4465062, 39.9080234], [116.4467063, 39.9080215], [116.446706, 39.9080026], [116.446878, 39.9080009], [116.4468777, 39.9079835], [116.4470584, 39.9079818], [116.4470582, 39.9079651], [116.4472396, 39.9079633], [116.4472393, 39.9079494], [116.4474164, 39.9079476], [116.4474162, 39.9079348], [116.4475921, 39.907933], [116.4475911, 39.9078758], [116.4476189, 39.9078755], [116.4476183, 39.9078432], [116.4476416, 39.907843], [116.4476366, 39.9075411], [116.4474219, 39.9075433], [116.4474223, 39.9075649], [116.447374, 39.9075654], [116.4473738, 39.9075511], [116.4472502, 39.9075523], [116.4472506, 39.907575], [116.4469752, 39.9075778], [116.4469748, 39.9075536], [116.4463147, 39.9075601], [116.446315, 39.9075749], [116.4461528, 39.9075765], [116.4461525, 39.9075637], [116.4459931, 39.9075653], [116.4459928, 39.9075432], [116.4457759, 39.9075454], [116.4457764, 39.9075705], [116.4456093, 39.9075722], [116.4456114, 39.907697]]]}, "properties": {"name": "建筑_143", "category": "建筑", "height": null, "levels": null, "osmId": "way/233523283"}}, {"type": "Feature", "geometry": {"type": "Polygon", "coordinates": [[[116.464707, 39.9064108], [116.4647043, 39.9060866], [116.4659446, 39.9060805], [116.4659473, 39.9064104], [116.4658359, 39.9064109], [116.4658361, 39.9064414], [116.4647891, 39.9064465], [116.4647888, 39.9064104], [116.464707, 39.9064108]]]}, "properties": {"name": "建筑_144", "category": "建筑", "height": null, "levels": null, "osmId": "way/238923623"}}, {"type": "Feature", "geometry": {"type": "Polygon", "coordinates": [[[116.4543484, 39.9127681], [116.4541123, 39.9127722], [116.4539514, 39.912908], [116.4539514, 39.9129615], [116.4541204, 39.9130726], [116.4543564, 39.9130726], [116.4545522, 39.9129327], [116.4545549, 39.9128668], [116.4543484, 39.9127681]]]}, "properties": {"name": "建筑_145", "category": "建筑", "height": null, "levels": null, "osmId": "way/241504665"}}, {"type": "Feature", "geometry": {"type": "Polygon", "coordinates": [[[116.454303, 39.9123763], [116.4544802, 39.9124585], [116.4545203, 39.9124771], [116.454523, 39.9125367], [116.454295, 39.9126663], [116.4540536, 39.9126746], [116.4539088, 39.9125758], [116.4539141, 39.9125017], [116.4540804, 39.912368], [116.454303, 39.9123763]]]}, "properties": {"name": "建筑_146", "category": "建筑", "height": null, "levels": null, "osmId": "way/241504700"}}, {"type": "Feature", "geometry": {"type": "Polygon", "coordinates": [[[116.4711786, 39.9002192], [116.4712686, 39.9002165], [116.471242, 39.8996939], [116.471152, 39.8996967], [116.4711786, 39.9002192]]]}, "properties": {"name": "建筑_147", "category": "建筑", "height": null, "levels": null, "osmId": "way/258198404"}}, {"type": "Feature", "geometry": {"type": "Polygon", "coordinates": [[[116.4703902, 39.900041], [116.4710735, 39.9000217], [116.471053, 39.8995947], [116.4703697, 39.899614], [116.4703902, 39.900041]]]}, "properties": {"name": "建筑_148", "category": "建筑", "height": null, "levels": null, "osmId": "way/258198409"}}, {"type": "Feature", "geometry": {"type": "Polygon", "coordinates": [[[116.470406, 39.9001913], [116.4708012, 39.9001879], [116.4708, 39.9001086], [116.4704048, 39.900112], [116.470406, 39.9001913]]]}, "properties": {"name": "建筑_149", "category": "建筑", "height": null, "levels": null, "osmId": "way/258198439"}}, {"type": "Feature", "geometry": {"type": "Polygon", "coordinates": [[[116.459628, 39.9000068], [116.4596543, 39.9000911], [116.4602842, 39.8999751], [116.4602578, 39.8998908], [116.459628, 39.9000068]]]}, "properties": {"name": "建筑_150", "category": "建筑", "height": null, "levels": null, "osmId": "way/258198460"}}, {"type": "Feature", "geometry": {"type": "Polygon", "coordinates": [[[116.4703919, 39.9002054], [116.4703946, 39.9003204], [116.4708103, 39.9003146], [116.4708076, 39.9001996], [116.4703919, 39.9002054]]]}, "properties": {"name": "建筑_151", "category": "建筑", "height": null, "levels": null, "osmId": "way/258198500"}}, {"type": "Feature", "geometry": {"type": "Polygon", "coordinates": [[[116.4695671, 39.9001844], [116.4700188, 39.9001948], [116.470036, 39.8997524], [116.4696876, 39.8997444], [116.4696813, 39.8999067], [116.469578, 39.8999043], [116.4695671, 39.9001844]]]}, "properties": {"name": "建筑_152", "category": "建筑", "height": null, "levels": null, "osmId": "way/258198512"}}, {"type": "Feature", "geometry": {"type": "Polygon", "coordinates": [[[116.4708243, 39.9003575], [116.471271, 39.9003746], [116.4712728, 39.9002621], [116.4711706, 39.9002656], [116.4711564, 39.9001082], [116.470819, 39.9001075], [116.4708243, 39.9003575]]]}, "properties": {"name": "建筑_153", "category": "建筑", "height": null, "levels": null, "osmId": "way/258198523"}}, {"type": "Feature", "geometry": {"type": "Polygon", "coordinates": [[[116.4722905, 39.9096043], [116.4740101, 39.909607], [116.474011, 39.9092431], [116.4738879, 39.9091242], [116.4735458, 39.9091242], [116.4731034, 39.9087323], [116.4731079, 39.9083614], [116.4728935, 39.908155], [116.4728935, 39.9080465], [116.4725423, 39.9077211], [116.4722955, 39.9077208], [116.4722905, 39.9096043]]]}, "properties": {"name": "建筑_154", "category": "建筑", "height": null, "levels": null, "osmId": "way/289331432"}}, {"type": "Feature", "geometry": {"type": "Polygon", "coordinates": [[[116.4737894, 39.9083189], [116.4738023, 39.9080307], [116.4734554, 39.907703], [116.4732819, 39.9077055], [116.4732209, 39.9076562], [116.4732113, 39.9079691], [116.4735582, 39.9082844], [116.4737316, 39.908277], [116.4737894, 39.9083189]]]}, "properties": {"name": "建筑_155", "category": "建筑", "height": null, "levels": 30.0, "osmId": "way/289331433"}}, {"type": "Feature", "geometry": {"type": "Polygon", "coordinates": [[[116.4748204, 39.9082746], [116.4744575, 39.9079469], [116.4744768, 39.9076537], [116.4745506, 39.9077128], [116.4747112, 39.9077055], [116.4750613, 39.9080184], [116.4750421, 39.9083091], [116.4749971, 39.9082647], [116.4748204, 39.9082746]]]}, "properties": {"name": "建筑_156", "category": "建筑", "height": null, "levels": 30.0, "osmId": "way/289331434"}}, {"type": "Feature", "geometry": {"type": "Polygon", "coordinates": [[[116.4670062, 39.9120209], [116.4673656, 39.9119591], [116.4674538, 39.9118224], [116.4673465, 39.9114747], [116.4670813, 39.9106188], [116.4668342, 39.910516], [116.4665636, 39.9107556], [116.4666344, 39.9109429], [116.4668316, 39.9109532], [116.4669657, 39.9113163], [116.4670864, 39.9116722], [116.4669415, 39.9118265], [116.4670062, 39.9120209]]]}, "properties": {"name": "建筑_157", "category": "建筑", "height": null, "levels": null, "osmId": "way/295949271"}}, {"type": "Feature", "geometry": {"type": "Polygon", "coordinates": [[[116.468637, 39.9080909], [116.468642, 39.9083379], [116.4693102, 39.9083381], [116.4693183, 39.9076774], [116.4675057, 39.9076837], [116.467504, 39.9081538], [116.468637, 39.9080909]]]}, "properties": {"name": "建筑_158", "category": "建筑", "height": null, "levels": null, "osmId": "way/295949273"}}, {"type": "Feature", "geometry": {"type": "Polygon", "coordinates": [[[116.4639755, 39.9082196], [116.4642144, 39.9082197], [116.4655411, 39.9082201], [116.4655414, 39.907714], [116.4641939, 39.9077133], [116.4639759, 39.9077132], [116.4639755, 39.9082196]]]}, "properties": {"name": "建筑_159", "category": "建筑", "height": 150.0, "levels": 50.0, "osmId": "way/295949274"}}, {"type": "Feature", "geometry": {"type": "Polygon", "coordinates": [[[116.4724019, 39.9110162], [116.4725991, 39.9110099], [116.4725827, 39.9107111], [116.4723855, 39.9107174], [116.4724019, 39.9110162]]]}, "properties": {"name": "建筑_160", "category": "建筑", "height": null, "levels": null, "osmId": "way/297808754"}}, {"type": "Feature", "geometry": {"type": "Polygon", "coordinates": [[[116.4731712, 39.9109948], [116.4733932, 39.9109907], [116.4733837, 39.9106878], [116.4731617, 39.9106919], [116.4731712, 39.9109948]]]}, "properties": {"name": "建筑_161", "category": "建筑", "height": null, "levels": null, "osmId": "way/297808755"}}, {"type": "Feature", "geometry": {"type": "Polygon", "coordinates": [[[116.4738922, 39.9110172], [116.4740796, 39.9110172], [116.4740796, 39.9107146], [116.4738922, 39.9107146], [116.4738922, 39.9110172]]]}, "properties": {"name": "建筑_162", "category": "建筑", "height": null, "levels": null, "osmId": "way/297808756"}}, {"type": "Feature", "geometry": {"type": "Polygon", "coordinates": [[[116.4746408, 39.9110186], [116.4748481, 39.9110161], [116.4748415, 39.910698], [116.4746342, 39.9107006], [116.4746408, 39.9110186]]]}, "properties": {"name": "建筑_163", "category": "建筑", "height": null, "levels": null, "osmId": "way/297808757"}}, {"type": "Feature", "geometry": {"type": "Polygon", "coordinates": [[[116.4723173, 39.9105859], [116.4725542, 39.9105859], [116.4725365, 39.9098428], [116.472312, 39.9098387], [116.4723173, 39.9105859]]]}, "properties": {"name": "建筑_164", "category": "建筑", "height": null, "levels": null, "osmId": "way/297808758"}}, {"type": "Feature", "geometry": {"type": "Polygon", "coordinates": [[[116.4727914, 39.9101503], [116.4729889, 39.9101503], [116.4729889, 39.9098475], [116.4727914, 39.9098475], [116.4727914, 39.9101503]]]}, "properties": {"name": "建筑_165", "category": "建筑", "height": null, "levels": null, "osmId": "way/297808759"}}, {"type": "Feature", "geometry": {"type": "Polygon", "coordinates": [[[116.4734713, 39.9101741], [116.4736829, 39.9101754], [116.4736862, 39.9098578], [116.4734745, 39.9098565], [116.4734713, 39.9101741]]]}, "properties": {"name": "建筑_166", "category": "建筑", "height": null, "levels": null, "osmId": "way/297808760"}}, {"type": "Feature", "geometry": {"type": "Polygon", "coordinates": [[[116.4741736, 39.910173], [116.4743609, 39.910173], [116.4743609, 39.9098551], [116.4741737, 39.9098551], [116.4741736, 39.910173]]]}, "properties": {"name": "建筑_167", "category": "建筑", "height": null, "levels": null, "osmId": "way/297808761"}}, {"type": "Feature", "geometry": {"type": "Polygon", "coordinates": [[[116.4675164, 39.908767], [116.4679207, 39.9090484], [116.4680562, 39.9089339], [116.4676518, 39.9086525], [116.4675164, 39.908767]]]}, "properties": {"name": "建筑_168", "category": "建筑", "height": null, "levels": null, "osmId": "way/297809756"}}, {"type": "Feature", "geometry": {"type": "Polygon", "coordinates": [[[116.4679968, 39.9097122], [116.4681375, 39.909613], [116.4677284, 39.9092716], [116.4675877, 39.9093708], [116.4679968, 39.9097122]]]}, "properties": {"name": "建筑_169", "category": "建筑", "height": null, "levels": null, "osmId": "way/297809758"}}, {"type": "Feature", "geometry": {"type": "Polygon", "coordinates": [[[116.4689588, 39.9089893], [116.4693883, 39.9086832], [116.4692856, 39.9085985], [116.4688561, 39.9089045], [116.4689588, 39.9089893]]]}, "properties": {"name": "建筑_170", "category": "建筑", "height": null, "levels": null, "osmId": "way/297809760"}}, {"type": "Feature", "geometry": {"type": "Polygon", "coordinates": [[[116.4702253, 39.9081535], [116.4708145, 39.9081461], [116.4708114, 39.9079986], [116.4702221, 39.9080061], [116.4702253, 39.9081535]]]}, "properties": {"name": "建筑_171", "category": "建筑", "height": null, "levels": null, "osmId": "way/297809761"}}, {"type": "Feature", "geometry": {"type": "Polygon", "coordinates": [[[116.4702229, 39.9086762], [116.4707961, 39.9086725], [116.4707944, 39.9085226], [116.4702213, 39.9085263], [116.4702229, 39.9086762]]]}, "properties": {"name": "建筑_172", "category": "建筑", "height": null, "levels": null, "osmId": "way/297809763"}}, {"type": "Feature", "geometry": {"type": "Polygon", "coordinates": [[[116.4709411, 39.9088107], [116.4714469, 39.9087982], [116.4714408, 39.9086531], [116.470935, 39.9086656], [116.4709411, 39.9088107]]]}, "properties": {"name": "建筑_173", "category": "建筑", "height": null, "levels": null, "osmId": "way/297809765"}}, {"type": "Feature", "geometry": {"type": "Polygon", "coordinates": [[[116.4712352, 39.908209], [116.4714271, 39.9082035], [116.471415, 39.9079577], [116.4712232, 39.9079632], [116.4712352, 39.908209]]]}, "properties": {"name": "建筑_174", "category": "建筑", "height": null, "levels": null, "osmId": "way/297809766"}}, {"type": "Feature", "geometry": {"type": "Polygon", "coordinates": [[[116.4697821, 39.9078302], [116.4708132, 39.9078258], [116.4708126, 39.9077421], [116.4697814, 39.9077466], [116.4697821, 39.9078302]]]}, "properties": {"name": "建筑_175", "category": "建筑", "height": null, "levels": null, "osmId": "way/297809768"}}, {"type": "Feature", "geometry": {"type": "Polygon", "coordinates": [[[116.4697038, 39.907571], [116.4704015, 39.907569], [116.4704009, 39.9074388], [116.4697032, 39.9074408], [116.4697038, 39.907571]]]}, "properties": {"name": "建筑_176", "category": "建筑", "height": null, "levels": null, "osmId": "way/297809770"}}, {"type": "Feature", "geometry": {"type": "Polygon", "coordinates": [[[116.4639797, 39.9099327], [116.4647351, 39.9099197], [116.4647296, 39.9097302], [116.4639742, 39.9097432], [116.4639797, 39.9099327]]]}, "properties": {"name": "建筑_177", "category": "建筑", "height": null, "levels": null, "osmId": "way/297809771"}}, {"type": "Feature", "geometry": {"type": "Polygon", "coordinates": [[[116.4649312, 39.9099281], [116.465619, 39.9099387], [116.4656243, 39.9097345], [116.4649365, 39.9097239], [116.4649312, 39.9099281]]]}, "properties": {"name": "建筑_178", "category": "建筑", "height": null, "levels": null, "osmId": "way/297809773"}}, {"type": "Feature", "geometry": {"type": "Polygon", "coordinates": [[[116.4639303, 39.9089089], [116.4642409, 39.9089065], [116.4642375, 39.9086387], [116.4639269, 39.908641], [116.4639303, 39.9089089]]]}, "properties": {"name": "建筑_179", "category": "建筑", "height": null, "levels": null, "osmId": "way/297809775"}}, {"type": "Feature", "geometry": {"type": "Polygon", "coordinates": [[[116.464516, 39.9088184], [116.4651501, 39.908808], [116.4651445, 39.9086066], [116.4645104, 39.908617], [116.464516, 39.9088184]]]}, "properties": {"name": "建筑_180", "category": "建筑", "height": null, "levels": null, "osmId": "way/297809777"}}, {"type": "Feature", "geometry": {"type": "Polygon", "coordinates": [[[116.4463905, 39.909705], [116.4467147, 39.9097029], [116.4467083, 39.9091358], [116.4463842, 39.9091379], [116.4463905, 39.909705]]]}, "properties": {"name": "建筑_181", "category": "建筑", "height": null, "levels": null, "osmId": "way/297810110"}}, {"type": "Feature", "geometry": {"type": "Polygon", "coordinates": [[[116.4456314, 39.9100503], [116.4464676, 39.9100572], [116.4464707, 39.9098435], [116.4456345, 39.9098365], [116.4456314, 39.9100503]]]}, "properties": {"name": "建筑_182", "category": "建筑", "height": null, "levels": null, "osmId": "way/297810111"}}, {"type": "Feature", "geometry": {"type": "Polygon", "coordinates": [[[116.4456245, 39.9092282], [116.4457911, 39.9092315], [116.445805, 39.9088201], [116.4456384, 39.9088168], [116.4456245, 39.9092282]]]}, "properties": {"name": "建筑_183", "category": "建筑", "height": null, "levels": null, "osmId": "way/297810112"}}, {"type": "Feature", "geometry": {"type": "Polygon", "coordinates": [[[116.4466338, 39.9100762], [116.4468737, 39.9100808], [116.4468765, 39.9099948], [116.4469691, 39.9099965], [116.4469713, 39.9099276], [116.4472621, 39.9099331], [116.4472604, 39.909985], [116.4473581, 39.9099869], [116.4473557, 39.9100625], [116.447546, 39.9100661], [116.4475488, 39.9099791], [116.4473446, 39.9099753], [116.4473494, 39.9098285], [116.4468724, 39.9098195], [116.4468678, 39.9099643], [116.4466375, 39.90996], [116.4466338, 39.9100762]]]}, "properties": {"name": "建筑_184", "category": "建筑", "height": null, "levels": null, "osmId": "way/297810113"}}, {"type": "Feature", "geometry": {"type": "Polygon", "coordinates": [[[116.4470897, 39.9096528], [116.4476225, 39.9096509], [116.447622, 39.9095692], [116.4470892, 39.9095711], [116.4470897, 39.9096528]]]}, "properties": {"name": "建筑_185", "category": "建筑", "height": null, "levels": null, "osmId": "way/297810114"}}, {"type": "Feature", "geometry": {"type": "Polygon", "coordinates": [[[116.4470999, 39.9094218], [116.4476206, 39.9094123], [116.4476178, 39.9093213], [116.4470971, 39.9093308], [116.4470999, 39.9094218]]]}, "properties": {"name": "建筑_186", "category": "建筑", "height": null, "levels": null, "osmId": "way/297810115"}}, {"type": "Feature", "geometry": {"type": "Polygon", "coordinates": [[[116.447082, 39.9091744], [116.4476268, 39.9091705], [116.4476258, 39.9090921], [116.4470811, 39.909096], [116.447082, 39.9091744]]]}, "properties": {"name": "建筑_187", "category": "建筑", "height": null, "levels": null, "osmId": "way/297810116"}}, {"type": "Feature", "geometry": {"type": "Polygon", "coordinates": [[[116.4471234, 39.9089897], [116.4476505, 39.9089843], [116.4476484, 39.9088657], [116.4471213, 39.9088711], [116.4471234, 39.9089897]]]}, "properties": {"name": "建筑_188", "category": "建筑", "height": null, "levels": null, "osmId": "way/297810117"}}, {"type": "Feature", "geometry": {"type": "Polygon", "coordinates": [[[116.446773, 39.9087609], [116.4469301, 39.908762], [116.4469324, 39.9085772], [116.4474678, 39.9085811], [116.4474671, 39.9086329], [116.4476853, 39.9086345], [116.4476869, 39.9085014], [116.4467762, 39.9084948], [116.446773, 39.9087609]]]}, "properties": {"name": "建筑_189", "category": "建筑", "height": null, "levels": null, "osmId": "way/297810118"}}, {"type": "Feature", "geometry": {"type": "Polygon", "coordinates": [[[116.4477962, 39.9091053], [116.4479297, 39.9091053], [116.4479297, 39.9088172], [116.4477962, 39.9088172], [116.4477962, 39.9091053]]]}, "properties": {"name": "建筑_190", "category": "建筑", "height": null, "levels": null, "osmId": "way/297810119"}}, {"type": "Feature", "geometry": {"type": "Polygon", "coordinates": [[[116.4655086, 39.9181958], [116.4655325, 39.9180457], [116.4660256, 39.9180919], [116.4660529, 39.9179206], [116.466427, 39.9179557], [116.4664327, 39.9179202], [116.4669338, 39.9179672], [116.4669283, 39.9180013], [116.4672818, 39.9180345], [116.4672536, 39.9182114], [116.4677365, 39.9182567], [116.4677129, 39.9184042], [116.4671234, 39.9183489], [116.46715, 39.9181817], [116.4661426, 39.9180872], [116.4661162, 39.9182528], [116.4655086, 39.9181958]]]}, "properties": {"name": "建筑_191", "category": "建筑", "height": null, "levels": null, "osmId": "way/298031030"}}, {"type": "Feature", "geometry": {"type": "Polygon", "coordinates": [[[116.4748024, 39.9064142], [116.4747963, 39.9061627], [116.4750199, 39.9061595], [116.4750226, 39.9062732], [116.4757574, 39.9062627], [116.4757608, 39.9064005], [116.4748024, 39.9064142]]]}, "properties": {"name": "建筑_192", "category": "建筑", "height": null, "levels": null, "osmId": "way/312798021"}}, {"type": "Feature", "geometry": {"type": "Polygon", "coordinates": [[[116.4748902, 39.9060329], [116.4748869, 39.9058682], [116.4757598, 39.9058579], [116.4757649, 39.9061138], [116.4755283, 39.9061166], [116.4755264, 39.9060255], [116.4748902, 39.9060329]]]}, "properties": {"name": "建筑_193", "category": "建筑", "height": null, "levels": null, "osmId": "way/312798022"}}, {"type": "Feature", "geometry": {"type": "Polygon", "coordinates": [[[116.4456472, 39.9053498], [116.4459901, 39.9053471], [116.4459707, 39.9038927], [116.4456277, 39.9038954], [116.4456472, 39.9053498]]]}, "properties": {"name": "建筑_194", "category": "建筑", "height": null, "levels": null, "osmId": "way/337129533"}}, {"type": "Feature", "geometry": {"type": "Polygon", "coordinates": [[[116.4478864, 39.9043231], [116.4481837, 39.904427], [116.4483215, 39.904195], [116.4480242, 39.9040911], [116.4478864, 39.9043231]]]}, "properties": {"name": "建筑_195", "category": "建筑", "height": null, "levels": null, "osmId": "way/337129534"}}, {"type": "Feature", "geometry": {"type": "Polygon", "coordinates": [[[116.4480018, 39.9034108], [116.4482991, 39.9035147], [116.4484369, 39.9032827], [116.4481396, 39.9031788], [116.4480018, 39.9034108]]]}, "properties": {"name": "建筑_196", "category": "建筑", "height": null, "levels": null, "osmId": "way/337129535"}}, {"type": "Feature", "geometry": {"type": "Polygon", "coordinates": [[[116.4487774, 39.9034879], [116.4490747, 39.9035918], [116.4492124, 39.9033597], [116.4489152, 39.9032559], [116.4487774, 39.9034879]]]}, "properties": {"name": "建筑_197", "category": "建筑", "height": null, "levels": null, "osmId": "way/337129536"}}, {"type": "Feature", "geometry": {"type": "Polygon", "coordinates": [[[116.4488214, 39.9040564], [116.4491186, 39.9041602], [116.4492564, 39.9039282], [116.4489591, 39.9038243], [116.4488214, 39.9040564]]]}, "properties": {"name": "建筑_198", "category": "建筑", "height": null, "levels": null, "osmId": "way/337129537"}}, {"type": "Feature", "geometry": {"type": "Polygon", "coordinates": [[[116.4488276, 39.9047139], [116.4491249, 39.9048178], [116.4492627, 39.9045858], [116.4489654, 39.9044819], [116.4488276, 39.9047139]]]}, "properties": {"name": "建筑_199", "category": "建筑", "height": null, "levels": null, "osmId": "way/337129538"}}, {"type": "Feature", "geometry": {"type": "Polygon", "coordinates": [[[116.4464659, 39.9035562], [116.4466981, 39.9036408], [116.446971, 39.9031999], [116.4467388, 39.9031153], [116.4464659, 39.9035562]]]}, "properties": {"name": "建筑_200", "category": "建筑", "height": null, "levels": null, "osmId": "way/337129539"}}, {"type": "Feature", "geometry": {"type": "Polygon", "coordinates": [[[116.4466465, 39.9041777], [116.4468787, 39.9042622], [116.4471515, 39.9038213], [116.4469193, 39.9037368], [116.4466465, 39.9041777]]]}, "properties": {"name": "建筑_201", "category": "建筑", "height": null, "levels": null, "osmId": "way/337129540"}}, {"type": "Feature", "geometry": {"type": "Polygon", "coordinates": [[[116.4456472, 39.9053498], [116.4455501, 39.9053506], [116.4455532, 39.9055834], [116.4459932, 39.9055799], [116.4459901, 39.9053471], [116.4456472, 39.9053498]]]}, "properties": {"name": "建筑_202", "category": "建筑", "height": null, "levels": null, "osmId": "way/337141325"}}, {"type": "Feature", "geometry": {"type": "Polygon", "coordinates": [[[116.4456751, 39.9036395], [116.4460515, 39.9036392], [116.4460507, 39.9029998], [116.4456742, 39.9030001], [116.4456751, 39.9036395]]]}, "properties": {"name": "建筑_203", "category": "建筑", "height": null, "levels": null, "osmId": "way/337505350"}}, {"type": "Feature", "geometry": {"type": "Polygon", "coordinates": [[[116.4533395, 39.9045003], [116.4534501, 39.904536], [116.4535002, 39.9044445], [116.4533896, 39.9044088], [116.4533395, 39.9045003]]]}, "properties": {"name": "建筑_204", "category": "建筑", "height": null, "levels": null, "osmId": "way/337895236"}}, {"type": "Feature", "geometry": {"type": "Polygon", "coordinates": [[[116.4531335, 39.9040975], [116.4532579, 39.9039113], [116.4529931, 39.9038072], [116.4528688, 39.9039934], [116.4531335, 39.9040975]]]}, "properties": {"name": "建筑_205", "category": "建筑", "height": null, "levels": null, "osmId": "way/337895238"}}, {"type": "Feature", "geometry": {"type": "Polygon", "coordinates": [[[116.4531761, 39.9047713], [116.4533005, 39.9045851], [116.4530358, 39.904481], [116.4529114, 39.9046672], [116.4531761, 39.9047713]]]}, "properties": {"name": "建筑_206", "category": "建筑", "height": null, "levels": null, "osmId": "way/337895239"}}, {"type": "Feature", "geometry": {"type": "Polygon", "coordinates": [[[116.4524385, 39.9040811], [116.4525629, 39.903895], [116.4522982, 39.9037909], [116.4521738, 39.903977], [116.4524385, 39.9040811]]]}, "properties": {"name": "建筑_207", "category": "建筑", "height": null, "levels": null, "osmId": "way/337895240"}}, {"type": "Feature", "geometry": {"type": "Polygon", "coordinates": [[[116.452498, 39.9047819], [116.4525332, 39.9047292], [116.4525846, 39.9046523], [116.4526224, 39.9045958], [116.4523577, 39.9044917], [116.4523175, 39.9045518], [116.4522552, 39.9046449], [116.4522333, 39.9046778], [116.452498, 39.9047819]]]}, "properties": {"name": "建筑_208", "category": "建筑", "height": null, "levels": null, "osmId": "way/337895241"}}, {"type": "Feature", "geometry": {"type": "Polygon", "coordinates": [[[116.4485094, 39.9040375], [116.4485981, 39.9040718], [116.4486415, 39.9040057], [116.4485529, 39.9039714], [116.4485094, 39.9040375]]]}, "properties": {"name": "建筑_209", "category": "建筑", "height": null, "levels": null, "osmId": "way/338039384"}}, {"type": "Feature", "geometry": {"type": "Polygon", "coordinates": [[[116.452241, 39.9159631], [116.4523647, 39.9159687], [116.452383, 39.9158898], [116.4524303, 39.9158892], [116.4525248, 39.9160943], [116.4526303, 39.9160636], [116.4527068, 39.916058], [116.4526348, 39.9158628], [116.4536024, 39.9158567], [116.453538, 39.9156551], [116.4528809, 39.9156499], [116.4527669, 39.9157199], [116.4526408, 39.9157168], [116.4526992, 39.9154856], [116.4525354, 39.9154521], [116.4524448, 39.9157203], [116.4523902, 39.9157203], [116.4523574, 39.9156171], [116.4523207, 39.9154689], [116.4521825, 39.91548], [116.4522443, 39.9156084], [116.4523029, 39.9158013], [116.452241, 39.9159631]]]}, "properties": {"name": "北京千禧大酒店", "category": "建筑", "height": null, "levels": null, "osmId": "way/338084085"}}, {"type": "Feature", "geometry": {"type": "Polygon", "coordinates": [[[116.4522065, 39.9163528], [116.4521005, 39.9163651], [116.4520456, 39.9162129], [116.4518899, 39.9162161], [116.4519738, 39.9164364], [116.4520091, 39.9166583], [116.4521604, 39.916641], [116.4521624, 39.9165145], [116.452244, 39.9165029], [116.4523326, 39.9166881], [116.4524801, 39.9166778], [116.4523942, 39.9164885], [116.4523902, 39.9164299], [116.4525069, 39.9163939], [116.4524935, 39.9162694], [116.4523781, 39.9162931], [116.4523062, 39.9162233], [116.4521693, 39.9162605], [116.4522065, 39.9163528]]]}, "properties": {"name": "建筑_211", "category": "建筑", "height": null, "levels": null, "osmId": "way/338084354"}}, {"type": "Feature", "geometry": {"type": "Polygon", "coordinates": [[[116.4540528, 39.9166981], [116.4540689, 39.9164307], [116.4540582, 39.9161468], [116.4542996, 39.9161838], [116.4545249, 39.9161427], [116.4545249, 39.9164595], [116.454541, 39.9167064], [116.4542889, 39.9167228], [116.4540528, 39.9166981]]]}, "properties": {"name": "财富金融中心（北京财富中心三期）", "category": "建筑", "height": 265.0, "levels": 55.0, "osmId": "way/338085198"}}, {"type": "Feature", "geometry": {"type": "Polygon", "coordinates": [[[116.4529046, 39.9147991], [116.4535513, 39.9147319], [116.4538738, 39.9147488], [116.4539293, 39.9146552], [116.4538539, 39.9144659], [116.4535888, 39.9144642], [116.4529682, 39.9145171], [116.4529046, 39.9147991]]]}, "properties": {"name": "北京财富中心写字楼A座", "category": "建筑", "height": null, "levels": null, "osmId": "way/338147228"}}, {"type": "Feature", "geometry": {"type": "Polygon", "coordinates": [[[116.4690076, 39.9055225], [116.4693956, 39.9055225], [116.4693956, 39.9052005], [116.4690076, 39.9052005], [116.4690076, 39.9055225]]]}, "properties": {"name": "建筑_214", "category": "建筑", "height": null, "levels": null, "osmId": "way/339862100"}}, {"type": "Feature", "geometry": {"type": "Polygon", "coordinates": [[[116.4689505, 39.9044706], [116.4693384, 39.9044706], [116.4693384, 39.9041486], [116.4689505, 39.9041486], [116.4689505, 39.9044706]]]}, "properties": {"name": "建筑_215", "category": "建筑", "height": null, "levels": null, "osmId": "way/339862101"}}, {"type": "Feature", "geometry": {"type": "Polygon", "coordinates": [[[116.4701533, 39.9054933], [116.4705413, 39.9054933], [116.4705413, 39.9051714], [116.4701533, 39.9051714], [116.4701533, 39.9054933]]]}, "properties": {"name": "建筑_216", "category": "建筑", "height": null, "levels": null, "osmId": "way/339862102"}}, {"type": "Feature", "geometry": {"type": "Polygon", "coordinates": [[[116.4706988, 39.9044987], [116.4710867, 39.9044987], [116.4710867, 39.9041767], [116.4706988, 39.9041767], [116.4706988, 39.9044987]]]}, "properties": {"name": "建筑_217", "category": "建筑", "height": null, "levels": null, "osmId": "way/339862103"}}, {"type": "Feature", "geometry": {"type": "Polygon", "coordinates": [[[116.4681623, 39.9044762], [116.4685503, 39.9044762], [116.4685503, 39.9041542], [116.4681623, 39.9041542], [116.4681623, 39.9044762]]]}, "properties": {"name": "建筑_218", "category": "建筑", "height": null, "levels": null, "osmId": "way/339862104"}}, {"type": "Feature", "geometry": {"type": "Polygon", "coordinates": [[[116.4699582, 39.9044594], [116.4703462, 39.9044594], [116.4703462, 39.9041374], [116.4699582, 39.9041374], [116.4699582, 39.9044594]]]}, "properties": {"name": "建筑_219", "category": "建筑", "height": null, "levels": null, "osmId": "way/339862105"}}, {"type": "Feature", "geometry": {"type": "Polygon", "coordinates": [[[116.4468169, 39.9163816], [116.4470894, 39.9163789], [116.4470965, 39.9159445], [116.4467957, 39.91595], [116.4468169, 39.9163816]]]}, "properties": {"name": "SOHO尚都-南塔", "category": "建筑", "height": null, "levels": null, "osmId": "way/343683104"}}, {"type": "Feature", "geometry": {"type": "Polygon", "coordinates": [[[116.4467886, 39.9169408], [116.4467957, 39.9165309], [116.4470823, 39.9165282], [116.4470894, 39.9169326], [116.4467886, 39.9169408]]]}, "properties": {"name": "SOHO尚都-北塔", "category": "建筑", "height": null, "levels": null, "osmId": "way/343683105"}}, {"type": "Feature", "geometry": {"type": "Polygon", "coordinates": [[[116.4594355, 39.914713], [116.4594419, 39.9148804], [116.4595204, 39.9150367], [116.459662, 39.9151641], [116.459841, 39.9152454], [116.4600443, 39.9152791], [116.4602511, 39.9152616], [116.46044, 39.9151948], [116.4605916, 39.9150855], [116.4606903, 39.9149451], [116.4607259, 39.9147879], [116.4606948, 39.9146301], [116.4606002, 39.914488], [116.4604432, 39.9143717], [116.4602447, 39.9143019], [116.4600273, 39.9142866], [116.4598156, 39.9143275], [116.4596336, 39.91442], [116.4595019, 39.9145535], [116.4594355, 39.914713]]]}, "properties": {"name": "建筑_222", "category": "建筑", "height": null, "levels": 2.0, "osmId": "way/345716071"}}, {"type": "Feature", "geometry": {"type": "Polygon", "coordinates": [[[116.4445749, 39.9093903], [116.445224, 39.9093862], [116.4452347, 39.9092689], [116.4446532, 39.9092705], [116.4445722, 39.9092751], [116.4445749, 39.9093903]]]}, "properties": {"name": "建筑_223", "category": "建筑", "height": null, "levels": null, "osmId": "way/352736786"}}, {"type": "Feature", "geometry": {"type": "Polygon", "coordinates": [[[116.4448041, 39.9090437], [116.4448057, 39.908944], [116.445232, 39.9089479], [116.4452305, 39.9090476], [116.4448041, 39.9090437]]]}, "properties": {"name": "建筑_224", "category": "建筑", "height": null, "levels": null, "osmId": "way/352736788"}}, {"type": "Feature", "geometry": {"type": "Polygon", "coordinates": [[[116.4446624, 39.9108872], [116.444667, 39.9103917], [116.4451119, 39.9103857], [116.4451095, 39.9102765], [116.4446455, 39.9102682], [116.4446455, 39.910369], [116.4445172, 39.9103685], [116.444505, 39.9108864], [116.4446624, 39.9108872]]]}, "properties": {"name": "建筑_225", "category": "建筑", "height": null, "levels": null, "osmId": "way/352736789"}}, {"type": "Feature", "geometry": {"type": "Polygon", "coordinates": [[[116.445326, 39.9109815], [116.4457498, 39.9109924], [116.4457556, 39.9107319], [116.4453336, 39.9107291], [116.445326, 39.9109815]]]}, "properties": {"name": "建筑_226", "category": "建筑", "height": null, "levels": null, "osmId": "way/352736790"}}, {"type": "Feature", "geometry": {"type": "Polygon", "coordinates": [[[116.4457498, 39.9109924], [116.4462787, 39.9109953], [116.4462823, 39.9107874], [116.4462793, 39.9107387], [116.4457556, 39.9107319], [116.4457498, 39.9109924]]]}, "properties": {"name": "建筑_227", "category": "建筑", "height": null, "levels": null, "osmId": "way/352736791"}}, {"type": "Feature", "geometry": {"type": "Polygon", "coordinates": [[[116.4462787, 39.9109953], [116.4467077, 39.9110008], [116.4467128, 39.9107918], [116.4462823, 39.9107874], [116.4462787, 39.9109953]]]}, "properties": {"name": "建筑_228", "category": "建筑", "height": null, "levels": null, "osmId": "way/352736792"}}, {"type": "Feature", "geometry": {"type": "Polygon", "coordinates": [[[116.4467077, 39.9110008], [116.4471219, 39.9110067], [116.4471294, 39.9106977], [116.4467152, 39.9106918], [116.4467128, 39.9107918], [116.4467077, 39.9110008]]]}, "properties": {"name": "建筑_229", "category": "建筑", "height": null, "levels": null, "osmId": "way/352736793"}}, {"type": "Feature", "geometry": {"type": "Polygon", "coordinates": [[[116.447551, 39.9103109], [116.4479683, 39.9103132], [116.4479681, 39.9103385], [116.4486386, 39.9103422], [116.4486398, 39.9102118], [116.4479884, 39.9102083], [116.4479887, 39.9101756], [116.4475523, 39.9101732], [116.447551, 39.9103109]]]}, "properties": {"name": "建筑_230", "category": "建筑", "height": null, "levels": null, "osmId": "way/352736794"}}, {"type": "Feature", "geometry": {"type": "Polygon", "coordinates": [[[116.4505865, 39.9096545], [116.4501724, 39.9096491], [116.4501724, 39.9092961], [116.4505971, 39.9092907], [116.4505865, 39.9096545]]]}, "properties": {"name": "建筑_231", "category": "建筑", "height": null, "levels": null, "osmId": "way/352737417"}}, {"type": "Feature", "geometry": {"type": "Polygon", "coordinates": [[[116.450117, 39.9090182], [116.4505382, 39.9090291], [116.4505488, 39.9088064], [116.4504532, 39.9087277], [116.4502267, 39.908725], [116.4501205, 39.9088092], [116.450117, 39.9090182]]]}, "properties": {"name": "建筑_232", "category": "建筑", "height": null, "levels": null, "osmId": "way/352737418"}}, {"type": "Feature", "geometry": {"type": "Polygon", "coordinates": [[[116.4681557, 39.9135072], [116.4683235, 39.913508], [116.4683309, 39.9126042], [116.4681631, 39.9126034], [116.4681557, 39.9135072]]]}, "properties": {"name": "建筑_233", "category": "建筑", "height": null, "levels": null, "osmId": "way/352845717"}}, {"type": "Feature", "geometry": {"type": "Polygon", "coordinates": [[[116.468061, 39.9126043], [116.4684263, 39.9126058], [116.4684302, 39.912624], [116.4687975, 39.912624], [116.4688015, 39.9126058], [116.4691668, 39.9126043], [116.4691707, 39.9124635], [116.4680709, 39.9124635], [116.468061, 39.9126043]]]}, "properties": {"name": "建筑_234", "category": "建筑", "height": null, "levels": null, "osmId": "way/352845727"}}, {"type": "Feature", "geometry": {"type": "Polygon", "coordinates": [[[116.4508443, 39.9084112], [116.4514867, 39.9084155], [116.4514755, 39.907897], [116.4508331, 39.9078927], [116.4508443, 39.9084112]]]}, "properties": {"name": "建筑_235", "category": "建筑", "height": null, "levels": 5.0, "osmId": "way/371402227"}}, {"type": "Feature", "geometry": {"type": "Polygon", "coordinates": [[[116.4455302, 39.9064637], [116.4459324, 39.9064637], [116.4459268, 39.9061895], [116.4455134, 39.9061852], [116.4455302, 39.9064637]]]}, "properties": {"name": "建筑_236", "category": "建筑", "height": null, "levels": 22.0, "osmId": "way/371402228"}}, {"type": "Feature", "geometry": {"type": "Polygon", "coordinates": [[[116.4452636, 39.9081973], [116.4446128, 39.9081973], [116.4446129, 39.908287], [116.4452592, 39.9082882], [116.4452636, 39.9081973]]]}, "properties": {"name": "建筑_237", "category": "建筑", "height": null, "levels": null, "osmId": "way/371402235"}}, {"type": "Feature", "geometry": {"type": "Polygon", "coordinates": [[[116.4445935, 39.9086952], [116.4445896, 39.9085982], [116.4452255, 39.9085891], [116.4452216, 39.9086891], [116.4445935, 39.9086952]]]}, "properties": {"name": "建筑_238", "category": "建筑", "height": null, "levels": null, "osmId": "way/371402240"}}, {"type": "Feature", "geometry": {"type": "Polygon", "coordinates": [[[116.4445078, 39.9111258], [116.4451714, 39.9111227], [116.4451714, 39.9109561], [116.4445117, 39.9109652], [116.4445078, 39.9111258]]]}, "properties": {"name": "建筑_239", "category": "建筑", "height": null, "levels": null, "osmId": "way/371402254"}}, {"type": "Feature", "geometry": {"type": "Polygon", "coordinates": [[[116.4445196, 39.9118499], [116.4451595, 39.9118469], [116.4451635, 39.9117075], [116.4446816, 39.9116984], [116.4446816, 39.9113439], [116.4445078, 39.9113469], [116.4445196, 39.9118499]]]}, "properties": {"name": "建筑_240", "category": "建筑", "height": null, "levels": null, "osmId": "way/371402270"}}, {"type": "Feature", "geometry": {"type": "Polygon", "coordinates": [[[116.4463122, 39.9064808], [116.4471613, 39.9064637], [116.4471558, 39.906018], [116.4468038, 39.9060138], [116.446815, 39.9062409], [116.4466418, 39.9062366], [116.4466362, 39.9060095], [116.4462955, 39.9060266], [116.4463122, 39.9064808]]]}, "properties": {"name": "北京国际财源中心", "category": "建筑", "height": null, "levels": 25.0, "osmId": "way/371402277"}}, {"type": "Feature", "geometry": {"type": "Polygon", "coordinates": [[[116.4676341, 39.9060905], [116.4679153, 39.906094], [116.4679034, 39.9058685], [116.4676452, 39.9058685], [116.4676341, 39.9060905]]]}, "properties": {"name": "建筑_242", "category": "建筑", "height": null, "levels": null, "osmId": "way/435302058"}}, {"type": "Feature", "geometry": {"type": "Polygon", "coordinates": [[[116.466617, 39.9065237], [116.4679274, 39.9065189], [116.4679305, 39.9062556], [116.4666233, 39.9062556], [116.466617, 39.9065237]]]}, "properties": {"name": "建筑_243", "category": "建筑", "height": null, "levels": null, "osmId": "way/435302059"}}, {"type": "Feature", "geometry": {"type": "Polygon", "coordinates": [[[116.4665016, 39.9056262], [116.4662988, 39.9056262], [116.4662955, 39.9051217], [116.4664922, 39.9051281], [116.4665016, 39.9056262]]]}, "properties": {"name": "建筑_244", "category": "建筑", "height": null, "levels": null, "osmId": "way/435302060"}}, {"type": "Feature", "geometry": {"type": "Polygon", "coordinates": [[[116.4666133, 39.9061253], [116.4675307, 39.9061327], [116.4675355, 39.9058846], [116.4666037, 39.9058771], [116.4666133, 39.9061253]]]}, "properties": {"name": "建筑_245", "category": "建筑", "height": null, "levels": null, "osmId": "way/435303089"}}, {"type": "Feature", "geometry": {"type": "Polygon", "coordinates": [[[116.466483, 39.9062279], [116.4664203, 39.9062279], [116.4663227, 39.9062279], [116.4663054, 39.9056752], [116.466463, 39.9056768], [116.466483, 39.9062279]]]}, "properties": {"name": "建筑_246", "category": "建筑", "height": null, "levels": null, "osmId": "way/435303090"}}, {"type": "Feature", "geometry": {"type": "Polygon", "coordinates": [[[116.4663168, 39.9048338], [116.4677985, 39.9048524], [116.4677904, 39.9046728], [116.4663127, 39.904648], [116.4663168, 39.9048338]]]}, "properties": {"name": "建筑_247", "category": "建筑", "height": null, "levels": null, "osmId": "way/435303091"}}, {"type": "Feature", "geometry": {"type": "Polygon", "coordinates": [[[116.4663087, 39.9044715], [116.4679156, 39.9044869], [116.4679196, 39.9042701], [116.4663087, 39.9042547], [116.4663087, 39.9044715]]]}, "properties": {"name": "建筑_248", "category": "建筑", "height": null, "levels": null, "osmId": "way/435303092"}}, {"type": "Feature", "geometry": {"type": "Polygon", "coordinates": [[[116.4663006, 39.9040998], [116.4679075, 39.9041153], [116.4679075, 39.903948], [116.4662925, 39.9038954], [116.4663006, 39.9040998]]]}, "properties": {"name": "建筑_249", "category": "建筑", "height": null, "levels": null, "osmId": "way/435303093"}}, {"type": "Feature", "geometry": {"type": "Polygon", "coordinates": [[[116.4682085, 39.9098672], [116.4682086, 39.9097477], [116.4682991, 39.9097477], [116.4682991, 39.9096934], [116.4687222, 39.9096937], [116.4687222, 39.9097366], [116.46879, 39.9097366], [116.4687899, 39.9098675], [116.4682085, 39.9098672]]]}, "properties": {"name": "建筑_250", "category": "建筑", "height": null, "levels": null, "osmId": "way/455557605"}}, {"type": "Feature", "geometry": {"type": "Polygon", "coordinates": [[[116.4461713, 39.9177512], [116.4468335, 39.9177674], [116.4468465, 39.9172073], [116.4461777, 39.9171997], [116.4461713, 39.9177512]]]}, "properties": {"name": "建筑_251", "category": "建筑", "height": null, "levels": null, "osmId": "way/469518361"}}, {"type": "Feature", "geometry": {"type": "Polygon", "coordinates": [[[116.4539256, 39.9091584], [116.4544126, 39.9091627], [116.4544071, 39.9084034], [116.4539227, 39.9084094], [116.4539256, 39.9091584]]]}, "properties": {"name": "建筑_252", "category": "建筑", "height": null, "levels": null, "osmId": "way/479407952"}}, {"type": "Feature", "geometry": {"type": "Polygon", "coordinates": [[[116.453073, 39.9102703], [116.4536819, 39.9102662], [116.4536765, 39.9101839], [116.453942, 39.9101736], [116.453934, 39.9099925], [116.453309, 39.9099905], [116.4533117, 39.9100872], [116.4530784, 39.9100872], [116.453073, 39.9102703]]]}, "properties": {"name": "建筑_253", "category": "建筑", "height": 128.0, "levels": 32.0, "osmId": "way/481646089"}}, {"type": "Feature", "geometry": {"type": "Polygon", "coordinates": [[[116.4519559, 39.9101931], [116.4522911, 39.9101972], [116.4522911, 39.9102734], [116.4529215, 39.9102713], [116.4529121, 39.9101036], [116.4525446, 39.9101016], [116.4525446, 39.9100152], [116.4519451, 39.91001], [116.4519559, 39.9101931]]]}, "properties": {"name": "建筑_254", "category": "建筑", "height": null, "levels": 5.0, "osmId": "way/481646090"}}, {"type": "Feature", "geometry": {"type": "Polygon", "coordinates": [[[116.4505363, 39.9084202], [116.4508266, 39.9084155], [116.4508186, 39.9080123], [116.450608, 39.9080195], [116.4506134, 39.9080637], [116.4505329, 39.9080658], [116.4505343, 39.9084073], [116.4505363, 39.9084202]]]}, "properties": {"name": "建筑_255", "category": "建筑", "height": null, "levels": 2.0, "osmId": "way/481646094"}}, {"type": "Feature", "geometry": {"type": "Polygon", "coordinates": [[[116.4488425, 39.9103654], [116.4492582, 39.9103675], [116.4492609, 39.910277], [116.4488291, 39.9102811], [116.4488425, 39.9103654]]]}, "properties": {"name": "建筑_256", "category": "建筑", "height": null, "levels": null, "osmId": "way/481646096"}}, {"type": "Feature", "geometry": {"type": "Polygon", "coordinates": [[[116.4488452, 39.9106617], [116.4492448, 39.910672], [116.4492502, 39.9105753], [116.4488505, 39.9105691], [116.4488452, 39.9106617]]]}, "properties": {"name": "建筑_257", "category": "建筑", "height": null, "levels": null, "osmId": "way/481646097"}}, {"type": "Feature", "geometry": {"type": "Polygon", "coordinates": [[[116.4493897, 39.910674], [116.449961, 39.9106782], [116.4499663, 39.9105917], [116.4493923, 39.9105897], [116.4493897, 39.910674]]]}, "properties": {"name": "建筑_258", "category": "建筑", "height": null, "levels": null, "osmId": "way/481646098"}}, {"type": "Feature", "geometry": {"type": "Polygon", "coordinates": [[[116.4488559, 39.9100363], [116.4494487, 39.9100342], [116.4494594, 39.9099581], [116.4488639, 39.9099478], [116.4488559, 39.9100363]]]}, "properties": {"name": "建筑_259", "category": "建筑", "height": null, "levels": null, "osmId": "way/481646100"}}, {"type": "Feature", "geometry": {"type": "Polygon", "coordinates": [[[116.4488237, 39.9088604], [116.4491335, 39.9088584], [116.4491335, 39.9087226], [116.448813, 39.9087247], [116.4488237, 39.9088604]]]}, "properties": {"name": "建筑_260", "category": "建筑", "height": null, "levels": null, "osmId": "way/481646101"}}, {"type": "Feature", "geometry": {"type": "Polygon", "coordinates": [[[116.4455454, 39.9096932], [116.4457519, 39.9096829], [116.4457465, 39.9093578], [116.4455266, 39.9093681], [116.4455454, 39.9096932]]]}, "properties": {"name": "建筑_261", "category": "建筑", "height": null, "levels": null, "osmId": "way/481646104"}}, {"type": "Feature", "geometry": {"type": "Polygon", "coordinates": [[[116.4445979, 39.9100219], [116.445314, 39.9100239], [116.445314, 39.9099354], [116.4449198, 39.9099293], [116.4449144, 39.9097606], [116.4449365, 39.909759], [116.4449365, 39.909651], [116.4445919, 39.9096531], [116.4445878, 39.9097559], [116.4447541, 39.909758], [116.4447528, 39.9099164], [116.4445959, 39.9099154], [116.4445979, 39.9100219]]]}, "properties": {"name": "建筑_262", "category": "建筑", "height": null, "levels": null, "osmId": "way/481646105"}}, {"type": "Feature", "geometry": {"type": "Polygon", "coordinates": [[[116.445133, 39.9103644], [116.4453315, 39.9103603], [116.4453328, 39.9102739], [116.445133, 39.9102759], [116.445133, 39.9103644]]]}, "properties": {"name": "建筑_263", "category": "建筑", "height": null, "levels": null, "osmId": "way/481646106"}}, {"type": "Feature", "geometry": {"type": "Polygon", "coordinates": [[[116.4463983, 39.9103454], [116.4465083, 39.9103433], [116.4465083, 39.9102178], [116.4462696, 39.9102158], [116.4462508, 39.9102837], [116.4463742, 39.9102898], [116.4463983, 39.9103454]]]}, "properties": {"name": "建筑_264", "category": "建筑", "height": null, "levels": null, "osmId": "way/481646107"}}, {"type": "Feature", "geometry": {"type": "Polygon", "coordinates": [[[116.4458565, 39.910582], [116.4463876, 39.910584], [116.4463795, 39.9106478], [116.4465244, 39.9106519], [116.4465297, 39.9103865], [116.4464251, 39.9103886], [116.446409, 39.9104771], [116.4459718, 39.9104791], [116.4459799, 39.9103248], [116.4461569, 39.9103289], [116.4461462, 39.9102137], [116.4456875, 39.9102137], [116.4456875, 39.9103125], [116.4458377, 39.9103186], [116.4458565, 39.910582]]]}, "properties": {"name": "建筑_265", "category": "建筑", "height": null, "levels": null, "osmId": "way/481646108"}}, {"type": "Feature", "geometry": {"type": "Polygon", "coordinates": [[[116.4454166, 39.9106458], [116.4458163, 39.9106519], [116.4458056, 39.9105532], [116.4454247, 39.9105593], [116.4454166, 39.9106458]]]}, "properties": {"name": "建筑_266", "category": "建筑", "height": null, "levels": null, "osmId": "way/481646109"}}, {"type": "Feature", "geometry": {"type": "Polygon", "coordinates": [[[116.4467483, 39.9105275], [116.4469844, 39.9105254], [116.4469951, 39.9104863], [116.4476201, 39.9104863], [116.4476227, 39.9103793], [116.4469844, 39.9103793], [116.446971, 39.9104122], [116.446751, 39.9104225], [116.4467483, 39.9105275]]]}, "properties": {"name": "建筑_267", "category": "建筑", "height": null, "levels": null, "osmId": "way/481646110"}}, {"type": "Feature", "geometry": {"type": "Polygon", "coordinates": [[[116.4475946, 39.909903], [116.4480425, 39.9098989], [116.4480398, 39.909938], [116.4486997, 39.9099401], [116.4486997, 39.9098351], [116.4480532, 39.9098331], [116.4480613, 39.9097796], [116.447608, 39.9097858], [116.4475946, 39.909903]]]}, "properties": {"name": "建筑_268", "category": "建筑", "height": null, "levels": null, "osmId": "way/481646111"}}, {"type": "Feature", "geometry": {"type": "Polygon", "coordinates": [[[116.4478776, 39.9095008], [116.4486715, 39.9095029], [116.4486661, 39.9094267], [116.4478856, 39.9094144], [116.4478776, 39.9095008]]]}, "properties": {"name": "建筑_269", "category": "建筑", "height": null, "levels": null, "osmId": "way/481646112"}}, {"type": "Feature", "geometry": {"type": "Polygon", "coordinates": [[[116.4488606, 39.9097673], [116.4489625, 39.9097673], [116.4489598, 39.9096767], [116.4493032, 39.9096747], [116.4493032, 39.9097714], [116.4494078, 39.9097734], [116.4494104, 39.9095389], [116.4488606, 39.9095286], [116.4488606, 39.9097673]]]}, "properties": {"name": "建筑_270", "category": "建筑", "height": null, "levels": null, "osmId": "way/481646113"}}, {"type": "Feature", "geometry": {"type": "Polygon", "coordinates": [[[116.4479312, 39.9092354], [116.44865, 39.9092478], [116.4486393, 39.9091778], [116.4479312, 39.9091696], [116.4479312, 39.9092354]]]}, "properties": {"name": "建筑_271", "category": "建筑", "height": null, "levels": null, "osmId": "way/481646114"}}, {"type": "Feature", "geometry": {"type": "Polygon", "coordinates": [[[116.4479875, 39.9089371], [116.4486929, 39.9089391], [116.4486903, 39.9088651], [116.4479956, 39.9088568], [116.4479875, 39.9089371]]]}, "properties": {"name": "建筑_272", "category": "建筑", "height": null, "levels": null, "osmId": "way/481646115"}}, {"type": "Feature", "geometry": {"type": "Polygon", "coordinates": [[[116.4485763, 39.9082571], [116.4493139, 39.9082489], [116.4493112, 39.9081707], [116.4485709, 39.908181], [116.4485763, 39.9082571]]]}, "properties": {"name": "建筑_273", "category": "建筑", "height": null, "levels": null, "osmId": "way/481646117"}}, {"type": "Feature", "geometry": {"type": "Polygon", "coordinates": [[[116.4484743, 39.908646], [116.4487157, 39.9086439], [116.4487104, 39.9086027], [116.4493219, 39.9085986], [116.4493085, 39.9084814], [116.4486862, 39.9084814], [116.4486809, 39.9085369], [116.448477, 39.9085369], [116.4484743, 39.908646]]]}, "properties": {"name": "建筑_274", "category": "建筑", "height": null, "levels": null, "osmId": "way/481646118"}}, {"type": "Feature", "geometry": {"type": "Polygon", "coordinates": [[[116.4478051, 39.9082828], [116.4484596, 39.9082808], [116.4484542, 39.908145], [116.4479607, 39.9081429], [116.4479392, 39.9079907], [116.4477703, 39.9079989], [116.4477676, 39.9082787], [116.4478051, 39.9082828]]]}, "properties": {"name": "建筑_275", "category": "建筑", "height": null, "levels": null, "osmId": "way/481646121"}}, {"type": "Feature", "geometry": {"type": "Polygon", "coordinates": [[[116.447773, 39.9086367], [116.4484033, 39.9086326], [116.4483925, 39.9085297], [116.4477756, 39.9085359], [116.447773, 39.9086367]]]}, "properties": {"name": "建筑_276", "category": "建筑", "height": null, "levels": null, "osmId": "way/481646122"}}, {"type": "Feature", "geometry": {"type": "Polygon", "coordinates": [[[116.4468087, 39.9082324], [116.4474417, 39.9082283], [116.4474471, 39.9082674], [116.4476563, 39.9082633], [116.4476509, 39.9081645], [116.4474658, 39.9081686], [116.4474658, 39.9081254], [116.4468221, 39.9081295], [116.4468087, 39.9082324]]]}, "properties": {"name": "建筑_277", "category": "建筑", "height": null, "levels": 5.0, "osmId": "way/481646124"}}, {"type": "Feature", "geometry": {"type": "Polygon", "coordinates": [[[116.4455628, 39.9082232], [116.4465365, 39.908217], [116.4465338, 39.9081223], [116.4455655, 39.9081285], [116.4455628, 39.9082232]]]}, "properties": {"name": "建筑_278", "category": "建筑", "height": null, "levels": 5.0, "osmId": "way/481646125"}}, {"type": "Feature", "geometry": {"type": "Polygon", "coordinates": [[[116.4477925, 39.9058772], [116.449303, 39.9058663], [116.4492984, 39.9054954], [116.4491429, 39.9054965], [116.4491449, 39.9056605], [116.4490537, 39.9056996], [116.448388, 39.9057042], [116.4483872, 39.905635], [116.4477896, 39.9056393], [116.4477925, 39.9058772]]]}, "properties": {"name": "建筑_279", "category": "建筑", "height": null, "levels": 5.0, "osmId": "way/481646127"}}, {"type": "Feature", "geometry": {"type": "Polygon", "coordinates": [[[116.446515, 39.9050381], [116.4466893, 39.9051143], [116.4469281, 39.904746], [116.446743, 39.904676], [116.446515, 39.9050381]]]}, "properties": {"name": "建筑_280", "category": "建筑", "height": null, "levels": 10.0, "osmId": "way/481646128"}}, {"type": "Feature", "geometry": {"type": "Polygon", "coordinates": [[[116.4469388, 39.9052665], [116.4471185, 39.905318], [116.4468717, 39.9057254], [116.4467027, 39.9056472], [116.4469388, 39.9052665]]]}, "properties": {"name": "建筑_281", "category": "建筑", "height": null, "levels": 10.0, "osmId": "way/481646129"}}, {"type": "Feature", "geometry": {"type": "Polygon", "coordinates": [[[116.4455885, 39.9059279], [116.4457494, 39.9059258], [116.445744, 39.9059588], [116.4459962, 39.9059485], [116.4460069, 39.9056378], [116.445744, 39.9056419], [116.4457387, 39.9056748], [116.4455885, 39.9056748], [116.4455885, 39.9059279]]]}, "properties": {"name": "建筑_282", "category": "建筑", "height": null, "levels": null, "osmId": "way/481646238"}}, {"type": "Feature", "geometry": {"type": "Polygon", "coordinates": [[[116.4669722, 39.9023085], [116.468371, 39.9023263], [116.468386, 39.9017693], [116.4676148, 39.9017428], [116.4676067, 39.9018971], [116.4681056, 39.9019032], [116.4680922, 39.9022242], [116.4678347, 39.9022304], [116.4678293, 39.9021316], [116.4672285, 39.9020905], [116.4672312, 39.9017757], [116.4669928, 39.9017747], [116.4669722, 39.9023085]]]}, "properties": {"name": "建筑_283", "category": "建筑", "height": null, "levels": 6.0, "osmId": "way/545998547"}}, {"type": "Feature", "geometry": {"type": "Polygon", "coordinates": [[[116.4616117, 39.9117995], [116.4616177, 39.9113702], [116.4621664, 39.9113747], [116.4621603, 39.911804], [116.4616117, 39.9117995]]]}, "properties": {"name": "建筑_284", "category": "建筑", "height": 238.0, "levels": 45.0, "osmId": "way/599547915"}}, {"type": "Feature", "geometry": {"type": "Polygon", "coordinates": [[[116.4597631, 39.9118448], [116.4597669, 39.9111543], [116.4607082, 39.9111572], [116.4607045, 39.9118478], [116.4597631, 39.9118448]]]}, "properties": {"name": "建筑_285", "category": "建筑", "height": 528.0, "levels": 108.0, "osmId": "way/599547918"}}, {"type": "Feature", "geometry": {"type": "Polygon", "coordinates": [[[116.4566472, 39.9004547], [116.4569584, 39.9004567], [116.45696, 39.9003065], [116.4566489, 39.9003044], [116.4566472, 39.9004547]]]}, "properties": {"name": "建筑_286", "category": "建筑", "height": null, "levels": 1.0, "osmId": "way/638283573"}}, {"type": "Feature", "geometry": {"type": "Polygon", "coordinates": [[[116.4566559, 39.900629], [116.4569434, 39.9006313], [116.456945, 39.9005173], [116.4566575, 39.9005149], [116.4566559, 39.900629]]]}, "properties": {"name": "建筑_287", "category": "建筑", "height": null, "levels": 1.0, "osmId": "way/638283576"}}, {"type": "Feature", "geometry": {"type": "Polygon", "coordinates": [[[116.4578837, 39.9006357], [116.4581037, 39.9006357], [116.4581037, 39.9005699], [116.4578837, 39.9005699], [116.4578837, 39.9006357]]]}, "properties": {"name": "建筑_288", "category": "建筑", "height": null, "levels": 1.0, "osmId": "way/638283579"}}, {"type": "Feature", "geometry": {"type": "Polygon", "coordinates": [[[116.4581761, 39.9006728], [116.4584067, 39.9006707], [116.4584053, 39.9005737], [116.4581746, 39.9005758], [116.4581761, 39.9006728]]]}, "properties": {"name": "建筑_289", "category": "建筑", "height": null, "levels": 1.0, "osmId": "way/638283583"}}, {"type": "Feature", "geometry": {"type": "Polygon", "coordinates": [[[116.4578918, 39.9004732], [116.4583531, 39.9004711], [116.4583523, 39.9003641], [116.4578909, 39.9003661], [116.4578918, 39.9004732]]]}, "properties": {"name": "建筑_290", "category": "建筑", "height": null, "levels": 1.0, "osmId": "way/638283587"}}, {"type": "Feature", "geometry": {"type": "Polygon", "coordinates": [[[116.4578998, 39.9008744], [116.458388, 39.9008765], [116.4583889, 39.9007511], [116.4579007, 39.900749], [116.4578998, 39.9008744]]]}, "properties": {"name": "建筑_291", "category": "建筑", "height": null, "levels": 1.0, "osmId": "way/638283590"}}, {"type": "Feature", "geometry": {"type": "Polygon", "coordinates": [[[116.4592355, 39.9008045], [116.4592409, 39.9006007], [116.459112, 39.9005988], [116.4591066, 39.9008025], [116.4592355, 39.9008045]]]}, "properties": {"name": "建筑_292", "category": "建筑", "height": null, "levels": 1.0, "osmId": "way/638283592"}}, {"type": "Feature", "geometry": {"type": "Polygon", "coordinates": [[[116.4586776, 39.9008765], [116.4589968, 39.9008765], [116.4589968, 39.9007551], [116.4586776, 39.9007551], [116.4586776, 39.9008765]]]}, "properties": {"name": "建筑_293", "category": "建筑", "height": null, "levels": 1.0, "osmId": "way/638283594"}}, {"type": "Feature", "geometry": {"type": "Polygon", "coordinates": [[[116.4584497, 39.9005431], [116.459021, 39.9005205], [116.4590113, 39.9003772], [116.45844, 39.9003998], [116.4584497, 39.9005431]]]}, "properties": {"name": "建筑_294", "category": "建筑", "height": null, "levels": 1.0, "osmId": "way/638283596"}}, {"type": "Feature", "geometry": {"type": "Polygon", "coordinates": [[[116.4606491, 39.9013744], [116.4609951, 39.9013785], [116.4609974, 39.9012636], [116.4606514, 39.9012595], [116.4606491, 39.9013744]]]}, "properties": {"name": "建筑_295", "category": "建筑", "height": null, "levels": 1.0, "osmId": "way/638283598"}}, {"type": "Feature", "geometry": {"type": "Polygon", "coordinates": [[[116.4595118, 39.9016275], [116.4598766, 39.9016358], [116.4598786, 39.9015844], [116.4595138, 39.9015761], [116.4595118, 39.9016275]]]}, "properties": {"name": "建筑_296", "category": "建筑", "height": null, "levels": 1.0, "osmId": "way/638283601"}}, {"type": "Feature", "geometry": {"type": "Polygon", "coordinates": [[[116.4595762, 39.9015658], [116.4599329, 39.9015802], [116.4599386, 39.9014971], [116.4595819, 39.9014827], [116.4595762, 39.9015658]]]}, "properties": {"name": "建筑_297", "category": "建筑", "height": null, "levels": 1.0, "osmId": "way/638283603"}}, {"type": "Feature", "geometry": {"type": "Polygon", "coordinates": [[[116.4592141, 39.901358], [116.4593884, 39.9013559], [116.4593864, 39.9012547], [116.4592121, 39.9012568], [116.4592141, 39.901358]]]}, "properties": {"name": "建筑_298", "category": "建筑", "height": null, "levels": 1.0, "osmId": "way/638283605"}}, {"type": "Feature", "geometry": {"type": "Polygon", "coordinates": [[[116.4591873, 39.9015823], [116.4593562, 39.9015925], [116.459367, 39.9014886], [116.459198, 39.9014783], [116.4591873, 39.9015823]]]}, "properties": {"name": "建筑_299", "category": "建筑", "height": null, "levels": 1.0, "osmId": "way/638283607"}}, {"type": "Feature", "geometry": {"type": "Polygon", "coordinates": [[[116.4592811, 39.9010164], [116.4600214, 39.9010267], [116.4600245, 39.9008975], [116.4592842, 39.9008873], [116.4592811, 39.9010164]]]}, "properties": {"name": "建筑_300", "category": "建筑", "height": null, "levels": 1.0, "osmId": "way/638283609"}}, {"type": "Feature", "geometry": {"type": "Polygon", "coordinates": [[[116.4656273, 39.9015164], [116.4658901, 39.9015185], [116.4658914, 39.9014198], [116.4656286, 39.9014178], [116.4656273, 39.9015164]]]}, "properties": {"name": "建筑_301", "category": "建筑", "height": null, "levels": 1.0, "osmId": "way/638283611"}}, {"type": "Feature", "geometry": {"type": "Polygon", "coordinates": [[[116.4650425, 39.901358], [116.4659142, 39.9013765], [116.4659167, 39.9013084], [116.465045, 39.9012899], [116.4650425, 39.901358]]]}, "properties": {"name": "建筑_302", "category": "建筑", "height": null, "levels": 1.0, "osmId": "way/638283613"}}, {"type": "Feature", "geometry": {"type": "Polygon", "coordinates": [[[116.4638463, 39.9010884], [116.4649352, 39.9011111], [116.4649402, 39.9009715], [116.4638512, 39.9009489], [116.4638463, 39.9010884]]]}, "properties": {"name": "建筑_303", "category": "建筑", "height": null, "levels": 1.0, "osmId": "way/638283615"}}, {"type": "Feature", "geometry": {"type": "Polygon", "coordinates": [[[116.4638999, 39.9013004], [116.4648628, 39.9013168], [116.4648662, 39.9012], [116.4639033, 39.9011836], [116.4638999, 39.9013004]]]}, "properties": {"name": "建筑_304", "category": "建筑", "height": null, "levels": 1.0, "osmId": "way/638283617"}}, {"type": "Feature", "geometry": {"type": "Polygon", "coordinates": [[[116.4639884, 39.9015473], [116.4648869, 39.9015473], [116.4648869, 39.9013991], [116.4639884, 39.9013991], [116.4639884, 39.9015473]]]}, "properties": {"name": "建筑_305", "category": "建筑", "height": null, "levels": 1.0, "osmId": "way/638283619"}}, {"type": "Feature", "geometry": {"type": "Polygon", "coordinates": [[[116.4639214, 39.9018457], [116.4648816, 39.9018539], [116.4648836, 39.9017181], [116.4639233, 39.9017099], [116.4639214, 39.9018457]]]}, "properties": {"name": "建筑_306", "category": "建筑", "height": null, "levels": 1.0, "osmId": "way/638283622"}}, {"type": "Feature", "geometry": {"type": "Polygon", "coordinates": [[[116.4622316, 39.9017551], [116.4637282, 39.901786], [116.4637448, 39.9013148], [116.4618297, 39.9012757], [116.461848, 39.9014115], [116.4622316, 39.9017551]]]}, "properties": {"name": "建筑_307", "category": "建筑", "height": null, "levels": 1.0, "osmId": "way/638283624"}}, {"type": "Feature", "geometry": {"type": "Polygon", "coordinates": [[[116.4682612, 39.9014526], [116.4683988, 39.9014214], [116.4682111, 39.9008864], [116.4681244, 39.9009115], [116.4680976, 39.9010658], [116.4682612, 39.9014526]]]}, "properties": {"name": "建筑_308", "category": "建筑", "height": null, "levels": 1.0, "osmId": "way/638283626"}}, {"type": "Feature", "geometry": {"type": "Polygon", "coordinates": [[[116.4672098, 39.9013333], [116.4679795, 39.9014074], [116.468005, 39.9012496], [116.4673707, 39.901181], [116.4674029, 39.9009958], [116.4680359, 39.9010576], [116.4680546, 39.9009423], [116.4673023, 39.9008648], [116.4672098, 39.9013333]]]}, "properties": {"name": "建筑_309", "category": "建筑", "height": null, "levels": 1.0, "osmId": "way/638283628"}}, {"type": "Feature", "geometry": {"type": "Polygon", "coordinates": [[[116.4691222, 39.900823], [116.4696962, 39.9007942], [116.4696852, 39.9006655], [116.4691112, 39.9006943], [116.4691222, 39.900823]]]}, "properties": {"name": "建筑_310", "category": "建筑", "height": null, "levels": 1.0, "osmId": "way/638283630"}}, {"type": "Feature", "geometry": {"type": "Polygon", "coordinates": [[[116.4667967, 39.9007468], [116.4683524, 39.9007448], [116.4683519, 39.9005514], [116.4667963, 39.9005534], [116.4667967, 39.9007468]]]}, "properties": {"name": "建筑_311", "category": "建筑", "height": null, "levels": 1.0, "osmId": "way/638283632"}}, {"type": "Feature", "geometry": {"type": "Polygon", "coordinates": [[[116.4683148, 39.9000596], [116.4684162, 39.8999707], [116.4682445, 39.8998555], [116.4681432, 39.8999443], [116.4683148, 39.9000596]]]}, "properties": {"name": "建筑_312", "category": "建筑", "height": null, "levels": 1.0, "osmId": "way/638283634"}}, {"type": "Feature", "geometry": {"type": "Polygon", "coordinates": [[[116.4711258, 39.9015349], [116.4712741, 39.9015327], [116.4712634, 39.9011191], [116.4711151, 39.9011213], [116.4711258, 39.9015349]]]}, "properties": {"name": "建筑_313", "category": "建筑", "height": null, "levels": 1.0, "osmId": "way/638294793"}}, {"type": "Feature", "geometry": {"type": "Polygon", "coordinates": [[[116.4701736, 39.9016399], [116.4710855, 39.9016481], [116.4710874, 39.901525], [116.4701755, 39.9015168], [116.4701736, 39.9016399]]]}, "properties": {"name": "建筑_314", "category": "建筑", "height": null, "levels": 1.0, "osmId": "way/638294794"}}, {"type": "Feature", "geometry": {"type": "Polygon", "coordinates": [[[116.4699563, 39.9016543], [116.4701387, 39.9016543], [116.4701387, 39.9016193], [116.4699563, 39.9016193], [116.4699563, 39.9016543]]]}, "properties": {"name": "建筑_315", "category": "建筑", "height": null, "levels": 1.0, "osmId": "way/638294795"}}, {"type": "Feature", "geometry": {"type": "Polygon", "coordinates": [[[116.4699268, 39.9015884], [116.4701602, 39.9015884], [116.4701602, 39.901539], [116.4699268, 39.901539], [116.4699268, 39.9015884]]]}, "properties": {"name": "建筑_316", "category": "建筑", "height": null, "levels": 1.0, "osmId": "way/638294796"}}, {"type": "Feature", "geometry": {"type": "Polygon", "coordinates": [[[116.4699161, 39.9015576], [116.4699161, 39.9011316], [116.4698222, 39.9011316], [116.4698222, 39.9015576], [116.4699161, 39.9015576]]]}, "properties": {"name": "建筑_317", "category": "建筑", "height": null, "levels": 1.0, "osmId": "way/638294797"}}, {"type": "Feature", "geometry": {"type": "Polygon", "coordinates": [[[116.4686216, 39.9017178], [116.4687207, 39.9017188], [116.4687286, 39.9013206], [116.4686233, 39.9013204], [116.4686216, 39.9017178]]]}, "properties": {"name": "建筑_318", "category": "建筑", "height": null, "levels": 1.0, "osmId": "way/638294798"}}, {"type": "Feature", "geometry": {"type": "Polygon", "coordinates": [[[116.4686394, 39.9019794], [116.4687228, 39.9019767], [116.4687175, 39.9018779], [116.468634, 39.9018806], [116.4686394, 39.9019794]]]}, "properties": {"name": "建筑_319", "category": "建筑", "height": null, "levels": 1.0, "osmId": "way/638294800"}}, {"type": "Feature", "geometry": {"type": "Polygon", "coordinates": [[[116.4698132, 39.9018021], [116.4698164, 39.9015468], [116.4696862, 39.9015458], [116.469683, 39.9018012], [116.4698132, 39.9018021]]]}, "properties": {"name": "建筑_320", "category": "建筑", "height": null, "levels": 1.0, "osmId": "way/638294801"}}, {"type": "Feature", "geometry": {"type": "Polygon", "coordinates": [[[116.4693689, 39.9010987], [116.4697176, 39.9010905], [116.4697132, 39.9009793], [116.4693645, 39.9009876], [116.4693689, 39.9010987]]]}, "properties": {"name": "建筑_321", "category": "建筑", "height": null, "levels": 1.0, "osmId": "way/638294802"}}, {"type": "Feature", "geometry": {"type": "Polygon", "coordinates": [[[116.469385, 39.901288], [116.4696962, 39.9012839], [116.4696942, 39.9011974], [116.4693831, 39.9012015], [116.469385, 39.901288]]]}, "properties": {"name": "建筑_322", "category": "建筑", "height": null, "levels": 1.0, "osmId": "way/638294803"}}, {"type": "Feature", "geometry": {"type": "Polygon", "coordinates": [[[116.4693795, 39.9015259], [116.4693774, 39.9011364], [116.469239, 39.9011355], [116.4692381, 39.9013215], [116.4692366, 39.9015263], [116.4693795, 39.9015259]]]}, "properties": {"name": "建筑_323", "category": "建筑", "height": null, "levels": 1.0, "osmId": "way/638294804"}}, {"type": "Feature", "geometry": {"type": "Polygon", "coordinates": [[[116.4686233, 39.9013204], [116.4687286, 39.9013206], [116.4692381, 39.9013215], [116.469239, 39.9011355], [116.4686187, 39.9011405], [116.4686233, 39.9013204]]]}, "properties": {"name": "建筑_324", "category": "建筑", "height": null, "levels": 1.0, "osmId": "way/638294805"}}, {"type": "Feature", "geometry": {"type": "Polygon", "coordinates": [[[116.4688038, 39.9020411], [116.4696573, 39.9020426], [116.4696578, 39.9018797], [116.4688042, 39.9018782], [116.4688038, 39.9020411]]]}, "properties": {"name": "建筑_325", "category": "建筑", "height": null, "levels": 1.0, "osmId": "way/638294807"}}, {"type": "Feature", "geometry": {"type": "Polygon", "coordinates": [[[116.4701253, 39.9022921], [116.4707959, 39.9022757], [116.47079, 39.9021362], [116.4701195, 39.9021526], [116.4701253, 39.9022921]]]}, "properties": {"name": "建筑_326", "category": "建筑", "height": null, "levels": 1.0, "osmId": "way/638294808"}}, {"type": "Feature", "geometry": {"type": "Polygon", "coordinates": [[[116.465822, 39.9005971], [116.465853, 39.9002606], [116.4652041, 39.9002256], [116.4651732, 39.900562], [116.465822, 39.9005971]]]}, "properties": {"name": "建筑_327", "category": "建筑", "height": null, "levels": 1.0, "osmId": "way/638294812"}}, {"type": "Feature", "geometry": {"type": "Polygon", "coordinates": [[[116.4652516, 39.9000828], [116.4651511, 39.900077], [116.465147, 39.9001191], [116.4651436, 39.9001536], [116.4651603, 39.9001546], [116.4652443, 39.9001594], [116.4652516, 39.9000828]]]}, "properties": {"name": "建筑_328", "category": "建筑", "height": null, "levels": 1.0, "osmId": "way/638294815"}}, {"type": "Feature", "geometry": {"type": "Polygon", "coordinates": [[[116.4651538, 39.9002191], [116.4651603, 39.9001546], [116.4651436, 39.9001536], [116.465147, 39.9001191], [116.4644912, 39.9000804], [116.4644208, 39.9000762], [116.4644168, 39.9001163], [116.4644109, 39.9001752], [116.4651538, 39.9002191]]]}, "properties": {"name": "建筑_329", "category": "建筑", "height": null, "levels": 1.0, "osmId": "way/638294816"}}, {"type": "Feature", "geometry": {"type": "Polygon", "coordinates": [[[116.4502652, 39.9100893], [116.450284, 39.9097363], [116.4507502, 39.9097461], [116.4507877, 39.9100753], [116.4502652, 39.9100893]]]}, "properties": {"name": "建筑_330", "category": "建筑", "height": null, "levels": null, "osmId": "way/660651173"}}, {"type": "Feature", "geometry": {"type": "Polygon", "coordinates": [[[116.4528771, 39.9112968], [116.4528771, 39.9110964], [116.4540621, 39.9108816], [116.4541088, 39.9113038], [116.4528771, 39.9112968]]]}, "properties": {"name": "建筑_331", "category": "建筑", "height": 50.0, "levels": null, "osmId": "way/660651174"}}, {"type": "Feature", "geometry": {"type": "Polygon", "coordinates": [[[116.4542279, 39.9116369], [116.4542425, 39.9112456], [116.4542746, 39.9103847], [116.4542874, 39.9099269], [116.4548436, 39.9099172], [116.4548877, 39.91125], [116.454912, 39.9117922], [116.4542524, 39.9117888], [116.4539018, 39.911787], [116.4539109, 39.9116155], [116.4542279, 39.9116369]]]}, "properties": {"name": "建筑_332", "category": "建筑", "height": 32.0, "levels": 8.0, "osmId": "way/660651176"}}, {"type": "Feature", "geometry": {"type": "Polygon", "coordinates": [[[116.4520172, 39.9117039], [116.45201, 39.9113095], [116.4527051, 39.911302], [116.4527144, 39.9118103], [116.4524064, 39.9118136], [116.4524043, 39.9116998], [116.4520172, 39.9117039]]]}, "properties": {"name": "建筑_333", "category": "建筑", "height": null, "levels": null, "osmId": "way/660651177"}}, {"type": "Feature", "geometry": {"type": "Polygon", "coordinates": [[[116.4504798, 39.9118212], [116.4504707, 39.911499], [116.4511327, 39.9114706], [116.4512426, 39.9119014], [116.4504798, 39.9118212]]]}, "properties": {"name": "建筑_334", "category": "建筑", "height": null, "levels": null, "osmId": "way/660651178"}}, {"type": "Feature", "geometry": {"type": "Polygon", "coordinates": [[[116.4615798, 39.9110653], [116.4621689, 39.9110702], [116.4621752, 39.9106189], [116.4615861, 39.910614], [116.4615798, 39.9110653]]]}, "properties": {"name": "建筑_335", "category": "建筑", "height": 238.0, "levels": 45.0, "osmId": "way/662019986"}}, {"type": "Feature", "geometry": {"type": "Polygon", "coordinates": [[[116.4689734, 39.9109125], [116.4693413, 39.9108977], [116.4693553, 39.9106193], [116.468974, 39.91063], [116.4689734, 39.9109125]]]}, "properties": {"name": "建筑_336", "category": "建筑", "height": null, "levels": null, "osmId": "way/679176770"}}, {"type": "Feature", "geometry": {"type": "Polygon", "coordinates": [[[116.4504642, 39.9108015], [116.4504632, 39.9106901], [116.4508635, 39.9106881], [116.4508659, 39.9109811], [116.4507174, 39.9109818], [116.4507158, 39.9108002], [116.4504642, 39.9108015]]]}, "properties": {"name": "建筑_337", "category": "建筑", "height": null, "levels": null, "osmId": "way/690225282"}}, {"type": "Feature", "geometry": {"type": "Polygon", "coordinates": [[[116.4727539, 39.9138561], [116.4728914, 39.9138539], [116.4728861, 39.9136543], [116.4727485, 39.9136565], [116.4727539, 39.9138561]]]}, "properties": {"name": "建筑_338", "category": "建筑", "height": null, "levels": 1.0, "osmId": "way/764420972"}}, {"type": "Feature", "geometry": {"type": "Polygon", "coordinates": [[[116.4729202, 39.9135608], [116.4732045, 39.9135536], [116.4731993, 39.9134336], [116.472915, 39.9134408], [116.4729202, 39.9135608]]]}, "properties": {"name": "建筑_339", "category": "建筑", "height": null, "levels": 1.0, "osmId": "way/764420973"}}, {"type": "Feature", "geometry": {"type": "Polygon", "coordinates": [[[116.4727338, 39.9135691], [116.4728826, 39.913565], [116.4728776, 39.9134572], [116.4727287, 39.9134614], [116.4727338, 39.9135691]]]}, "properties": {"name": "建筑_340", "category": "建筑", "height": null, "levels": 1.0, "osmId": "way/764420974"}}, {"type": "Feature", "geometry": {"type": "Polygon", "coordinates": [[[116.4723355, 39.9132502], [116.4732313, 39.9132286], [116.473227, 39.9131227], [116.4723311, 39.9131443], [116.4723355, 39.9132502]]]}, "properties": {"name": "建筑_341", "category": "建筑", "height": null, "levels": 1.0, "osmId": "way/764420975"}}, {"type": "Feature", "geometry": {"type": "Polygon", "coordinates": [[[116.4724602, 39.9135855], [116.4726976, 39.9135855], [116.4726976, 39.91346], [116.4724602, 39.91346], [116.4724602, 39.9135855]]]}, "properties": {"name": "建筑_342", "category": "建筑", "height": null, "levels": 1.0, "osmId": "way/764420976"}}, {"type": "Feature", "geometry": {"type": "Polygon", "coordinates": [[[116.4724696, 39.9137974], [116.4726895, 39.9137954], [116.4726871, 39.9136431], [116.4724671, 39.9136452], [116.4724696, 39.9137974]]]}, "properties": {"name": "建筑_343", "category": "建筑", "height": null, "levels": 1.0, "osmId": "way/764420977"}}, {"type": "Feature", "geometry": {"type": "Polygon", "coordinates": [[[116.4724132, 39.914033], [116.4727351, 39.9140309], [116.4727341, 39.9139403], [116.4724123, 39.9139423], [116.4724132, 39.914033]]]}, "properties": {"name": "建筑_344", "category": "建筑", "height": null, "levels": 1.0, "osmId": "way/764420978"}}, {"type": "Feature", "geometry": {"type": "Polygon", "coordinates": [[[116.4721142, 39.9138334], [116.472265, 39.9138314], [116.4722569, 39.9134837], [116.4721061, 39.9134858], [116.4721142, 39.9138334]]]}, "properties": {"name": "建筑_345", "category": "建筑", "height": null, "levels": 1.0, "osmId": "way/764420979"}}, {"type": "Feature", "geometry": {"type": "Polygon", "coordinates": [[[116.4721008, 39.9140402], [116.4723864, 39.9140392], [116.4723853, 39.913853], [116.4720996, 39.913854], [116.4721008, 39.9140402]]]}, "properties": {"name": "建筑_346", "category": "建筑", "height": null, "levels": 1.0, "osmId": "way/764420980"}}, {"type": "Feature", "geometry": {"type": "Polygon", "coordinates": [[[116.4720753, 39.9134096], [116.4722027, 39.9134103], [116.4722053, 39.9131233], [116.472078, 39.9131226], [116.4720753, 39.9134096]]]}, "properties": {"name": "建筑_347", "category": "建筑", "height": null, "levels": 1.0, "osmId": "way/764420981"}}, {"type": "Feature", "geometry": {"type": "Polygon", "coordinates": [[[116.4720713, 39.9130846], [116.4722543, 39.9130862], [116.472257, 39.9129082], [116.4720739, 39.9129066], [116.4720713, 39.9130846]]]}, "properties": {"name": "建筑_348", "category": "建筑", "height": null, "levels": 1.0, "osmId": "way/764420982"}}, {"type": "Feature", "geometry": {"type": "Polygon", "coordinates": [[[116.4713766, 39.9126011], [116.4714986, 39.912598], [116.4714959, 39.9125361], [116.4713739, 39.9125392], [116.4713766, 39.9126011]]]}, "properties": {"name": "建筑_349", "category": "建筑", "height": null, "levels": 1.0, "osmId": "way/764420983"}}, {"type": "Feature", "geometry": {"type": "Polygon", "coordinates": [[[116.470938, 39.9126433], [116.471158, 39.9126412], [116.4711555, 39.9124846], [116.4709355, 39.9124867], [116.470938, 39.9126433]]]}, "properties": {"name": "建筑_350", "category": "建筑", "height": null, "levels": 1.0, "osmId": "way/764420984"}}, {"type": "Feature", "geometry": {"type": "Polygon", "coordinates": [[[116.4703533, 39.9126453], [116.4709005, 39.9126371], [116.4708959, 39.9124599], [116.4703488, 39.9124682], [116.4703533, 39.9126453]]]}, "properties": {"name": "建筑_351", "category": "建筑", "height": null, "levels": 1.0, "osmId": "way/764420985"}}, {"type": "Feature", "geometry": {"type": "Polygon", "coordinates": [[[116.4707369, 39.9128696], [116.4711124, 39.9128716], [116.4711134, 39.9127585], [116.4707379, 39.9127564], [116.4707369, 39.9128696]]]}, "properties": {"name": "建筑_352", "category": "建筑", "height": null, "levels": 1.0, "osmId": "way/764420989"}}, {"type": "Feature", "geometry": {"type": "Polygon", "coordinates": [[[116.4712304, 39.9132955], [116.4715286, 39.9133024], [116.4715474, 39.9128271], [116.4712492, 39.9128202], [116.4712304, 39.9132955]]]}, "properties": {"name": "建筑_353", "category": "建筑", "height": null, "levels": 1.0, "osmId": "way/764420990"}}, {"type": "Feature", "geometry": {"type": "Polygon", "coordinates": [[[116.4703453, 39.9135074], [116.4706188, 39.9134888], [116.4706065, 39.9133816], [116.4703329, 39.9134001], [116.4703453, 39.9135074]]]}, "properties": {"name": "建筑_354", "category": "建筑", "height": null, "levels": 1.0, "osmId": "way/764420991"}}, {"type": "Feature", "geometry": {"type": "Polygon", "coordinates": [[[116.4704123, 39.913711], [116.470769, 39.9137028], [116.4707629, 39.9135453], [116.4704061, 39.9135535], [116.4704123, 39.913711]]]}, "properties": {"name": "建筑_355", "category": "建筑", "height": null, "levels": 1.0, "osmId": "way/764420992"}}, {"type": "Feature", "geometry": {"type": "Polygon", "coordinates": [[[116.4696452, 39.9137563], [116.4701495, 39.9137316], [116.470126, 39.9134498], [116.4696218, 39.9134745], [116.4696452, 39.9137563]]]}, "properties": {"name": "建筑_356", "category": "建筑", "height": null, "levels": 1.0, "osmId": "way/764420993"}}, {"type": "Feature", "geometry": {"type": "Polygon", "coordinates": [[[116.4689327, 39.9141472], [116.4697388, 39.9141066], [116.4697342, 39.914025], [116.4689222, 39.9140617], [116.4689327, 39.9141472]]]}, "properties": {"name": "建筑_357", "category": "建筑", "height": null, "levels": 1.0, "osmId": "way/764420994"}}, {"type": "Feature", "geometry": {"type": "Polygon", "coordinates": [[[116.4700583, 39.9149485], [116.4701223, 39.9149464], [116.4701156, 39.914827], [116.4700516, 39.9148292], [116.4700583, 39.9149485]]]}, "properties": {"name": "建筑_358", "category": "建筑", "height": null, "levels": 1.0, "osmId": "way/764420995"}}, {"type": "Feature", "geometry": {"type": "Polygon", "coordinates": [[[116.4697632, 39.914822], [116.4701012, 39.9148127], [116.4700965, 39.9147122], [116.4697585, 39.9147215], [116.4697632, 39.914822]]]}, "properties": {"name": "建筑_359", "category": "建筑", "height": null, "levels": 1.0, "osmId": "way/764420996"}}, {"type": "Feature", "geometry": {"type": "Polygon", "coordinates": [[[116.4697793, 39.9149876], [116.4700435, 39.9149783], [116.4700353, 39.9148403], [116.4697711, 39.9148495], [116.4697793, 39.9149876]]]}, "properties": {"name": "建筑_360", "category": "建筑", "height": null, "levels": 1.0, "osmId": "way/764420997"}}, {"type": "Feature", "geometry": {"type": "Polygon", "coordinates": [[[116.4695661, 39.9151933], [116.4696521, 39.915193], [116.4696508, 39.9149667], [116.4695647, 39.914967], [116.4695661, 39.9151933]]]}, "properties": {"name": "建筑_361", "category": "建筑", "height": null, "levels": 1.0, "osmId": "way/764420998"}}, {"type": "Feature", "geometry": {"type": "Polygon", "coordinates": [[[116.4686635, 39.9152025], [116.4695218, 39.9151665], [116.4695156, 39.9150794], [116.4686573, 39.9151154], [116.4686635, 39.9152025]]]}, "properties": {"name": "建筑_362", "category": "建筑", "height": null, "levels": 1.0, "osmId": "way/764420999"}}, {"type": "Feature", "geometry": {"type": "Polygon", "coordinates": [[[116.4686325, 39.9149213], [116.4686224, 39.9147555], [116.4696835, 39.9147175], [116.469693, 39.914873], [116.4695369, 39.9148786], [116.4695335, 39.9148218], [116.4687803, 39.9148489], [116.4687844, 39.9149158], [116.4686325, 39.9149213]]]}, "properties": {"name": "建筑_363", "category": "建筑", "height": null, "levels": 2.0, "osmId": "way/764421000"}}, {"type": "Feature", "geometry": {"type": "Polygon", "coordinates": [[[116.4716233, 39.9162116], [116.4716126, 39.9158742], [116.4716086, 39.9157035], [116.4715375, 39.9156551], [116.4712585, 39.9156664], [116.4712813, 39.9162137], [116.4716233, 39.9162116]]]}, "properties": {"name": "建筑_364", "category": "建筑", "height": null, "levels": 1.0, "osmId": "way/764421001"}}, {"type": "Feature", "geometry": {"type": "Polygon", "coordinates": [[[116.4714369, 39.9149474], [116.4714248, 39.9148569], [116.4713953, 39.9148682], [116.471343, 39.9148199], [116.4713672, 39.9147818], [116.4713216, 39.9147664], [116.4712706, 39.9147232], [116.4712907, 39.9146368], [116.4713792, 39.9146275], [116.4714704, 39.9146625], [116.4715965, 39.9147962], [116.4716059, 39.91493], [116.4715737, 39.9149433], [116.4714369, 39.9149474]]]}, "properties": {"name": "建筑_365", "category": "建筑", "height": null, "levels": 10.0, "osmId": "way/764421002"}}, {"type": "Feature", "geometry": {"type": "Polygon", "coordinates": [[[116.4706671, 39.9147993], [116.4708307, 39.9147911], [116.4708219, 39.9146879], [116.4706583, 39.9146961], [116.4706671, 39.9147993]]]}, "properties": {"name": "建筑_366", "category": "建筑", "height": null, "levels": 1.0, "osmId": "way/764421003"}}, {"type": "Feature", "geometry": {"type": "Polygon", "coordinates": [[[116.4709005, 39.9148096], [116.4712009, 39.9147911], [116.4711851, 39.9146405], [116.4708847, 39.914659], [116.4709005, 39.9148096]]]}, "properties": {"name": "建筑_367", "category": "建筑", "height": null, "levels": 1.0, "osmId": "way/764421004"}}, {"type": "Feature", "geometry": {"type": "Polygon", "coordinates": [[[116.4701548, 39.9151079], [116.4704391, 39.9150853], [116.4704195, 39.9149401], [116.4701352, 39.9149628], [116.4701548, 39.9151079]]]}, "properties": {"name": "建筑_368", "category": "建筑", "height": null, "levels": 1.0, "osmId": "way/764421005"}}, {"type": "Feature", "geometry": {"type": "Polygon", "coordinates": [[[116.4705116, 39.9150935], [116.4707261, 39.9150812], [116.4707148, 39.9149654], [116.4705002, 39.9149777], [116.4705116, 39.9150935]]]}, "properties": {"name": "建筑_369", "category": "建筑", "height": null, "levels": 1.0, "osmId": "way/764421006"}}, {"type": "Feature", "geometry": {"type": "Polygon", "coordinates": [[[116.4703064, 39.9148292], [116.4706081, 39.9148178], [116.4706005, 39.9146983], [116.4702987, 39.9147096], [116.4703064, 39.9148292]]]}, "properties": {"name": "建筑_370", "category": "建筑", "height": null, "levels": 1.0, "osmId": "way/764421007"}}, {"type": "Feature", "geometry": {"type": "Polygon", "coordinates": [[[116.472263, 39.9147109], [116.4730838, 39.91468], [116.4730763, 39.9145634], [116.4722556, 39.9145942], [116.472263, 39.9147109]]]}, "properties": {"name": "建筑_371", "category": "建筑", "height": null, "levels": 1.0, "osmId": "way/764421010"}}, {"type": "Feature", "geometry": {"type": "Polygon", "coordinates": [[[116.4722496, 39.9151943], [116.4722308, 39.9147849], [116.4721245, 39.9147878], [116.4721433, 39.9151972], [116.4722496, 39.9151943]]]}, "properties": {"name": "建筑_372", "category": "建筑", "height": null, "levels": 1.0, "osmId": "way/764421011"}}, {"type": "Feature", "geometry": {"type": "Polygon", "coordinates": [[[116.4724535, 39.9171548], [116.4731133, 39.9171466], [116.4731112, 39.9170492], [116.4724514, 39.9170574], [116.4724535, 39.9171548]]]}, "properties": {"name": "建筑_373", "category": "建筑", "height": null, "levels": 1.0, "osmId": "way/764421012"}}, {"type": "Feature", "geometry": {"type": "Polygon", "coordinates": [[[116.4723355, 39.9168504], [116.4730489, 39.9168339], [116.4730439, 39.9167057], [116.4723304, 39.9167222], [116.4723355, 39.9168504]]]}, "properties": {"name": "建筑_374", "category": "建筑", "height": null, "levels": 1.0, "osmId": "way/764421013"}}, {"type": "Feature", "geometry": {"type": "Polygon", "coordinates": [[[116.4722362, 39.9160275], [116.4723623, 39.9160263], [116.4723516, 39.9153536], [116.4722255, 39.9153548], [116.4722362, 39.9160275]]]}, "properties": {"name": "建筑_375", "category": "建筑", "height": null, "levels": 1.0, "osmId": "way/764421014"}}, {"type": "Feature", "geometry": {"type": "Polygon", "coordinates": [[[116.4723247, 39.9166097], [116.4723086, 39.9162106], [116.4722074, 39.916213], [116.4722235, 39.9166121], [116.4723247, 39.9166097]]]}, "properties": {"name": "建筑_376", "category": "建筑", "height": null, "levels": 1.0, "osmId": "way/764421015"}}, {"type": "Feature", "geometry": {"type": "Polygon", "coordinates": [[[116.4709756, 39.9174511], [116.4713672, 39.9174387], [116.4713624, 39.9173492], [116.4709708, 39.9173616], [116.4709756, 39.9174511]]]}, "properties": {"name": "建筑_377", "category": "建筑", "height": null, "levels": 1.0, "osmId": "way/764421016"}}, {"type": "Feature", "geometry": {"type": "Polygon", "coordinates": [[[116.470592, 39.917412], [116.4709595, 39.9174099], [116.4709586, 39.9173214], [116.4705912, 39.9173234], [116.470592, 39.917412]]]}, "properties": {"name": "建筑_378", "category": "建筑", "height": null, "levels": 1.0, "osmId": "way/764421017"}}, {"type": "Feature", "geometry": {"type": "Polygon", "coordinates": [[[116.4709917, 39.917159], [116.4713699, 39.9171466], [116.4713651, 39.9170599], [116.4709869, 39.9170723], [116.4709917, 39.917159]]]}, "properties": {"name": "建筑_379", "category": "建筑", "height": null, "levels": 1.0, "osmId": "way/764421018"}}, {"type": "Feature", "geometry": {"type": "Polygon", "coordinates": [[[116.4705893, 39.9171425], [116.4709702, 39.9171322], [116.4709658, 39.9170354], [116.4705849, 39.9170457], [116.4705893, 39.9171425]]]}, "properties": {"name": "建筑_380", "category": "建筑", "height": null, "levels": 1.0, "osmId": "way/764421019"}}, {"type": "Feature", "geometry": {"type": "Polygon", "coordinates": [[[116.4714745, 39.9168092], [116.4715916, 39.9168055], [116.4715809, 39.916606], [116.4714637, 39.9166097], [116.4714745, 39.9168092]]]}, "properties": {"name": "建筑_381", "category": "建筑", "height": null, "levels": 1.0, "osmId": "way/764421020"}}, {"type": "Feature", "geometry": {"type": "Polygon", "coordinates": [[[116.4710239, 39.916801], [116.4713806, 39.9167928], [116.4713768, 39.9166957], [116.47102, 39.9167039], [116.4710239, 39.916801]]]}, "properties": {"name": "建筑_382", "category": "建筑", "height": null, "levels": 1.0, "osmId": "way/764421021"}}, {"type": "Feature", "geometry": {"type": "Polygon", "coordinates": [[[116.4704767, 39.9167413], [116.4709997, 39.9167311], [116.4709964, 39.9166319], [116.4704734, 39.9166422], [116.4704767, 39.9167413]]]}, "properties": {"name": "建筑_383", "category": "建筑", "height": null, "levels": 1.0, "osmId": "way/764421022"}}, {"type": "Feature", "geometry": {"type": "Polygon", "coordinates": [[[116.4709327, 39.9164142], [116.4710669, 39.9164129], [116.4710642, 39.9162545], [116.47093, 39.9162558], [116.4709327, 39.9164142]]]}, "properties": {"name": "建筑_384", "category": "建筑", "height": null, "levels": 1.0, "osmId": "way/764421023"}}, {"type": "Feature", "geometry": {"type": "Polygon", "coordinates": [[[116.4703184, 39.9164513], [116.4709005, 39.916443], [116.4708979, 39.9163379], [116.4703159, 39.9163461], [116.4703184, 39.9164513]]]}, "properties": {"name": "建筑_385", "category": "建筑", "height": null, "levels": 1.0, "osmId": "way/764421024"}}, {"type": "Feature", "geometry": {"type": "Polygon", "coordinates": [[[116.4703077, 39.9163443], [116.4704668, 39.9163401], [116.4704587, 39.9161591], [116.4702997, 39.9161633], [116.4703077, 39.9163443]]]}, "properties": {"name": "建筑_386", "category": "建筑", "height": null, "levels": 1.0, "osmId": "way/764421025"}}, {"type": "Feature", "geometry": {"type": "Polygon", "coordinates": [[[116.4713457, 39.9164451], [116.4716408, 39.916443], [116.4716384, 39.9162431], [116.4713433, 39.9162451], [116.4713457, 39.9164451]]]}, "properties": {"name": "建筑_387", "category": "建筑", "height": null, "levels": 1.0, "osmId": "way/764421026"}}, {"type": "Feature", "geometry": {"type": "Polygon", "coordinates": [[[116.4714691, 39.9152046], [116.4715939, 39.9152027], [116.4715885, 39.9149929], [116.4714637, 39.9149948], [116.4714691, 39.9152046]]]}, "properties": {"name": "建筑_388", "category": "建筑", "height": null, "levels": 1.0, "osmId": "way/764421027"}}, {"type": "Feature", "geometry": {"type": "Polygon", "coordinates": [[[116.4706027, 39.9152519], [116.4713055, 39.9152025], [116.4712943, 39.9151087], [116.4705915, 39.9151581], [116.4706027, 39.9152519]]]}, "properties": {"name": "建筑_389", "category": "建筑", "height": null, "levels": 1.0, "osmId": "way/764421028"}}, {"type": "Feature", "geometry": {"type": "Polygon", "coordinates": [[[116.4702406, 39.9153342], [116.4705679, 39.9153177], [116.4705605, 39.9152312], [116.4702332, 39.9152476], [116.4702406, 39.9153342]]]}, "properties": {"name": "建筑_390", "category": "建筑", "height": null, "levels": 1.0, "osmId": "way/764421029"}}, {"type": "Feature", "geometry": {"type": "Polygon", "coordinates": [[[116.4702004, 39.91558], [116.4716059, 39.9154906], [116.4715953, 39.9153927], [116.4701898, 39.9154822], [116.4702004, 39.91558]]]}, "properties": {"name": "建筑_391", "category": "建筑", "height": null, "levels": 1.0, "osmId": "way/764421030"}}, {"type": "Feature", "geometry": {"type": "Polygon", "coordinates": [[[116.47093, 39.9158506], [116.4712357, 39.9158341], [116.4712197, 39.9156591], [116.470914, 39.9156756], [116.47093, 39.9158506]]]}, "properties": {"name": "建筑_392", "category": "建筑", "height": null, "levels": 1.0, "osmId": "way/764421031"}}, {"type": "Feature", "geometry": {"type": "Polygon", "coordinates": [[[116.4697927, 39.9158876], [116.46996, 39.9158761], [116.4699386, 39.915693], [116.4697713, 39.9157045], [116.4697927, 39.9158876]]]}, "properties": {"name": "建筑_393", "category": "建筑", "height": null, "levels": 1.0, "osmId": "way/764421032"}}, {"type": "Feature", "geometry": {"type": "Polygon", "coordinates": [[[116.4697659, 39.9155523], [116.4701039, 39.9155317], [116.4700847, 39.9153461], [116.4697467, 39.9153667], [116.4697659, 39.9155523]]]}, "properties": {"name": "建筑_394", "category": "建筑", "height": null, "levels": 1.0, "osmId": "way/764421033"}}, {"type": "Feature", "geometry": {"type": "Polygon", "coordinates": [[[116.468744, 39.9155296], [116.469554, 39.9154885], [116.4695436, 39.9153677], [116.4687335, 39.9154088], [116.468744, 39.9155296]]]}, "properties": {"name": "建筑_395", "category": "建筑", "height": null, "levels": 1.0, "osmId": "way/764421034"}}, {"type": "Feature", "geometry": {"type": "Polygon", "coordinates": [[[116.4703023, 39.9159102], [116.4706215, 39.9158999], [116.4706118, 39.915722], [116.4702926, 39.9157323], [116.4703023, 39.9159102]]]}, "properties": {"name": "建筑_396", "category": "建筑", "height": null, "levels": 1.0, "osmId": "way/764421035"}}, {"type": "Feature", "geometry": {"type": "Polygon", "coordinates": [[[116.4698115, 39.916262], [116.4700958, 39.9162908], [116.4701327, 39.9160765], [116.4698484, 39.9160477], [116.4698115, 39.916262]]]}, "properties": {"name": "建筑_397", "category": "建筑", "height": null, "levels": 1.0, "osmId": "way/764421036"}}, {"type": "Feature", "geometry": {"type": "Polygon", "coordinates": [[[116.468693, 39.9159143], [116.4695057, 39.9158794], [116.4694956, 39.9157414], [116.4686829, 39.9157764], [116.468693, 39.9159143]]]}, "properties": {"name": "建筑_398", "category": "建筑", "height": null, "levels": 1.0, "osmId": "way/764421037"}}, {"type": "Feature", "geometry": {"type": "Polygon", "coordinates": [[[116.468567, 39.9162312], [116.4695594, 39.916334], [116.4695824, 39.9162035], [116.4685899, 39.9161007], [116.468567, 39.9162312]]]}, "properties": {"name": "建筑_399", "category": "建筑", "height": null, "levels": 1.0, "osmId": "way/764421038"}}, {"type": "Feature", "geometry": {"type": "Polygon", "coordinates": [[[116.4662603, 39.9174326], [116.4665472, 39.917449], [116.4665614, 39.9173038], [116.4662744, 39.9172873], [116.4662603, 39.9174326]]]}, "properties": {"name": "建筑_400", "category": "建筑", "height": null, "levels": 1.0, "osmId": "way/764421039"}}, {"type": "Feature", "geometry": {"type": "Polygon", "coordinates": [[[116.4667216, 39.9174819], [116.467368, 39.9175231], [116.467389, 39.9173286], [116.4667426, 39.9172875], [116.4667216, 39.9174819]]]}, "properties": {"name": "建筑_401", "category": "建筑", "height": null, "levels": 1.0, "osmId": "way/764421040"}}, {"type": "Feature", "geometry": {"type": "Polygon", "coordinates": [[[116.4679313, 39.9167311], [116.4679527, 39.9165315], [116.4678591, 39.9165256], [116.4678376, 39.9167251], [116.4679313, 39.9167311]]]}, "properties": {"name": "建筑_402", "category": "建筑", "height": null, "levels": 1.0, "osmId": "way/764421041"}}, {"type": "Feature", "geometry": {"type": "Polygon", "coordinates": [[[116.4660618, 39.916476], [116.4677891, 39.9166508], [116.4678281, 39.9164242], [116.4661008, 39.9162493], [116.4660618, 39.916476]]]}, "properties": {"name": "建筑_403", "category": "建筑", "height": null, "levels": 1.0, "osmId": "way/764421042"}}, {"type": "Feature", "geometry": {"type": "Polygon", "coordinates": [[[116.4658767, 39.916334], [116.4660215, 39.9163464], [116.4660388, 39.9162274], [116.4658939, 39.916215], [116.4658767, 39.916334]]]}, "properties": {"name": "建筑_404", "category": "建筑", "height": null, "levels": 1.0, "osmId": "way/764421043"}}, {"type": "Feature", "geometry": {"type": "Polygon", "coordinates": [[[116.4659947, 39.9166344], [116.4660296, 39.916369], [116.4659494, 39.9163628], [116.4659145, 39.9166282], [116.4659947, 39.9166344]]]}, "properties": {"name": "建筑_405", "category": "建筑", "height": null, "levels": 1.0, "osmId": "way/764421044"}}, {"type": "Feature", "geometry": {"type": "Polygon", "coordinates": [[[116.4659679, 39.9170499], [116.4676791, 39.9172186], [116.4677033, 39.9170747], [116.465992, 39.916906], [116.4659679, 39.9170499]]]}, "properties": {"name": "建筑_406", "category": "建筑", "height": null, "levels": 1.0, "osmId": "way/764421045"}}, {"type": "Feature", "geometry": {"type": "Polygon", "coordinates": [[[116.4680493, 39.917556], [116.4685592, 39.9176101], [116.4686075, 39.9173427], [116.4680976, 39.9172886], [116.4680493, 39.917556]]]}, "properties": {"name": "建筑_407", "category": "建筑", "height": null, "levels": 1.0, "osmId": "way/764421046"}}, {"type": "Feature", "geometry": {"type": "Polygon", "coordinates": [[[116.4677221, 39.9178502], [116.467883, 39.9167557], [116.4677911, 39.9167478], [116.4676302, 39.9178422], [116.4677221, 39.9178502]]]}, "properties": {"name": "建筑_408", "category": "建筑", "height": null, "levels": 1.0, "osmId": "way/764421047"}}, {"type": "Feature", "geometry": {"type": "Polygon", "coordinates": [[[116.466094, 39.9174758], [116.4661556, 39.917126], [116.4659645, 39.9171062], [116.4659028, 39.9174559], [116.466094, 39.9174758]]]}, "properties": {"name": "建筑_409", "category": "建筑", "height": null, "levels": 1.0, "osmId": "way/764421048"}}, {"type": "Feature", "geometry": {"type": "Polygon", "coordinates": [[[116.4656487, 39.9176547], [116.4658303, 39.9176722], [116.4659939, 39.9166745], [116.4658123, 39.916657], [116.4656487, 39.9176547]]]}, "properties": {"name": "建筑_410", "category": "建筑", "height": null, "levels": 1.0, "osmId": "way/764421049"}}, {"type": "Feature", "geometry": {"type": "Polygon", "coordinates": [[[116.4658713, 39.9177062], [116.4675531, 39.9178769], [116.467586, 39.9176859], [116.4659043, 39.9175152], [116.4658713, 39.9177062]]]}, "properties": {"name": "建筑_411", "category": "建筑", "height": null, "levels": 1.0, "osmId": "way/764421050"}}, {"type": "Feature", "geometry": {"type": "Polygon", "coordinates": [[[116.464726, 39.9175364], [116.4654087, 39.9176054], [116.4654246, 39.9175122], [116.464742, 39.9174433], [116.464726, 39.9175364]]]}, "properties": {"name": "建筑_412", "category": "建筑", "height": null, "levels": 1.0, "osmId": "way/764421051"}}, {"type": "Feature", "geometry": {"type": "Polygon", "coordinates": [[[116.463894, 39.9176596], [116.4638699, 39.9178134], [116.4643967, 39.9178621], [116.4644215, 39.9177046], [116.4643029, 39.9176937], [116.4642923, 39.917761], [116.4640078, 39.9177347], [116.4640178, 39.9176711], [116.463894, 39.9176596]]]}, "properties": {"name": "建筑_413", "category": "建筑", "height": null, "levels": 6.0, "osmId": "way/764421052"}}, {"type": "Feature", "geometry": {"type": "Polygon", "coordinates": [[[116.4682798, 39.9170217], [116.4685858, 39.9170421], [116.4686017, 39.9169017], [116.468553, 39.9168984], [116.4685752, 39.9167027], [116.4686674, 39.9167088], [116.4686827, 39.9165734], [116.4683225, 39.9165494], [116.4683092, 39.916667], [116.4683981, 39.9166729], [116.4683751, 39.9168758], [116.4682762, 39.9168692], [116.4682591, 39.9170203], [116.4682798, 39.9170217]]]}, "properties": {"name": "建筑_414", "category": "建筑", "height": null, "levels": 9.0, "osmId": "way/764421070"}}, {"type": "Feature", "geometry": {"type": "Polygon", "coordinates": [[[116.4688325, 39.9170911], [116.4693166, 39.9171456], [116.4694092, 39.916662], [116.4689251, 39.9166075], [116.4688325, 39.9170911]]]}, "properties": {"name": "建筑_415", "category": "建筑", "height": null, "levels": 1.0, "osmId": "way/764421071"}}, {"type": "Feature", "geometry": {"type": "Polygon", "coordinates": [[[116.4687306, 39.9175241], [116.4693207, 39.9175827], [116.4693418, 39.9174574], [116.4687517, 39.9173987], [116.4687306, 39.9175241]]]}, "properties": {"name": "建筑_416", "category": "建筑", "height": null, "levels": 1.0, "osmId": "way/764421072"}}, {"type": "Feature", "geometry": {"type": "Polygon", "coordinates": [[[116.4699506, 39.9177436], [116.4699795, 39.9175025], [116.4695549, 39.9174726], [116.4695418, 39.9175817], [116.4696154, 39.9175869], [116.469621, 39.9175404], [116.469854, 39.9175569], [116.4698327, 39.9177353], [116.4699506, 39.9177436]]]}, "properties": {"name": "建筑_417", "category": "建筑", "height": null, "levels": 1.0, "osmId": "way/764421073"}}, {"type": "Feature", "geometry": {"type": "Polygon", "coordinates": [[[116.4697364, 39.9170684], [116.470077, 39.9170725], [116.4700823, 39.9168175], [116.4697416, 39.9168133], [116.4697364, 39.9170684]]]}, "properties": {"name": "建筑_418", "category": "建筑", "height": null, "levels": 1.0, "osmId": "way/764421074"}}, {"type": "Feature", "geometry": {"type": "Polygon", "coordinates": [[[116.4695808, 39.9173112], [116.47001, 39.9173441], [116.4700229, 39.9172451], [116.4695937, 39.9172122], [116.4695808, 39.9173112]]]}, "properties": {"name": "建筑_419", "category": "建筑", "height": null, "levels": 1.0, "osmId": "way/764421075"}}, {"type": "Feature", "geometry": {"type": "Polygon", "coordinates": [[[116.4694762, 39.9179674], [116.4703453, 39.9180456], [116.4703661, 39.917909], [116.4694971, 39.9178309], [116.4694762, 39.9179674]]]}, "properties": {"name": "建筑_420", "category": "建筑", "height": null, "levels": 1.0, "osmId": "way/764421076"}}, {"type": "Feature", "geometry": {"type": "Polygon", "coordinates": [[[116.4705276, 39.9178255], [116.4706483, 39.9178255], [116.4706483, 39.9176732], [116.4705276, 39.9176732], [116.4705276, 39.9178255]]]}, "properties": {"name": "建筑_421", "category": "建筑", "height": null, "levels": 1.0, "osmId": "way/764421079"}}, {"type": "Feature", "geometry": {"type": "Polygon", "coordinates": [[[116.4707261, 39.9176959], [116.4713564, 39.9176815], [116.4713524, 39.9175763], [116.470722, 39.9175907], [116.4707261, 39.9176959]]]}, "properties": {"name": "建筑_422", "category": "建筑", "height": null, "levels": 1.0, "osmId": "way/764421080"}}, {"type": "Feature", "geometry": {"type": "Polygon", "coordinates": [[[116.4702728, 39.9174305], [116.4704287, 39.9174295], [116.4704234, 39.9169563], [116.4702675, 39.9169573], [116.4702728, 39.9174305]]]}, "properties": {"name": "建筑_423", "category": "建筑", "height": null, "levels": 1.0, "osmId": "way/764421081"}}, {"type": "Feature", "geometry": {"type": "Polygon", "coordinates": [[[116.4724267, 39.9177967], [116.4725376, 39.9177936], [116.4725189, 39.9173966], [116.4724079, 39.9173996], [116.4724267, 39.9177967]]]}, "properties": {"name": "建筑_424", "category": "建筑", "height": null, "levels": 1.0, "osmId": "way/764421082"}}, {"type": "Feature", "geometry": {"type": "Polygon", "coordinates": [[[116.4722094, 39.9173544], [116.4723348, 39.9173496], [116.4723161, 39.9170575], [116.4721906, 39.9170623], [116.4722094, 39.9173544]]]}, "properties": {"name": "建筑_425", "category": "建筑", "height": null, "levels": 1.0, "osmId": "way/764421083"}}, {"type": "Feature", "geometry": {"type": "Polygon", "coordinates": [[[116.4715523, 39.9174326], [116.4716816, 39.9174306], [116.4716682, 39.9169163], [116.4715388, 39.9169183], [116.4715523, 39.9174326]]]}, "properties": {"name": "建筑_426", "category": "建筑", "height": null, "levels": 1.0, "osmId": "way/764421084"}}, {"type": "Feature", "geometry": {"type": "Polygon", "coordinates": [[[116.4715603, 39.9180929], [116.4716819, 39.9180911], [116.4716685, 39.9175521], [116.4715469, 39.9175539], [116.4715603, 39.9180929]]]}, "properties": {"name": "建筑_427", "category": "建筑", "height": null, "levels": 1.0, "osmId": "way/764421085"}}, {"type": "Feature", "geometry": {"type": "Polygon", "coordinates": [[[116.4704901, 39.9180723], [116.4713618, 39.9180559], [116.471359, 39.9179695], [116.4704873, 39.917986], [116.4704901, 39.9180723]]]}, "properties": {"name": "建筑_428", "category": "建筑", "height": null, "levels": 1.0, "osmId": "way/764421087"}}, {"type": "Feature", "geometry": {"type": "Polygon", "coordinates": [[[116.4585194, 39.9177411], [116.4585205, 39.9175578], [116.457917, 39.9175558], [116.4579159, 39.9177391], [116.4585194, 39.9177411]]]}, "properties": {"name": "建筑_429", "category": "建筑", "height": null, "levels": 1.0, "osmId": "way/764431805"}}, {"type": "Feature", "geometry": {"type": "Polygon", "coordinates": [[[116.4593241, 39.9174161], [116.4593192, 39.9171204], [116.4588927, 39.9171245], [116.4588976, 39.9174202], [116.4593241, 39.9174161]]]}, "properties": {"name": "建筑_430", "category": "建筑", "height": null, "levels": 1.0, "osmId": "way/764431806"}}, {"type": "Feature", "geometry": {"type": "Polygon", "coordinates": [[[116.4598042, 39.917844], [116.4598, 39.9175606], [116.4593306, 39.9175647], [116.4593348, 39.9178481], [116.4598042, 39.917844]]]}, "properties": {"name": "建筑_431", "category": "建筑", "height": null, "levels": 1.0, "osmId": "way/764431807"}}, {"type": "Feature", "geometry": {"type": "Polygon", "coordinates": [[[116.4603299, 39.9182904], [116.4603229, 39.9179904], [116.4598749, 39.9179966], [116.459882, 39.9182966], [116.4603299, 39.9182904]]]}, "properties": {"name": "建筑_432", "category": "建筑", "height": null, "levels": 1.0, "osmId": "way/764431808"}}, {"type": "Feature", "geometry": {"type": "Polygon", "coordinates": [[[116.4578569, 39.9167383], [116.4577619, 39.9165885], [116.456866, 39.9169227], [116.456961, 39.9170725], [116.4578569, 39.9167383]]]}, "properties": {"name": "建筑_433", "category": "建筑", "height": null, "levels": 1.0, "osmId": "way/764431811"}}, {"type": "Feature", "geometry": {"type": "Polygon", "coordinates": [[[116.4590143, 39.9163155], [116.4589158, 39.9161497], [116.4580857, 39.9164398], [116.4581841, 39.9166056], [116.4590143, 39.9163155]]]}, "properties": {"name": "建筑_434", "category": "建筑", "height": null, "levels": 1.0, "osmId": "way/764431812"}}, {"type": "Feature", "geometry": {"type": "Polygon", "coordinates": [[[116.460118, 39.9159195], [116.4604332, 39.9158084], [116.4603536, 39.9156756], [116.4600384, 39.9157867], [116.460118, 39.9159195]]]}, "properties": {"name": "建筑_435", "category": "建筑", "height": null, "levels": 1.0, "osmId": "way/764431813"}}, {"type": "Feature", "geometry": {"type": "Polygon", "coordinates": [[[116.4597076, 39.9161026], [116.4601113, 39.9159627], [116.4599937, 39.9157631], [116.45959, 39.915903], [116.4597076, 39.9161026]]]}, "properties": {"name": "建筑_436", "category": "建筑", "height": null, "levels": 1.0, "osmId": "way/764431814"}}, {"type": "Feature", "geometry": {"type": "Polygon", "coordinates": [[[116.4612968, 39.9155296], [116.4616549, 39.915398], [116.4615832, 39.9152832], [116.4612251, 39.9154149], [116.4612968, 39.9155296]]]}, "properties": {"name": "建筑_437", "category": "建筑", "height": null, "levels": 1.0, "osmId": "way/764431815"}}, {"type": "Feature", "geometry": {"type": "Polygon", "coordinates": [[[116.4604908, 39.9158218], [116.4609092, 39.9156757], [116.4608011, 39.9154935], [116.4603827, 39.9156396], [116.4604908, 39.9158218]]]}, "properties": {"name": "建筑_438", "category": "建筑", "height": null, "levels": 1.0, "osmId": "way/764431816"}}, {"type": "Feature", "geometry": {"type": "Polygon", "coordinates": [[[116.4616469, 39.9152396], [116.4625038, 39.9150554], [116.4624714, 39.9149667], [116.4616144, 39.9151508], [116.4616469, 39.9152396]]]}, "properties": {"name": "建筑_439", "category": "建筑", "height": null, "levels": 1.0, "osmId": "way/764431817"}}, {"type": "Feature", "geometry": {"type": "Polygon", "coordinates": [[[116.4619057, 39.9147561], [116.462312, 39.914752], [116.4623108, 39.9146789], [116.4619044, 39.914683], [116.4619057, 39.9147561]]]}, "properties": {"name": "建筑_440", "category": "建筑", "height": null, "levels": 1.0, "osmId": "way/764431818"}}, {"type": "Feature", "geometry": {"type": "Polygon", "coordinates": [[[116.4617917, 39.9149834], [116.4622852, 39.914967], [116.462281, 39.9148922], [116.4617875, 39.9149086], [116.4617917, 39.9149834]]]}, "properties": {"name": "建筑_441", "category": "建筑", "height": null, "levels": 1.0, "osmId": "way/764431819"}}, {"type": "Feature", "geometry": {"type": "Polygon", "coordinates": [[[116.4624622, 39.9148189], [116.4624569, 39.9146862], [116.4623437, 39.9146889], [116.4623491, 39.9148216], [116.4624622, 39.9148189]]]}, "properties": {"name": "建筑_442", "category": "建筑", "height": null, "levels": 1.0, "osmId": "way/764431820"}}, {"type": "Feature", "geometry": {"type": "Polygon", "coordinates": [[[116.4623724, 39.9143344], [116.4624783, 39.9143292], [116.4624739, 39.9142756], [116.462368, 39.9142807], [116.4623724, 39.9143344]]]}, "properties": {"name": "建筑_443", "category": "建筑", "height": null, "levels": 1.0, "osmId": "way/764431821"}}, {"type": "Feature", "geometry": {"type": "Polygon", "coordinates": [[[116.4617984, 39.9143447], [116.4623483, 39.9143426], [116.4623479, 39.914287], [116.461798, 39.9142891], [116.4617984, 39.9143447]]]}, "properties": {"name": "建筑_444", "category": "建筑", "height": null, "levels": 1.0, "osmId": "way/764431822"}}, {"type": "Feature", "geometry": {"type": "Polygon", "coordinates": [[[116.4617904, 39.9145885], [116.462367, 39.9145792], [116.462361, 39.9143582], [116.4617843, 39.9143675], [116.4617904, 39.9145885]]]}, "properties": {"name": "建筑_445", "category": "建筑", "height": null, "levels": 1.0, "osmId": "way/764431823"}}, {"type": "Feature", "geometry": {"type": "Polygon", "coordinates": [[[116.4624502, 39.9142079], [116.4624515, 39.9140618], [116.4623844, 39.9140614], [116.462383, 39.9142075], [116.4624502, 39.9142079]]]}, "properties": {"name": "建筑_446", "category": "建筑", "height": null, "levels": 1.0, "osmId": "way/764431824"}}, {"type": "Feature", "geometry": {"type": "Polygon", "coordinates": [[[116.461789, 39.9142212], [116.4622839, 39.9142151], [116.462281, 39.9140811], [116.4617862, 39.9140873], [116.461789, 39.9142212]]]}, "properties": {"name": "建筑_447", "category": "建筑", "height": null, "levels": 1.0, "osmId": "way/764431825"}}, {"type": "Feature", "geometry": {"type": "Polygon", "coordinates": [[[116.4626259, 39.9138982], [116.4631154, 39.9138941], [116.4631143, 39.9138221], [116.4626248, 39.9138263], [116.4626259, 39.9138982]]]}, "properties": {"name": "建筑_448", "category": "建筑", "height": null, "levels": 1.0, "osmId": "way/764431826"}}, {"type": "Feature", "geometry": {"type": "Polygon", "coordinates": [[[116.463165, 39.9140278], [116.4631703, 39.9139168], [116.4630626, 39.9139137], [116.4630572, 39.9140248], [116.463165, 39.9140278]]]}, "properties": {"name": "建筑_449", "category": "建筑", "height": null, "levels": 1.0, "osmId": "way/764431827"}}, {"type": "Feature", "geometry": {"type": "Polygon", "coordinates": [[[116.46265, 39.9141904], [116.4631087, 39.9141801], [116.4631063, 39.9141183], [116.4626476, 39.9141286], [116.46265, 39.9141904]]]}, "properties": {"name": "建筑_450", "category": "建筑", "height": null, "levels": 1.0, "osmId": "way/764431828"}}, {"type": "Feature", "geometry": {"type": "Polygon", "coordinates": [[[116.4626902, 39.9146759], [116.4629316, 39.9146821], [116.4629354, 39.9145961], [116.462694, 39.9145899], [116.4626902, 39.9146759]]]}, "properties": {"name": "建筑_451", "category": "建筑", "height": null, "levels": 1.0, "osmId": "way/764431829"}}, {"type": "Feature", "geometry": {"type": "Polygon", "coordinates": [[[116.46265, 39.9145092], [116.4631784, 39.9144948], [116.4631756, 39.9144349], [116.4626472, 39.9144493], [116.46265, 39.9145092]]]}, "properties": {"name": "建筑_452", "category": "建筑", "height": null, "levels": 1.0, "osmId": "way/764431830"}}, {"type": "Feature", "geometry": {"type": "Polygon", "coordinates": [[[116.4626741, 39.9148621], [116.4629813, 39.9147901], [116.4629604, 39.9147376], [116.4626532, 39.9148096], [116.4626741, 39.9148621]]]}, "properties": {"name": "建筑_453", "category": "建筑", "height": null, "levels": 1.0, "osmId": "way/764431831"}}, {"type": "Feature", "geometry": {"type": "Polygon", "coordinates": [[[116.462713, 39.9149711], [116.4629933, 39.9149104], [116.4629756, 39.9148621], [116.4626953, 39.9149228], [116.462713, 39.9149711]]]}, "properties": {"name": "建筑_454", "category": "建筑", "height": null, "levels": 1.0, "osmId": "way/764431832"}}, {"type": "Feature", "geometry": {"type": "Polygon", "coordinates": [[[116.4626849, 39.915112], [116.4631744, 39.9150081], [116.4631554, 39.9149555], [116.4626659, 39.9150593], [116.4626849, 39.915112]]]}, "properties": {"name": "建筑_455", "category": "建筑", "height": null, "levels": 1.0, "osmId": "way/764431833"}}, {"type": "Feature", "geometry": {"type": "Polygon", "coordinates": [[[116.4642459, 39.914537], [116.4644551, 39.9145741], [116.464553, 39.9145278], [116.464659, 39.9145051], [116.4647931, 39.9145051], [116.4648642, 39.9145319], [116.4649071, 39.9145555], [116.4651807, 39.9144948], [116.4651686, 39.9143786], [116.4649969, 39.9143591], [116.4649782, 39.9143406], [116.4649849, 39.9140978], [116.4643693, 39.9141132], [116.4643921, 39.9144249], [116.4642875, 39.914429], [116.4642338, 39.9144774], [116.4642191, 39.9145298], [116.4642459, 39.914537]]]}, "properties": {"name": "建筑_456", "category": "建筑", "height": null, "levels": 1.0, "osmId": "way/764431834"}}, {"type": "Feature", "geometry": {"type": "Polygon", "coordinates": [[[116.464038, 39.9145293], [116.4640287, 39.9144552], [116.463967, 39.9144244], [116.4638422, 39.9144244], [116.4638355, 39.9142999], [116.4639428, 39.9142968], [116.4640099, 39.9142495], [116.4640018, 39.9141713], [116.4641762, 39.9141621], [116.4641775, 39.9142331], [116.4642701, 39.9142711], [116.4643693, 39.914266], [116.4643827, 39.914409], [116.4642714, 39.914411], [116.4642124, 39.9144635], [116.4641923, 39.9145314], [116.464038, 39.9145293]]]}, "properties": {"name": "建筑_457", "category": "建筑", "height": null, "levels": 10.0, "osmId": "way/764431835"}}, {"type": "Feature", "geometry": {"type": "Polygon", "coordinates": [[[116.4651968, 39.9144383], [116.4651874, 39.9143642], [116.4651257, 39.9143334], [116.465001, 39.9143334], [116.4649943, 39.9142089], [116.4651015, 39.9142058], [116.4651686, 39.9141585], [116.4651605, 39.9140803], [116.4653349, 39.9140711], [116.4653362, 39.914142], [116.4654288, 39.9141801], [116.465528, 39.9141749], [116.4655414, 39.9143179], [116.4654301, 39.91432], [116.4653711, 39.9143724], [116.465351, 39.9144403], [116.4651968, 39.9144383]]]}, "properties": {"name": "建筑_458", "category": "建筑", "height": null, "levels": 10.0, "osmId": "way/764431836"}}, {"type": "Feature", "geometry": {"type": "Polygon", "coordinates": [[[116.4639871, 39.9159421], [116.4643009, 39.9159555], [116.4643103, 39.9158279], [116.4644122, 39.9158043], [116.4644538, 39.9159534], [116.4646456, 39.9159113], [116.4645078, 39.9155171], [116.4639978, 39.9156315], [116.4640022, 39.9157332], [116.4639871, 39.9159421]]]}, "properties": {"name": "建筑_459", "category": "建筑", "height": null, "levels": 1.0, "osmId": "way/764431837"}}, {"type": "Feature", "geometry": {"type": "Polygon", "coordinates": [[[116.4643639, 39.916729], [116.4650412, 39.9168051], [116.4650543, 39.9167367], [116.464377, 39.9166606], [116.4643639, 39.916729]]]}, "properties": {"name": "建筑_460", "category": "建筑", "height": null, "levels": 1.0, "osmId": "way/764431838"}}, {"type": "Feature", "geometry": {"type": "Polygon", "coordinates": [[[116.4651726, 39.9168082], [116.4655253, 39.916836], [116.4655328, 39.9167799], [116.4651801, 39.9167521], [116.4651726, 39.9168082]]]}, "properties": {"name": "建筑_461", "category": "建筑", "height": null, "levels": 1.0, "osmId": "way/764431839"}}, {"type": "Feature", "geometry": {"type": "Polygon", "coordinates": [[[116.4655629, 39.9166385], [116.4656259, 39.9161622], [116.4655549, 39.9161567], [116.4654918, 39.9166329], [116.4655629, 39.9166385]]]}, "properties": {"name": "建筑_462", "category": "建筑", "height": null, "levels": 1.0, "osmId": "way/764431840"}}, {"type": "Feature", "geometry": {"type": "Polygon", "coordinates": [[[116.4654341, 39.9166169], [116.4655012, 39.9161478], [116.4652805, 39.9161293], [116.4652135, 39.9165983], [116.4654341, 39.9166169]]]}, "properties": {"name": "建筑_463", "category": "建筑", "height": null, "levels": 1.0, "osmId": "way/764431841"}}, {"type": "Feature", "geometry": {"type": "Polygon", "coordinates": [[[116.4647837, 39.9165171], [116.4651404, 39.9165336], [116.465154, 39.9163607], [116.4647973, 39.9163442], [116.4647837, 39.9165171]]]}, "properties": {"name": "建筑_464", "category": "建筑", "height": null, "levels": 1.0, "osmId": "way/764431842"}}, {"type": "Feature", "geometry": {"type": "Polygon", "coordinates": [[[116.4645101, 39.9164677], [116.4646526, 39.9164623], [116.4646271, 39.9160694], [116.4644846, 39.9160748], [116.4645101, 39.9164677]]]}, "properties": {"name": "建筑_465", "category": "建筑", "height": null, "levels": 1.0, "osmId": "way/764431843"}}, {"type": "Feature", "geometry": {"type": "Polygon", "coordinates": [[[116.4640112, 39.9164564], [116.4644699, 39.916442], [116.4644648, 39.9163477], [116.4640062, 39.9163621], [116.4640112, 39.9164564]]]}, "properties": {"name": "建筑_466", "category": "建筑", "height": null, "levels": 1.0, "osmId": "way/764431844"}}, {"type": "Feature", "geometry": {"type": "Polygon", "coordinates": [[[116.4637122, 39.9167331], [116.4638972, 39.9167383], [116.4639023, 39.9166315], [116.4637172, 39.9166264], [116.4637122, 39.9167331]]]}, "properties": {"name": "建筑_467", "category": "建筑", "height": null, "levels": 1.0, "osmId": "way/764431845"}}, {"type": "Feature", "geometry": {"type": "Polygon", "coordinates": [[[116.463621, 39.9164307], [116.463771, 39.916431], [116.4639857, 39.9164307], [116.4639871, 39.9162476], [116.4637698, 39.9162497], [116.4637724, 39.9159629], [116.4636223, 39.9159627], [116.463621, 39.9164307]]]}, "properties": {"name": "建筑_468", "category": "建筑", "height": null, "levels": 1.0, "osmId": "way/764431846"}}, {"type": "Feature", "geometry": {"type": "Polygon", "coordinates": [[[116.4659491, 39.915541], [116.4661382, 39.915506], [116.4661078, 39.9154091], [116.4659187, 39.9154441], [116.4659491, 39.915541]]]}, "properties": {"name": "建筑_469", "category": "建筑", "height": null, "levels": 1.0, "osmId": "way/764431847"}}, {"type": "Feature", "geometry": {"type": "Polygon", "coordinates": [[[116.4660765, 39.915364], [116.466139, 39.9153522], [116.4660424, 39.9150529], [116.46598, 39.9150647], [116.4660765, 39.915364]]]}, "properties": {"name": "建筑_470", "category": "建筑", "height": null, "levels": 1.0, "osmId": "way/764431848"}}, {"type": "Feature", "geometry": {"type": "Polygon", "coordinates": [[[116.4653698, 39.9154484], [116.4659303, 39.9153229], [116.4658919, 39.9152219], [116.4653313, 39.9153473], [116.4653698, 39.9154484]]]}, "properties": {"name": "建筑_471", "category": "建筑", "height": null, "levels": 1.0, "osmId": "way/764431849"}}, {"type": "Feature", "geometry": {"type": "Polygon", "coordinates": [[[116.466448, 39.9158454], [116.4670247, 39.9158855], [116.4670349, 39.9157992], [116.4664582, 39.9157591], [116.466448, 39.9158454]]]}, "properties": {"name": "建筑_472", "category": "建筑", "height": null, "levels": 1.0, "osmId": "way/764431850"}}, {"type": "Feature", "geometry": {"type": "Polygon", "coordinates": [[[116.4670595, 39.9160584], [116.4673761, 39.916083], [116.4673853, 39.916013], [116.4670688, 39.9159883], [116.4670595, 39.9160584]]]}, "properties": {"name": "建筑_473", "category": "建筑", "height": null, "levels": 1.0, "osmId": "way/764431851"}}, {"type": "Feature", "geometry": {"type": "Polygon", "coordinates": [[[116.4664534, 39.9160213], [116.4669952, 39.9160604], [116.4670051, 39.9159794], [116.4664633, 39.9159403], [116.4664534, 39.9160213]]]}, "properties": {"name": "建筑_474", "category": "建筑", "height": null, "levels": 1.0, "osmId": "way/764431852"}}, {"type": "Feature", "geometry": {"type": "Polygon", "coordinates": [[[116.4659893, 39.9159678], [116.4661543, 39.9159781], [116.4661659, 39.9158684], [116.466001, 39.9158581], [116.4659893, 39.9159678]]]}, "properties": {"name": "建筑_475", "category": "建筑", "height": null, "levels": 1.0, "osmId": "way/764431853"}}, {"type": "Feature", "geometry": {"type": "Polygon", "coordinates": [[[116.4657426, 39.915937], [116.4659518, 39.9159493], [116.4659603, 39.9158644], [116.4657511, 39.9158521], [116.4657426, 39.915937]]]}, "properties": {"name": "建筑_476", "category": "建筑", "height": null, "levels": 1.0, "osmId": "way/764431854"}}, {"type": "Feature", "geometry": {"type": "Polygon", "coordinates": [[[116.4652544, 39.9158506], [116.4657426, 39.9158969], [116.4657624, 39.9157739], [116.4652742, 39.9157276], [116.4652544, 39.9158506]]]}, "properties": {"name": "建筑_477", "category": "建筑", "height": null, "levels": 1.0, "osmId": "way/764431855"}}, {"type": "Feature", "geometry": {"type": "Polygon", "coordinates": [[[116.4652182, 39.9156562], [116.4654027, 39.9156123], [116.4652913, 39.9153367], [116.4651069, 39.9153805], [116.4652182, 39.9156562]]]}, "properties": {"name": "建筑_478", "category": "建筑", "height": null, "levels": 1.0, "osmId": "way/764431856"}}, {"type": "Feature", "geometry": {"type": "Polygon", "coordinates": [[[116.4646831, 39.9156675], [116.4650694, 39.9155883], [116.4649983, 39.9153846], [116.4646121, 39.9154638], [116.4646831, 39.9156675]]]}, "properties": {"name": "建筑_479", "category": "建筑", "height": null, "levels": 1.0, "osmId": "way/764431857"}}, {"type": "Feature", "geometry": {"type": "Polygon", "coordinates": [[[116.464714, 39.9158094], [116.4651069, 39.915723], [116.4650696, 39.9156232], [116.4646766, 39.9157096], [116.464714, 39.9158094]]]}, "properties": {"name": "建筑_480", "category": "建筑", "height": null, "levels": 1.0, "osmId": "way/764431858"}}, {"type": "Feature", "geometry": {"type": "Polygon", "coordinates": [[[116.4681901, 39.9151459], [116.4681581, 39.9147861], [116.467595, 39.9148156], [116.46761, 39.914984], [116.467732, 39.9149776], [116.4677285, 39.9149385], [116.4680481, 39.9149218], [116.4680687, 39.9151522], [116.4681901, 39.9151459]]]}, "properties": {"name": "建筑_481", "category": "建筑", "height": null, "levels": 1.0, "osmId": "way/764431859"}}, {"type": "Feature", "geometry": {"type": "Polygon", "coordinates": [[[116.4672929, 39.9153095], [116.4677757, 39.9152725], [116.4677626, 39.9151717], [116.4672798, 39.9152087], [116.4672929, 39.9153095]]]}, "properties": {"name": "建筑_482", "category": "建筑", "height": null, "levels": 1.0, "osmId": "way/764431860"}}, {"type": "Feature", "geometry": {"type": "Polygon", "coordinates": [[[116.4673412, 39.915579], [116.4682075, 39.9155152], [116.4681802, 39.9152968], [116.4680278, 39.9153116], [116.4680421, 39.9154141], [116.4673251, 39.9154772], [116.4673412, 39.915579]]]}, "properties": {"name": "建筑_483", "category": "建筑", "height": null, "levels": 1.0, "osmId": "way/764431861"}}, {"type": "Feature", "geometry": {"type": "Polygon", "coordinates": [[[116.4680037, 39.9158753], [116.4681056, 39.9158851], [116.4681459, 39.9156403], [116.4680439, 39.9156304], [116.4680037, 39.9158753]]]}, "properties": {"name": "建筑_484", "category": "建筑", "height": null, "levels": 1.0, "osmId": "way/764431862"}}, {"type": "Feature", "geometry": {"type": "Polygon", "coordinates": [[[116.4674458, 39.9161036], [116.46806, 39.9161592], [116.4680759, 39.9160558], [116.4674617, 39.9160003], [116.4674458, 39.9161036]]]}, "properties": {"name": "建筑_485", "category": "建筑", "height": null, "levels": 1.0, "osmId": "way/764431863"}}, {"type": "Feature", "geometry": {"type": "Polygon", "coordinates": [[[116.4661261, 39.9157127], [116.4663193, 39.9157066], [116.4663125, 39.9155819], [116.4661194, 39.9155881], [116.4661261, 39.9157127]]]}, "properties": {"name": "建筑_486", "category": "建筑", "height": null, "levels": 1.0, "osmId": "way/764431864"}}, {"type": "Feature", "geometry": {"type": "Polygon", "coordinates": [[[116.4664829, 39.9156181], [116.4670461, 39.9155955], [116.4670392, 39.9154937], [116.4664759, 39.9155163], [116.4664829, 39.9156181]]]}, "properties": {"name": "建筑_487", "category": "建筑", "height": null, "levels": 1.0, "osmId": "way/764431865"}}, {"type": "Feature", "geometry": {"type": "Polygon", "coordinates": [[[116.4671481, 39.9151244], [116.4672406, 39.9151203], [116.4672367, 39.9150688], [116.4671442, 39.9150729], [116.4671481, 39.9151244]]]}, "properties": {"name": "建筑_488", "category": "建筑", "height": null, "levels": 1.0, "osmId": "way/764431866"}}, {"type": "Feature", "geometry": {"type": "Polygon", "coordinates": [[[116.4672647, 39.915058], [116.4674128, 39.9150532], [116.4674027, 39.9148716], [116.4672547, 39.9148765], [116.4672647, 39.915058]]]}, "properties": {"name": "建筑_489", "category": "建筑", "height": null, "levels": 1.0, "osmId": "way/764431867"}}, {"type": "Feature", "geometry": {"type": "Polygon", "coordinates": [[[116.4664158, 39.9152704], [116.4670247, 39.9152437], [116.467018, 39.9151541], [116.4664091, 39.9151809], [116.4664158, 39.9152704]]]}, "properties": {"name": "建筑_490", "category": "建筑", "height": null, "levels": 1.0, "osmId": "way/764431868"}}, {"type": "Feature", "geometry": {"type": "Polygon", "coordinates": [[[116.4672004, 39.9142634], [116.4678723, 39.9142418], [116.4678674, 39.9141528], [116.4671955, 39.9141744], [116.4672004, 39.9142634]]]}, "properties": {"name": "建筑_491", "category": "建筑", "height": null, "levels": 1.0, "osmId": "way/764431869"}}, {"type": "Feature", "geometry": {"type": "Polygon", "coordinates": [[[116.4664467, 39.9143148], [116.4671803, 39.9142737], [116.4671714, 39.9141812], [116.4664378, 39.9142224], [116.4664467, 39.9143148]]]}, "properties": {"name": "建筑_492", "category": "建筑", "height": null, "levels": 1.0, "osmId": "way/764431870"}}, {"type": "Feature", "geometry": {"type": "Polygon", "coordinates": [[[116.4660886, 39.9142799], [116.4664266, 39.9142644], [116.4664182, 39.9141569], [116.4660802, 39.9141723], [116.4660886, 39.9142799]]]}, "properties": {"name": "建筑_493", "category": "建筑", "height": null, "levels": 1.0, "osmId": "way/764431871"}}, {"type": "Feature", "geometry": {"type": "Polygon", "coordinates": [[[116.4666773, 39.912524], [116.4668061, 39.912526], [116.4668083, 39.9124439], [116.4666796, 39.9124419], [116.4666773, 39.912524]]]}, "properties": {"name": "建筑_494", "category": "建筑", "height": null, "levels": 1.0, "osmId": "way/764431874"}}, {"type": "Feature", "geometry": {"type": "Polygon", "coordinates": [[[116.4670502, 39.9125044], [116.4675745, 39.9125044], [116.4675745, 39.9124612], [116.4670502, 39.9124612], [116.4670502, 39.9125044]]]}, "properties": {"name": "建筑_495", "category": "建筑", "height": null, "levels": 1.0, "osmId": "way/764431875"}}, {"type": "Feature", "geometry": {"type": "Polygon", "coordinates": [[[116.4676201, 39.9125075], [116.4678776, 39.9125178], [116.4678812, 39.9124649], [116.4676237, 39.9124546], [116.4676201, 39.9125075]]]}, "properties": {"name": "建筑_496", "category": "建筑", "height": null, "levels": 1.0, "osmId": "way/764431876"}}, {"type": "Feature", "geometry": {"type": "Polygon", "coordinates": [[[116.4661959, 39.9140073], [116.4668745, 39.9139908], [116.4668682, 39.913838], [116.4661896, 39.9138544], [116.4661959, 39.9140073]]]}, "properties": {"name": "建筑_497", "category": "建筑", "height": null, "levels": 1.0, "osmId": "way/764431877"}}, {"type": "Feature", "geometry": {"type": "Polygon", "coordinates": [[[116.4670864, 39.913962], [116.4676416, 39.9139394], [116.4676286, 39.9137526], [116.4670734, 39.9137752], [116.4670864, 39.913962]]]}, "properties": {"name": "建筑_498", "category": "建筑", "height": null, "levels": 1.0, "osmId": "way/764431878"}}, {"type": "Feature", "geometry": {"type": "Polygon", "coordinates": [[[116.4670998, 39.9134724], [116.4677164, 39.9134596], [116.4676896, 39.9126984], [116.467073, 39.9127112], [116.4670998, 39.9134724]]]}, "properties": {"name": "建筑_499", "category": "建筑", "height": null, "levels": 1.0, "osmId": "way/764431879"}}, {"type": "Feature", "geometry": {"type": "Polygon", "coordinates": [[[116.4670971, 39.9136452], [116.467706, 39.9136226], [116.4676973, 39.9134861], [116.4670885, 39.9135087], [116.4670971, 39.9136452]]]}, "properties": {"name": "建筑_500", "category": "建筑", "height": null, "levels": 1.0, "osmId": "way/764431880"}}, {"type": "Feature", "geometry": {"type": "Polygon", "coordinates": [[[116.4661664, 39.9136555], [116.4668718, 39.9136329], [116.4668211, 39.9127023], [116.4661156, 39.912725], [116.4661664, 39.9136555]]]}, "properties": {"name": "建筑_501", "category": "建筑", "height": null, "levels": 1.0, "osmId": "way/764431881"}}, {"type": "Feature", "geometry": {"type": "Polygon", "coordinates": [[[116.465013, 39.9135938], [116.4654663, 39.9135794], [116.4654561, 39.9133892], [116.4650028, 39.9134036], [116.465013, 39.9135938]]]}, "properties": {"name": "建筑_502", "category": "建筑", "height": null, "levels": 1.0, "osmId": "way/764431882"}}, {"type": "Feature", "geometry": {"type": "Polygon", "coordinates": [[[116.4644846, 39.9137151], [116.4649057, 39.913711], [116.4649003, 39.9133853], [116.4644792, 39.9133894], [116.4644846, 39.9137151]]]}, "properties": {"name": "建筑_503", "category": "建筑", "height": null, "levels": 1.0, "osmId": "way/764431883"}}, {"type": "Feature", "geometry": {"type": "Polygon", "coordinates": [[[116.4639723, 39.9132461], [116.4643503, 39.913247], [116.4643529, 39.9126134], [116.463975, 39.9126124], [116.4639723, 39.9132461]]]}, "properties": {"name": "建筑_504", "category": "建筑", "height": null, "levels": 1.0, "osmId": "way/764431884"}}, {"type": "Feature", "geometry": {"type": "Polygon", "coordinates": [[[116.4648065, 39.9128758], [116.4648065, 39.912598], [116.4644551, 39.912598], [116.4644551, 39.9128758], [116.4648065, 39.9128758]]]}, "properties": {"name": "建筑_505", "category": "建筑", "height": null, "levels": 1.0, "osmId": "way/764431885"}}, {"type": "Feature", "geometry": {"type": "Polygon", "coordinates": [[[116.4650586, 39.9130136], [116.4654858, 39.9130099], [116.4654804, 39.9126478], [116.4650533, 39.9126515], [116.4650586, 39.9130136]]]}, "properties": {"name": "建筑_506", "category": "建筑", "height": null, "levels": 1.0, "osmId": "way/764431886"}}, {"type": "Feature", "geometry": {"type": "Polygon", "coordinates": [[[116.4650492, 39.91206], [116.4655092, 39.912058], [116.4655066, 39.911705], [116.4650466, 39.9117071], [116.4650492, 39.91206]]]}, "properties": {"name": "建筑_507", "category": "建筑", "height": null, "levels": 1.0, "osmId": "way/764431887"}}, {"type": "Feature", "geometry": {"type": "Polygon", "coordinates": [[[116.464486, 39.9120549], [116.464891, 39.9120621], [116.4648944, 39.9119485], [116.4644894, 39.9119413], [116.464486, 39.9120549]]]}, "properties": {"name": "建筑_508", "category": "建筑", "height": null, "levels": 1.0, "osmId": "way/764431888"}}, {"type": "Feature", "geometry": {"type": "Polygon", "coordinates": [[[116.464026, 39.9119901], [116.4644699, 39.9119942], [116.4644715, 39.9118915], [116.4640276, 39.9118874], [116.464026, 39.9119901]]]}, "properties": {"name": "建筑_509", "category": "建筑", "height": null, "levels": 1.0, "osmId": "way/764431889"}}, {"type": "Feature", "geometry": {"type": "Polygon", "coordinates": [[[116.4636049, 39.9115838], [116.4647314, 39.9116002], [116.4647386, 39.9113095], [116.4636121, 39.9112931], [116.4636049, 39.9115838]]]}, "properties": {"name": "建筑_510", "category": "建筑", "height": null, "levels": 1.0, "osmId": "way/764431890"}}, {"type": "Feature", "geometry": {"type": "Polygon", "coordinates": [[[116.4636129, 39.9110118], [116.4647904, 39.9110242], [116.4647954, 39.9107411], [116.463618, 39.9107288], [116.4636129, 39.9110118]]]}, "properties": {"name": "建筑_511", "category": "建筑", "height": null, "levels": 1.0, "osmId": "way/764431891"}}, {"type": "Feature", "geometry": {"type": "Polygon", "coordinates": [[[116.4658499, 39.9120775], [116.4665593, 39.9120868], [116.4665629, 39.911927], [116.4658534, 39.9119177], [116.4658499, 39.9120775]]]}, "properties": {"name": "建筑_512", "category": "建筑", "height": null, "levels": 1.0, "osmId": "way/764431892"}}, {"type": "Feature", "geometry": {"type": "Polygon", "coordinates": [[[116.4659384, 39.9107937], [116.4663166, 39.9107999], [116.4663225, 39.9105865], [116.4659443, 39.9105803], [116.4659384, 39.9107937]]]}, "properties": {"name": "建筑_513", "category": "建筑", "height": null, "levels": 1.0, "osmId": "way/764431893"}}, {"type": "Feature", "geometry": {"type": "Polygon", "coordinates": [[[116.4658311, 39.9118533], [116.4659812, 39.9118538], [116.4659839, 39.911395], [116.4658338, 39.9113945], [116.4658311, 39.9118533]]]}, "properties": {"name": "建筑_514", "category": "建筑", "height": null, "levels": 1.0, "osmId": "way/764431894"}}, {"type": "Feature", "geometry": {"type": "Polygon", "coordinates": [[[116.4659035, 39.9113719], [116.4659089, 39.9111641], [116.4657662, 39.9111619], [116.4657608, 39.9113697], [116.4659035, 39.9113719]]]}, "properties": {"name": "建筑_515", "category": "建筑", "height": null, "levels": 1.0, "osmId": "way/764431895"}}, {"type": "Feature", "geometry": {"type": "Polygon", "coordinates": [[[116.4660162, 39.9114212], [116.4664587, 39.9114068], [116.4664511, 39.9112695], [116.4660086, 39.9112839], [116.4660162, 39.9114212]]]}, "properties": {"name": "建筑_516", "category": "建筑", "height": null, "levels": 1.0, "osmId": "way/764431896"}}, {"type": "Feature", "geometry": {"type": "Polygon", "coordinates": [[[116.4652908, 39.9111481], [116.4652879, 39.9108289], [116.4649735, 39.9108306], [116.464972, 39.9106603], [116.4654936, 39.9106576], [116.465498, 39.911147], [116.4652908, 39.9111481]]]}, "properties": {"name": "建筑_517", "category": "建筑", "height": null, "levels": 18.0, "osmId": "way/764431897"}}, {"type": "Feature", "geometry": {"type": "Polygon", "coordinates": [[[116.4655414, 39.909693], [116.46552, 39.9094626], [116.4654033, 39.909469], [116.4654248, 39.9096994], [116.4655414, 39.909693]]]}, "properties": {"name": "建筑_518", "category": "建筑", "height": null, "levels": 1.0, "osmId": "way/764431898"}}, {"type": "Feature", "geometry": {"type": "Polygon", "coordinates": [[[116.4660376, 39.9097033], [116.4660242, 39.9094461], [116.4658863, 39.9094504], [116.4658997, 39.9097076], [116.4660376, 39.9097033]]]}, "properties": {"name": "建筑_519", "category": "建筑", "height": null, "levels": 1.0, "osmId": "way/764431899"}}, {"type": "Feature", "geometry": {"type": "Polygon", "coordinates": [[[116.4668959, 39.9096581], [116.4668745, 39.9089421], [116.4666902, 39.9089453], [116.4667117, 39.9096613], [116.4668959, 39.9096581]]]}, "properties": {"name": "建筑_520", "category": "建筑", "height": null, "levels": 1.0, "osmId": "way/764431900"}}, {"type": "Feature", "geometry": {"type": "Polygon", "coordinates": [[[116.4669147, 39.9099358], [116.4669147, 39.9097321], [116.465866, 39.9097321], [116.465866, 39.9099358], [116.4669147, 39.9099358]]]}, "properties": {"name": "建筑_521", "category": "建筑", "height": null, "levels": 1.0, "osmId": "way/764431901"}}, {"type": "Feature", "geometry": {"type": "Polygon", "coordinates": [[[116.4668691, 39.9087939], [116.4668666, 39.9086172], [116.4658822, 39.9086254], [116.4658847, 39.9088022], [116.4668691, 39.9087939]]]}, "properties": {"name": "建筑_522", "category": "建筑", "height": null, "levels": 1.0, "osmId": "way/764431902"}}, {"type": "Feature", "geometry": {"type": "Polygon", "coordinates": [[[116.466947, 39.9082226], [116.4669503, 39.90771], [116.4659026, 39.9077061], [116.4658994, 39.9082188], [116.466947, 39.9082226]]]}, "properties": {"name": "建筑_523", "category": "建筑", "height": 150.0, "levels": 50.0, "osmId": "way/764431903"}}, {"type": "Feature", "geometry": {"type": "Polygon", "coordinates": [[[116.4713256, 39.9076685], [116.4713256, 39.9075327], [116.4709166, 39.9075327], [116.4709166, 39.9076685], [116.4713256, 39.9076685]]]}, "properties": {"name": "建筑_524", "category": "建筑", "height": null, "levels": 1.0, "osmId": "way/764431904"}}, {"type": "Feature", "geometry": {"type": "Polygon", "coordinates": [[[116.4698705, 39.9097784], [116.4698678, 39.9095264], [116.4697043, 39.9095274], [116.469707, 39.9097794], [116.4698705, 39.9097784]]]}, "properties": {"name": "建筑_525", "category": "建筑", "height": null, "levels": 1.0, "osmId": "way/764431909"}}, {"type": "Feature", "geometry": {"type": "Polygon", "coordinates": [[[116.4698021, 39.9094832], [116.4698102, 39.909263], [116.4696389, 39.9092593], [116.4696309, 39.9094795], [116.4698021, 39.9094832]]]}, "properties": {"name": "建筑_526", "category": "建筑", "height": null, "levels": 1.0, "osmId": "way/764431910"}}, {"type": "Feature", "geometry": {"type": "Polygon", "coordinates": [[[116.4697659, 39.9090131], [116.4696358, 39.9091406], [116.4696412, 39.9092383], [116.4698075, 39.9092342], [116.4698102, 39.9091776], [116.4699121, 39.9091355], [116.4699027, 39.9090141], [116.4697659, 39.9090131]]]}, "properties": {"name": "建筑_527", "category": "建筑", "height": null, "levels": 1.0, "osmId": "way/764431911"}}, {"type": "Feature", "geometry": {"type": "Polygon", "coordinates": [[[116.4701052, 39.90901], [116.4699268, 39.90901], [116.4699268, 39.9091293], [116.4701052, 39.9091293], [116.4701052, 39.90901]]]}, "properties": {"name": "建筑_528", "category": "建筑", "height": null, "levels": 1.0, "osmId": "way/764431912"}}, {"type": "Feature", "geometry": {"type": "Polygon", "coordinates": [[[116.4704472, 39.9089925], [116.4701132, 39.9089935], [116.470114, 39.9091366], [116.4704479, 39.9091355], [116.4704472, 39.9089925]]]}, "properties": {"name": "建筑_529", "category": "建筑", "height": null, "levels": 1.0, "osmId": "way/764431913"}}, {"type": "Feature", "geometry": {"type": "Polygon", "coordinates": [[[116.4708213, 39.9090079], [116.4705732, 39.9090017], [116.470568, 39.9091246], [116.4708162, 39.9091308], [116.4708213, 39.9090079]]]}, "properties": {"name": "建筑_530", "category": "建筑", "height": null, "levels": 1.0, "osmId": "way/764431914"}}, {"type": "Feature", "geometry": {"type": "Polygon", "coordinates": [[[116.4712103, 39.9092281], [116.4709139, 39.90901], [116.4708554, 39.9091234], [116.4710029, 39.909249], [116.4712103, 39.9092281]]]}, "properties": {"name": "建筑_531", "category": "建筑", "height": null, "levels": 1.0, "osmId": "way/764431915"}}, {"type": "Feature", "geometry": {"type": "Polygon", "coordinates": [[[116.4714986, 39.9093361], [116.4714999, 39.9091149], [116.4714355, 39.9091147], [116.4714342, 39.9093358], [116.4714986, 39.9093361]]]}, "properties": {"name": "建筑_532", "category": "建筑", "height": null, "levels": 1.0, "osmId": "way/764431916"}}, {"type": "Feature", "geometry": {"type": "Polygon", "coordinates": [[[116.4712344, 39.9094739], [116.471221, 39.9092538], [116.4710245, 39.9092608], [116.4710379, 39.909481], [116.4712344, 39.9094739]]]}, "properties": {"name": "建筑_533", "category": "建筑", "height": null, "levels": 1.0, "osmId": "way/764431917"}}, {"type": "Feature", "geometry": {"type": "Polygon", "coordinates": [[[116.4712264, 39.9097722], [116.4712317, 39.909514], [116.4710049, 39.9095113], [116.4709996, 39.9097695], [116.4712264, 39.9097722]]]}, "properties": {"name": "建筑_534", "category": "建筑", "height": null, "levels": 1.0, "osmId": "way/764431918"}}, {"type": "Feature", "geometry": {"type": "Polygon", "coordinates": [[[116.4712358, 39.9099615], [116.4712366, 39.9097928], [116.4708704, 39.9097917], [116.4708696, 39.9099605], [116.4712358, 39.9099615]]]}, "properties": {"name": "建筑_535", "category": "建筑", "height": null, "levels": 1.0, "osmId": "way/764431919"}}, {"type": "Feature", "geometry": {"type": "Polygon", "coordinates": [[[116.4697203, 39.9099543], [116.4701723, 39.9099481], [116.470169, 39.90981], [116.4697171, 39.9098162], [116.4697203, 39.9099543]]]}, "properties": {"name": "建筑_536", "category": "建筑", "height": null, "levels": 1.0, "osmId": "way/764431920"}}, {"type": "Feature", "geometry": {"type": "Polygon", "coordinates": [[[116.468638, 39.910912], [116.468925, 39.9109151], [116.4689277, 39.9107691], [116.4686407, 39.910766], [116.468638, 39.910912]]]}, "properties": {"name": "建筑_537", "category": "建筑", "height": null, "levels": 1.0, "osmId": "way/764431921"}}, {"type": "Feature", "geometry": {"type": "Polygon", "coordinates": [[[116.4681807, 39.9109028], [116.4685911, 39.9109028], [116.4685911, 39.9105571], [116.4681807, 39.9105571], [116.4681807, 39.9109028]]]}, "properties": {"name": "建筑_538", "category": "建筑", "height": null, "levels": 1.0, "osmId": "way/764431922"}}, {"type": "Feature", "geometry": {"type": "Polygon", "coordinates": [[[116.4678401, 39.9116136], [116.4682062, 39.9116136], [116.4682062, 39.9112772], [116.4678401, 39.9112772], [116.4678401, 39.9116136]]]}, "properties": {"name": "建筑_539", "category": "建筑", "height": null, "levels": 1.0, "osmId": "way/764431923"}}, {"type": "Feature", "geometry": {"type": "Polygon", "coordinates": [[[116.46795, 39.9120065], [116.4686514, 39.9119973], [116.4686487, 39.9118762], [116.4679473, 39.9118855], [116.46795, 39.9120065]]]}, "properties": {"name": "建筑_540", "category": "建筑", "height": null, "levels": 1.0, "osmId": "way/764431924"}}, {"type": "Feature", "geometry": {"type": "Polygon", "coordinates": [[[116.4686313, 39.9117473], [116.4689988, 39.9117494], [116.4690008, 39.9115379], [116.4686333, 39.9115358], [116.4686313, 39.9117473]]]}, "properties": {"name": "建筑_541", "category": "建筑", "height": null, "levels": 1.0, "osmId": "way/764431925"}}, {"type": "Feature", "geometry": {"type": "Polygon", "coordinates": [[[116.4689612, 39.9119983], [116.4696211, 39.9119973], [116.4696207, 39.9118769], [116.4689609, 39.9118779], [116.4689612, 39.9119983]]]}, "properties": {"name": "建筑_542", "category": "建筑", "height": null, "levels": 1.0, "osmId": "way/764431926"}}, {"type": "Feature", "geometry": {"type": "Polygon", "coordinates": [[[116.4693716, 39.9116023], [116.4697418, 39.9116033], [116.4697432, 39.9112948], [116.4693731, 39.9112938], [116.4693716, 39.9116023]]]}, "properties": {"name": "建筑_543", "category": "建筑", "height": null, "levels": 1.0, "osmId": "way/764431927"}}, {"type": "Feature", "geometry": {"type": "Polygon", "coordinates": [[[116.4698464, 39.9107382], [116.4701041, 39.9107308], [116.4700947, 39.9105374], [116.469837, 39.9105448], [116.4698464, 39.9107382]]]}, "properties": {"name": "建筑_544", "category": "建筑", "height": null, "levels": 1.0, "osmId": "way/764431928"}}, {"type": "Feature", "geometry": {"type": "Polygon", "coordinates": [[[116.4699657, 39.911017], [116.4707556, 39.9110015], [116.4707504, 39.9108425], [116.4699604, 39.910858], [116.4699657, 39.911017]]]}, "properties": {"name": "建筑_545", "category": "建筑", "height": null, "levels": 1.0, "osmId": "way/764431929"}}, {"type": "Feature", "geometry": {"type": "Polygon", "coordinates": [[[116.4709823, 39.9109614], [116.4712744, 39.9109575], [116.4712664, 39.9106067], [116.4709742, 39.9106106], [116.4709823, 39.9109614]]]}, "properties": {"name": "建筑_546", "category": "建筑", "height": null, "levels": 18.0, "osmId": "way/764431930"}}, {"type": "Feature", "geometry": {"type": "Polygon", "coordinates": [[[116.4710909, 39.911627], [116.4715004, 39.9116315], [116.4715085, 39.9112015], [116.471099, 39.911197], [116.4710909, 39.911627]]]}, "properties": {"name": "建筑_547", "category": "建筑", "height": null, "levels": 18.0, "osmId": "way/764431931"}}, {"type": "Feature", "geometry": {"type": "Polygon", "coordinates": [[[116.4703855, 39.9120076], [116.4704418, 39.9120078], [116.4704445, 39.9116581], [116.4703882, 39.9116578], [116.4703855, 39.9120076]]]}, "properties": {"name": "建筑_548", "category": "建筑", "height": null, "levels": 1.0, "osmId": "way/764431932"}}, {"type": "Feature", "geometry": {"type": "Polygon", "coordinates": [[[116.4705732, 39.9119932], [116.4713135, 39.9120055], [116.4713178, 39.9118563], [116.4705775, 39.911844], [116.4705732, 39.9119932]]]}, "properties": {"name": "建筑_549", "category": "建筑", "height": null, "levels": 22.0, "osmId": "way/764431933"}}, {"type": "Feature", "geometry": {"type": "Polygon", "coordinates": [[[116.4619877, 39.9102101], [116.4619992, 39.9096651], [116.4613904, 39.9096575], [116.461379, 39.9102025], [116.4619877, 39.9102101]]]}, "properties": {"name": "建筑_550", "category": "建筑", "height": null, "levels": null, "osmId": "way/764434360"}}, {"type": "Feature", "geometry": {"type": "Polygon", "coordinates": [[[116.4630774, 39.9101127], [116.4630734, 39.9095112], [116.4626557, 39.9095156], [116.4626593, 39.9101143], [116.4630774, 39.9101127]]]}, "properties": {"name": "建筑_551", "category": "建筑", "height": 190.0, "levels": 1.0, "osmId": "way/764434361"}}, {"type": "Feature", "geometry": {"type": "Polygon", "coordinates": [[[116.4633688, 39.905146], [116.4636531, 39.9051409], [116.4636515, 39.9050881], [116.4633672, 39.9050932], [116.4633688, 39.905146]]]}, "properties": {"name": "建筑_552", "category": "建筑", "height": null, "levels": 1.0, "osmId": "way/764434364"}}, {"type": "Feature", "geometry": {"type": "Polygon", "coordinates": [[[116.4637215, 39.9051429], [116.4641856, 39.9051409], [116.4641852, 39.9050955], [116.4637212, 39.9050976], [116.4637215, 39.9051429]]]}, "properties": {"name": "建筑_553", "category": "建筑", "height": null, "levels": 1.0, "osmId": "way/764434365"}}, {"type": "Feature", "geometry": {"type": "Polygon", "coordinates": [[[116.464199, 39.9046327], [116.4641909, 39.9043559], [116.4641348, 39.9043569], [116.4641428, 39.9046336], [116.464199, 39.9046327]]]}, "properties": {"name": "建筑_554", "category": "建筑", "height": null, "levels": 1.0, "osmId": "way/764434366"}}, {"type": "Feature", "geometry": {"type": "Polygon", "coordinates": [[[116.464211, 39.9050143], [116.4642017, 39.9046728], [116.4641535, 39.9046736], [116.4641629, 39.9050151], [116.464211, 39.9050143]]]}, "properties": {"name": "建筑_555", "category": "建筑", "height": null, "levels": 1.0, "osmId": "way/764434367"}}, {"type": "Feature", "geometry": {"type": "Polygon", "coordinates": [[[116.4642486, 39.9053188], [116.4642497, 39.9052588], [116.4638688, 39.9052547], [116.4638677, 39.9053147], [116.4642486, 39.9053188]]]}, "properties": {"name": "建筑_556", "category": "建筑", "height": null, "levels": 1.0, "osmId": "way/764434368"}}, {"type": "Feature", "geometry": {"type": "Polygon", "coordinates": [[[116.4643183, 39.9055925], [116.4643126, 39.9055066], [116.4637922, 39.9055272], [116.463798, 39.9056131], [116.4643183, 39.9055925]]]}, "properties": {"name": "建筑_557", "category": "建筑", "height": null, "levels": 1.0, "osmId": "way/764434369"}}, {"type": "Feature", "geometry": {"type": "Polygon", "coordinates": [[[116.464321, 39.9058106], [116.4643151, 39.905678], [116.4638457, 39.9056903], [116.4638516, 39.9058229], [116.464321, 39.9058106]]]}, "properties": {"name": "建筑_558", "category": "建筑", "height": null, "levels": 1.0, "osmId": "way/764434370"}}, {"type": "Feature", "geometry": {"type": "Polygon", "coordinates": [[[116.4656514, 39.904897], [116.4660376, 39.9048991], [116.46604, 39.9046357], [116.4656538, 39.9046337], [116.4656514, 39.904897]]]}, "properties": {"name": "建筑_559", "category": "建筑", "height": null, "levels": 1.0, "osmId": "way/764434371"}}, {"type": "Feature", "geometry": {"type": "Polygon", "coordinates": [[[116.4656487, 39.9058271], [116.4660457, 39.9058188], [116.4660358, 39.9055387], [116.4656388, 39.9055469], [116.4656487, 39.9058271]]]}, "properties": {"name": "建筑_560", "category": "建筑", "height": null, "levels": 1.0, "osmId": "way/764434372"}}, {"type": "Feature", "geometry": {"type": "Polygon", "coordinates": [[[116.4646375, 39.9058271], [116.4649916, 39.9058271], [116.4649916, 39.9055205], [116.4646375, 39.9055205], [116.4646375, 39.9058271]]]}, "properties": {"name": "建筑_561", "category": "建筑", "height": null, "levels": 1.0, "osmId": "way/764434373"}}, {"type": "Feature", "geometry": {"type": "Polygon", "coordinates": [[[116.4652169, 39.9054135], [116.4655763, 39.9054011], [116.4655568, 39.9050678], [116.4651974, 39.9050802], [116.4652169, 39.9054135]]]}, "properties": {"name": "建筑_562", "category": "建筑", "height": null, "levels": 1.0, "osmId": "way/764434374"}}, {"type": "Feature", "geometry": {"type": "Polygon", "coordinates": [[[116.4645785, 39.9051429], [116.4649674, 39.9051347], [116.464964, 39.9050384], [116.464575, 39.9050467], [116.4645785, 39.9051429]]]}, "properties": {"name": "建筑_563", "category": "建筑", "height": null, "levels": 1.0, "osmId": "way/764434375"}}, {"type": "Feature", "geometry": {"type": "Polygon", "coordinates": [[[116.4635807, 39.9040761], [116.4635772, 39.904028], [116.4633841, 39.9040363], [116.4633876, 39.9040843], [116.4635807, 39.9040761]]]}, "properties": {"name": "建筑_564", "category": "建筑", "height": null, "levels": 1.0, "osmId": "way/764434376"}}, {"type": "Feature", "geometry": {"type": "Polygon", "coordinates": [[[116.4640582, 39.9045606], [116.4640582, 39.9043641], [116.4633997, 39.9043641], [116.4633997, 39.9045606], [116.4640582, 39.9045606]]]}, "properties": {"name": "建筑_565", "category": "建筑", "height": null, "levels": 1.0, "osmId": "way/764434377"}}, {"type": "Feature", "geometry": {"type": "Polygon", "coordinates": [[[116.463173, 39.9053158], [116.4631714, 39.9052337], [116.462824, 39.9052378], [116.4628257, 39.9053199], [116.463173, 39.9053158]]]}, "properties": {"name": "建筑_566", "category": "建筑", "height": null, "levels": 1.0, "osmId": "way/764434378"}}, {"type": "Feature", "geometry": {"type": "Polygon", "coordinates": [[[116.4637846, 39.9052787], [116.4637823, 39.905209], [116.4632995, 39.9052182], [116.4633018, 39.905288], [116.4637846, 39.9052787]]]}, "properties": {"name": "建筑_567", "category": "建筑", "height": null, "levels": 1.0, "osmId": "way/764434379"}}, {"type": "Feature", "geometry": {"type": "Polygon", "coordinates": [[[116.4653268, 39.9045678], [116.4655417, 39.9045671], [116.465539, 39.9041], [116.4653242, 39.9041008], [116.4653268, 39.9045678]]]}, "properties": {"name": "建筑_568", "category": "建筑", "height": null, "levels": 1.0, "osmId": "way/764434380"}}, {"type": "Feature", "geometry": {"type": "Polygon", "coordinates": [[[116.4645034, 39.9042921], [116.4651659, 39.9042921], [116.4651659, 39.9041275], [116.4645034, 39.9041275], [116.4645034, 39.9042921]]]}, "properties": {"name": "建筑_569", "category": "建筑", "height": null, "levels": 1.0, "osmId": "way/764434381"}}, {"type": "Feature", "geometry": {"type": "Polygon", "coordinates": [[[116.4628324, 39.9042983], [116.4628239, 39.9041038], [116.4620219, 39.9041244], [116.4620304, 39.9043189], [116.4628324, 39.9042983]]]}, "properties": {"name": "建筑_570", "category": "建筑", "height": null, "levels": 1.0, "osmId": "way/764434382"}}, {"type": "Feature", "geometry": {"type": "Polygon", "coordinates": [[[116.4612901, 39.9040493], [116.4613223, 39.9056131], [116.4617632, 39.9056077], [116.4617488, 39.9049012], [116.4621726, 39.9049855], [116.4623067, 39.9049259], [116.4623898, 39.9048394], [116.4624113, 39.9047489], [116.4623979, 39.9045864], [116.4622611, 39.9044135], [116.4617622, 39.9045349], [116.461731, 39.904044], [116.4612901, 39.9040493]]]}, "properties": {"name": "建筑_571", "category": "建筑", "height": null, "levels": 1.0, "osmId": "way/764434383"}}, {"type": "Feature", "geometry": {"type": "Polygon", "coordinates": [[[116.4647453, 39.9171787], [116.4648504, 39.9171896], [116.4648648, 39.9171084], [116.4651636, 39.9171394], [116.465149, 39.9172224], [116.4652562, 39.9172336], [116.4652834, 39.9170797], [116.4647722, 39.9170266], [116.4647453, 39.9171787]]]}, "properties": {"name": "建筑_572", "category": "建筑", "height": null, "levels": 1.0, "osmId": "way/764434384"}}, {"type": "Feature", "geometry": {"type": "Polygon", "coordinates": [[[116.4639865, 39.9170936], [116.4640737, 39.9171038], [116.4640885, 39.9170295], [116.464387, 39.9170644], [116.4643716, 39.917142], [116.464468, 39.9171533], [116.4644983, 39.9170008], [116.4640162, 39.9169445], [116.4639865, 39.9170936]]]}, "properties": {"name": "建筑_573", "category": "建筑", "height": null, "levels": 1.0, "osmId": "way/764434385"}}, {"type": "Feature", "geometry": {"type": "Polygon", "coordinates": [[[116.4640407, 39.9174583], [116.464325, 39.917486], [116.4643552, 39.9173042], [116.4640709, 39.9172764], [116.4640407, 39.9174583]]]}, "properties": {"name": "建筑_574", "category": "建筑", "height": null, "levels": 1.0, "osmId": "way/764434386"}}, {"type": "Feature", "geometry": {"type": "Polygon", "coordinates": [[[116.4637162, 39.9172022], [116.4638919, 39.9172114], [116.4639002, 39.9171179], [116.4637246, 39.9171086], [116.4637162, 39.9172022]]]}, "properties": {"name": "建筑_575", "category": "建筑", "height": null, "levels": 1.0, "osmId": "way/764434387"}}, {"type": "Feature", "geometry": {"type": "Polygon", "coordinates": [[[116.4637041, 39.9175796], [116.4638825, 39.917591], [116.4638937, 39.9174868], [116.4637153, 39.9174754], [116.4637041, 39.9175796]]]}, "properties": {"name": "建筑_576", "category": "建筑", "height": null, "levels": 1.0, "osmId": "way/764434388"}}, {"type": "Feature", "geometry": {"type": "Polygon", "coordinates": [[[116.4631744, 39.9172289], [116.4631717, 39.9169851], [116.4630873, 39.9169857], [116.46309, 39.9172294], [116.4631744, 39.9172289]]]}, "properties": {"name": "建筑_577", "category": "建筑", "height": null, "levels": 1.0, "osmId": "way/764434389"}}, {"type": "Feature", "geometry": {"type": "Polygon", "coordinates": [[[116.4624394, 39.9179787], [116.4624409, 39.9179488], [116.462292, 39.9179446], [116.4622906, 39.9179746], [116.4624394, 39.9179787]]]}, "properties": {"name": "建筑_578", "category": "建筑", "height": null, "levels": 1.0, "osmId": "way/764434390"}}, {"type": "Feature", "geometry": {"type": "Polygon", "coordinates": [[[116.4631824, 39.9175735], [116.4631703, 39.917342], [116.4630798, 39.9173448], [116.4630919, 39.9175762], [116.4631824, 39.9175735]]]}, "properties": {"name": "建筑_579", "category": "建筑", "height": null, "levels": 1.0, "osmId": "way/764434391"}}, {"type": "Feature", "geometry": {"type": "Polygon", "coordinates": [[[116.4629504, 39.9179283], [116.4629518, 39.9178561], [116.4625133, 39.9178509], [116.4625119, 39.9179232], [116.4629504, 39.9179283]]]}, "properties": {"name": "建筑_580", "category": "建筑", "height": null, "levels": 1.0, "osmId": "way/764434392"}}, {"type": "Feature", "geometry": {"type": "Polygon", "coordinates": [[[116.4631771, 39.9181238], [116.4631771, 39.9178018], [116.4630564, 39.9178018], [116.4630564, 39.9181238], [116.4631771, 39.9181238]]]}, "properties": {"name": "建筑_581", "category": "建筑", "height": null, "levels": 1.0, "osmId": "way/764434393"}}, {"type": "Feature", "geometry": {"type": "Polygon", "coordinates": [[[116.4579535, 39.9111394], [116.4589741, 39.9111298], [116.4589848, 39.9105579], [116.4579427, 39.9105469], [116.4579535, 39.9111394]]]}, "properties": {"name": "建筑_582", "category": "建筑", "height": 260.0, "levels": 57.0, "osmId": "way/764434414"}}, {"type": "Feature", "geometry": {"type": "Polygon", "coordinates": [[[116.456838, 39.9110584], [116.4578037, 39.9110553], [116.4578011, 39.9105524], [116.4568352, 39.9105555], [116.456838, 39.9110584]]]}, "properties": {"name": "建筑_583", "category": "建筑", "height": null, "levels": 1.0, "osmId": "way/764434415"}}, {"type": "Feature", "geometry": {"type": "Polygon", "coordinates": [[[116.4588056, 39.9119013], [116.4587981, 39.9112797], [116.45807, 39.9112761], [116.4580593, 39.9118942], [116.4588056, 39.9119013]]]}, "properties": {"name": "建筑_584", "category": "建筑", "height": 227.65, "levels": null, "osmId": "way/764434416"}}, {"type": "Feature", "geometry": {"type": "Polygon", "coordinates": [[[116.4624059, 39.9132523], [116.4624027, 39.9131461], [116.461716, 39.9131584], [116.4617193, 39.9132646], [116.4624059, 39.9132523]]]}, "properties": {"name": "建筑_585", "category": "建筑", "height": null, "levels": 1.0, "osmId": "way/764434417"}}, {"type": "Feature", "geometry": {"type": "Polygon", "coordinates": [[[116.46303, 39.9133114], [116.46303, 39.9131921], [116.4625982, 39.9131921], [116.4625982, 39.9133114], [116.46303, 39.9133114]]]}, "properties": {"name": "建筑_586", "category": "建筑", "height": null, "levels": 1.0, "osmId": "way/764434418"}}, {"type": "Feature", "geometry": {"type": "Polygon", "coordinates": [[[116.461789, 39.9135444], [116.4624542, 39.9135362], [116.4624526, 39.9134598], [116.4617874, 39.913468], [116.461789, 39.9135444]]]}, "properties": {"name": "建筑_587", "category": "建筑", "height": null, "levels": 1.0, "osmId": "way/764434419"}}, {"type": "Feature", "geometry": {"type": "Polygon", "coordinates": [[[116.4616254, 39.9135691], [116.4616244, 39.9134745], [116.4612865, 39.9134766], [116.4612874, 39.9135711], [116.4616254, 39.9135691]]]}, "properties": {"name": "建筑_588", "category": "建筑", "height": null, "levels": 1.0, "osmId": "way/764434420"}}, {"type": "Feature", "geometry": {"type": "Polygon", "coordinates": [[[116.4624542, 39.9137501], [116.4624676, 39.9136334], [116.4622852, 39.9136211], [116.4622718, 39.9137378], [116.4624542, 39.9137501]]]}, "properties": {"name": "建筑_589", "category": "建筑", "height": null, "levels": 1.0, "osmId": "way/764434421"}}, {"type": "Feature", "geometry": {"type": "Polygon", "coordinates": [[[116.4624569, 39.9139435], [116.4624564, 39.9138592], [116.4618315, 39.9138612], [116.4618319, 39.9139456], [116.4624569, 39.9139435]]]}, "properties": {"name": "建筑_590", "category": "建筑", "height": null, "levels": 1.0, "osmId": "way/764434422"}}, {"type": "Feature", "geometry": {"type": "Polygon", "coordinates": [[[116.4613625, 39.9140443], [116.4616576, 39.9140567], [116.4616705, 39.9138745], [116.4613755, 39.9138622], [116.4613625, 39.9140443]]]}, "properties": {"name": "建筑_591", "category": "建筑", "height": null, "levels": 1.0, "osmId": "way/764434423"}}, {"type": "Feature", "geometry": {"type": "Polygon", "coordinates": [[[116.4613223, 39.9147582], [116.461671, 39.9147499], [116.4616635, 39.914562], [116.4613148, 39.9145702], [116.4613223, 39.9147582]]]}, "properties": {"name": "建筑_592", "category": "建筑", "height": null, "levels": 1.0, "osmId": "way/764434424"}}, {"type": "Feature", "geometry": {"type": "Polygon", "coordinates": [[[116.4626621, 39.9158197], [116.463106, 39.915723], [116.4630778, 39.9156468], [116.4626339, 39.9157435], [116.4626621, 39.9158197]]]}, "properties": {"name": "建筑_593", "category": "建筑", "height": null, "levels": 1.0, "osmId": "way/764434425"}}, {"type": "Feature", "geometry": {"type": "Polygon", "coordinates": [[[116.4628136, 39.9160872], [116.4630255, 39.9160337], [116.4629982, 39.9159701], [116.4627863, 39.9160235], [116.4628136, 39.9160872]]]}, "properties": {"name": "建筑_594", "category": "建筑", "height": null, "levels": 1.0, "osmId": "way/764434426"}}, {"type": "Feature", "geometry": {"type": "Polygon", "coordinates": [[[116.4631811, 39.9160213], [116.4631757, 39.9157745], [116.4630609, 39.9157759], [116.4630662, 39.9160228], [116.4631811, 39.9160213]]]}, "properties": {"name": "建筑_595", "category": "建筑", "height": null, "levels": 1.0, "osmId": "way/764434427"}}, {"type": "Feature", "geometry": {"type": "Polygon", "coordinates": [[[116.4630952, 39.9165377], [116.4630872, 39.916118], [116.4629907, 39.9161191], [116.4629987, 39.9165388], [116.4630952, 39.9165377]]]}, "properties": {"name": "建筑_596", "category": "建筑", "height": null, "levels": 1.0, "osmId": "way/764434428"}}, {"type": "Feature", "geometry": {"type": "Polygon", "coordinates": [[[116.4628994, 39.9165665], [116.4628082, 39.916441], [116.4627152, 39.9164808], [116.4628064, 39.9166062], [116.4628994, 39.9165665]]]}, "properties": {"name": "建筑_597", "category": "建筑", "height": null, "levels": 1.0, "osmId": "way/764434429"}}, {"type": "Feature", "geometry": {"type": "Polygon", "coordinates": [[[116.4623523, 39.9170437], [116.4627251, 39.9169039], [116.4626789, 39.9168314], [116.4623061, 39.9169713], [116.4623523, 39.9170437]]]}, "properties": {"name": "建筑_598", "category": "建筑", "height": null, "levels": 1.0, "osmId": "way/764434430"}}, {"type": "Feature", "geometry": {"type": "Polygon", "coordinates": [[[116.4622343, 39.9168051], [116.462599, 39.9166632], [116.4625534, 39.9165942], [116.4621886, 39.9167361], [116.4622343, 39.9168051]]]}, "properties": {"name": "建筑_599", "category": "建筑", "height": null, "levels": 1.0, "osmId": "way/764434431"}}, {"type": "Feature", "geometry": {"type": "Polygon", "coordinates": [[[116.4613706, 39.9170026], [116.4618266, 39.9168257], [116.4617593, 39.9167238], [116.4613034, 39.9169007], [116.4613706, 39.9170026]]]}, "properties": {"name": "建筑_600", "category": "建筑", "height": null, "levels": 1.0, "osmId": "way/764434432"}}, {"type": "Feature", "geometry": {"type": "Polygon", "coordinates": [[[116.4615825, 39.9171343], [116.4618963, 39.9170108], [116.4618491, 39.9169402], [116.4615353, 39.9170636], [116.4615825, 39.9171343]]]}, "properties": {"name": "建筑_601", "category": "建筑", "height": null, "levels": 1.0, "osmId": "way/764434433"}}, {"type": "Feature", "geometry": {"type": "Polygon", "coordinates": [[[116.4621672, 39.9170952], [116.4619848, 39.9168072], [116.4618887, 39.916843], [116.4620711, 39.917131], [116.4621672, 39.9170952]]]}, "properties": {"name": "建筑_602", "category": "建筑", "height": null, "levels": 1.0, "osmId": "way/764434434"}}, {"type": "Feature", "geometry": {"type": "Polygon", "coordinates": [[[116.4619929, 39.9173112], [116.461994, 39.9172433], [116.4615594, 39.9172391], [116.4615583, 39.9173071], [116.4619929, 39.9173112]]]}, "properties": {"name": "建筑_603", "category": "建筑", "height": null, "levels": 1.0, "osmId": "way/764434435"}}, {"type": "Feature", "geometry": {"type": "Polygon", "coordinates": [[[116.4619821, 39.9175683], [116.4619821, 39.9175087], [116.4615771, 39.9175087], [116.4615771, 39.9175683], [116.4619821, 39.9175683]]]}, "properties": {"name": "建筑_604", "category": "建筑", "height": null, "levels": 1.0, "osmId": "way/764434436"}}, {"type": "Feature", "geometry": {"type": "Polygon", "coordinates": [[[116.462245, 39.9175498], [116.4622477, 39.9172536], [116.4621322, 39.917253], [116.4621296, 39.9175492], [116.462245, 39.9175498]]]}, "properties": {"name": "建筑_605", "category": "建筑", "height": null, "levels": 1.0, "osmId": "way/764434437"}}, {"type": "Feature", "geometry": {"type": "Polygon", "coordinates": [[[116.4629504, 39.9176239], [116.4629533, 39.9175411], [116.4623606, 39.9175287], [116.4623576, 39.9176115], [116.4629504, 39.9176239]]]}, "properties": {"name": "建筑_606", "category": "建筑", "height": null, "levels": 1.0, "osmId": "way/764434438"}}, {"type": "Feature", "geometry": {"type": "Polygon", "coordinates": [[[116.4629772, 39.9173153], [116.462976, 39.9172453], [116.4623618, 39.9172515], [116.462363, 39.9173215], [116.4629772, 39.9173153]]]}, "properties": {"name": "建筑_607", "category": "建筑", "height": null, "levels": 1.0, "osmId": "way/764434439"}}, {"type": "Feature", "geometry": {"type": "Polygon", "coordinates": [[[116.4631516, 39.9168771], [116.4630094, 39.9166673], [116.4629159, 39.9167045], [116.4630581, 39.9169144], [116.4631516, 39.9168771]]]}, "properties": {"name": "建筑_608", "category": "建筑", "height": null, "levels": 1.0, "osmId": "way/764434440"}}, {"type": "Feature", "geometry": {"type": "Polygon", "coordinates": [[[116.4627117, 39.9162106], [116.4626205, 39.9160542], [116.4624887, 39.9160995], [116.4625799, 39.9162558], [116.4627117, 39.9162106]]]}, "properties": {"name": "建筑_609", "category": "建筑", "height": null, "levels": 1.0, "osmId": "way/764434441"}}, {"type": "Feature", "geometry": {"type": "Polygon", "coordinates": [[[116.4622624, 39.9165212], [116.4627238, 39.9163556], [116.4626645, 39.9162584], [116.4622031, 39.916424], [116.4622624, 39.9165212]]]}, "properties": {"name": "建筑_610", "category": "建筑", "height": null, "levels": 1.0, "osmId": "way/764434442"}}, {"type": "Feature", "geometry": {"type": "Polygon", "coordinates": [[[116.4620988, 39.9165603], [116.4619258, 39.916263], [116.4618351, 39.9162941], [116.4620081, 39.9165913], [116.4620988, 39.9165603]]]}, "properties": {"name": "建筑_611", "category": "建筑", "height": null, "levels": 1.0, "osmId": "way/764434443"}}, {"type": "Feature", "geometry": {"type": "Polygon", "coordinates": [[[116.4625467, 39.9158989], [116.4624833, 39.9157941], [116.4616974, 39.9160739], [116.4617608, 39.9161787], [116.4625467, 39.9158989]]]}, "properties": {"name": "建筑_612", "category": "建筑", "height": null, "levels": 1.0, "osmId": "way/764434444"}}, {"type": "Feature", "geometry": {"type": "Polygon", "coordinates": [[[116.4618064, 39.9166241], [116.461709, 39.9164781], [116.4611377, 39.9167023], [116.4612351, 39.9168483], [116.4618064, 39.9166241]]]}, "properties": {"name": "建筑_613", "category": "建筑", "height": null, "levels": 1.0, "osmId": "way/764434445"}}, {"type": "Feature", "geometry": {"type": "Polygon", "coordinates": [[[116.4616254, 39.9162281], [116.4615741, 39.9161439], [116.460917, 39.9163795], [116.4609683, 39.9164636], [116.4616254, 39.9162281]]]}, "properties": {"name": "建筑_614", "category": "建筑", "height": null, "levels": 1.0, "osmId": "way/764434446"}}, {"type": "Feature", "geometry": {"type": "Polygon", "coordinates": [[[116.4608301, 39.9164965], [116.460772, 39.9163986], [116.4600062, 39.916666], [116.4600644, 39.916764], [116.4608301, 39.9164965]]]}, "properties": {"name": "建筑_615", "category": "建筑", "height": null, "levels": 1.0, "osmId": "way/764434447"}}, {"type": "Feature", "geometry": {"type": "Polygon", "coordinates": [[[116.4610809, 39.9169203], [116.4609012, 39.9166189], [116.4608104, 39.9166508], [116.4609901, 39.9169522], [116.4610809, 39.9169203]]]}, "properties": {"name": "建筑_616", "category": "建筑", "height": null, "levels": 1.0, "osmId": "way/764434448"}}, {"type": "Feature", "geometry": {"type": "Polygon", "coordinates": [[[116.4603299, 39.9170386], [116.4602347, 39.9168853], [116.4601532, 39.9169151], [116.4602484, 39.9170684], [116.4603299, 39.9170386]]]}, "properties": {"name": "建筑_617", "category": "建筑", "height": null, "levels": 1.0, "osmId": "way/764434449"}}, {"type": "Feature", "geometry": {"type": "Polygon", "coordinates": [[[116.4603661, 39.9171734], [116.4608422, 39.9170088], [116.4607918, 39.916923], [116.4603157, 39.9170875], [116.4603661, 39.9171734]]]}, "properties": {"name": "建筑_618", "category": "建筑", "height": null, "levels": 1.0, "osmId": "way/764434450"}}, {"type": "Feature", "geometry": {"type": "Polygon", "coordinates": [[[116.4608449, 39.9176527], [116.4612955, 39.917663], [116.4612989, 39.9175753], [116.4608483, 39.917565], [116.4608449, 39.9176527]]]}, "properties": {"name": "建筑_619", "category": "建筑", "height": null, "levels": 1.0, "osmId": "way/764434451"}}, {"type": "Feature", "geometry": {"type": "Polygon", "coordinates": [[[116.4614457, 39.9179448], [116.4614323, 39.917809], [116.4613406, 39.9178143], [116.461354, 39.9179501], [116.4614457, 39.9179448]]]}, "properties": {"name": "建筑_620", "category": "建筑", "height": null, "levels": 1.0, "osmId": "way/764434453"}}, {"type": "Feature", "geometry": {"type": "Polygon", "coordinates": [[[116.4608905, 39.9179263], [116.4612499, 39.9179304], [116.4612523, 39.9178055], [116.4608929, 39.9178014], [116.4608905, 39.9179263]]]}, "properties": {"name": "建筑_621", "category": "建筑", "height": null, "levels": 1.0, "osmId": "way/764434454"}}, {"type": "Feature", "geometry": {"type": "Polygon", "coordinates": [[[116.4607939, 39.9177967], [116.4604989, 39.9172783], [116.4603864, 39.9173159], [116.4606814, 39.9178343], [116.4607939, 39.9177967]]]}, "properties": {"name": "建筑_622", "category": "建筑", "height": null, "levels": 1.0, "osmId": "way/764434455"}}, {"type": "Feature", "geometry": {"type": "Polygon", "coordinates": [[[116.4623255, 39.9178563], [116.4623247, 39.9177537], [116.4615992, 39.9177568], [116.4615999, 39.9178594], [116.4623255, 39.9178563]]]}, "properties": {"name": "建筑_623", "category": "建筑", "height": null, "levels": 1.0, "osmId": "way/764434458"}}, {"type": "Feature", "geometry": {"type": "Polygon", "coordinates": [[[116.4748192, 39.9152972], [116.4751223, 39.9153054], [116.4751272, 39.9151988], [116.4748241, 39.9151906], [116.4748192, 39.9152972]]]}, "properties": {"name": "建筑_624", "category": "建筑", "height": null, "levels": 1.0, "osmId": "way/764446064"}}, {"type": "Feature", "geometry": {"type": "Polygon", "coordinates": [[[116.474897, 39.9155708], [116.4755112, 39.9155831], [116.4755148, 39.9154784], [116.4749005, 39.9154661], [116.474897, 39.9155708]]]}, "properties": {"name": "建筑_625", "category": "建筑", "height": null, "levels": 1.0, "osmId": "way/764446065"}}, {"type": "Feature", "geometry": {"type": "Polygon", "coordinates": [[[116.4749184, 39.9158814], [116.4754924, 39.9158876], [116.4754945, 39.9157727], [116.4749205, 39.9157665], [116.4749184, 39.9158814]]]}, "properties": {"name": "建筑_626", "category": "建筑", "height": null, "levels": 1.0, "osmId": "way/764446066"}}, {"type": "Feature", "geometry": {"type": "Polygon", "coordinates": [[[116.4746019, 39.9146368], [116.4752537, 39.9146142], [116.4752463, 39.9144896], [116.4745946, 39.9145122], [116.4746019, 39.9146368]]]}, "properties": {"name": "建筑_627", "category": "建筑", "height": null, "levels": 1.0, "osmId": "way/764446071"}}, {"type": "Feature", "geometry": {"type": "Polygon", "coordinates": [[[116.4746019, 39.914861], [116.474795, 39.9148508], [116.474785, 39.9147401], [116.4745919, 39.9147504], [116.4746019, 39.914861]]]}, "properties": {"name": "建筑_628", "category": "建筑", "height": null, "levels": 1.0, "osmId": "way/764446072"}}, {"type": "Feature", "geometry": {"type": "Polygon", "coordinates": [[[116.4747843, 39.9149824], [116.4752778, 39.914968], [116.475273, 39.9148699], [116.4747794, 39.9148843], [116.4747843, 39.9149824]]]}, "properties": {"name": "建筑_629", "category": "建筑", "height": null, "levels": 1.0, "osmId": "way/764446073"}}, {"type": "Feature", "geometry": {"type": "Polygon", "coordinates": [[[116.4742774, 39.9146224], [116.4744517, 39.9146142], [116.4744452, 39.9145326], [116.4742708, 39.9145408], [116.4742774, 39.9146224]]]}, "properties": {"name": "建筑_630", "category": "建筑", "height": null, "levels": 1.0, "osmId": "way/764446074"}}, {"type": "Feature", "geometry": {"type": "Polygon", "coordinates": [[[116.4737678, 39.9146306], [116.4742532, 39.9146101], [116.4742468, 39.9145211], [116.4737613, 39.9145416], [116.4737678, 39.9146306]]]}, "properties": {"name": "建筑_631", "category": "建筑", "height": null, "levels": 1.0, "osmId": "way/764446075"}}, {"type": "Feature", "geometry": {"type": "Polygon", "coordinates": [[[116.4735612, 39.9146491], [116.4737302, 39.914645], [116.473727, 39.9145685], [116.4735581, 39.9145726], [116.4735612, 39.9146491]]]}, "properties": {"name": "建筑_632", "category": "建筑", "height": null, "levels": 1.0, "osmId": "way/764446076"}}, {"type": "Feature", "geometry": {"type": "Polygon", "coordinates": [[[116.4732259, 39.9146738], [116.4734298, 39.9146656], [116.4734225, 39.91456], [116.4732187, 39.9145682], [116.4732259, 39.9146738]]]}, "properties": {"name": "建筑_633", "category": "建筑", "height": null, "levels": 1.0, "osmId": "way/764446077"}}, {"type": "Feature", "geometry": {"type": "Polygon", "coordinates": [[[116.4702809, 39.9116167], [116.4702621, 39.9114274], [116.4702165, 39.9112176], [116.4703801, 39.9112134], [116.4703935, 39.9111785], [116.4708924, 39.9111867], [116.4709045, 39.9113698], [116.470537, 39.9113729], [116.470525, 39.9115992], [116.4702809, 39.9116167]]]}, "properties": {"name": "建筑_634", "category": "建筑", "height": null, "levels": 10.0, "osmId": "way/764446078"}}, {"type": "Feature", "geometry": {"type": "Polygon", "coordinates": [[[116.47266, 39.9111106], [116.4730436, 39.9111106], [116.4730436, 39.9109954], [116.47266, 39.9109954], [116.47266, 39.9111106]]]}, "properties": {"name": "建筑_635", "category": "建筑", "height": null, "levels": 1.0, "osmId": "way/764446079"}}, {"type": "Feature", "geometry": {"type": "Polygon", "coordinates": [[[116.4734083, 39.9110982], [116.4737838, 39.9110982], [116.4737838, 39.9110036], [116.4734083, 39.9110036], [116.4734083, 39.9110982]]]}, "properties": {"name": "建筑_636", "category": "建筑", "height": null, "levels": 1.0, "osmId": "way/764446080"}}, {"type": "Feature", "geometry": {"type": "Polygon", "coordinates": [[[116.4741486, 39.9111065], [116.4745375, 39.9111003], [116.4745346, 39.9109909], [116.4741457, 39.910997], [116.4741486, 39.9111065]]]}, "properties": {"name": "建筑_637", "category": "建筑", "height": null, "levels": 1.0, "osmId": "way/764446081"}}, {"type": "Feature", "geometry": {"type": "Polygon", "coordinates": [[[116.4733426, 39.9181155], [116.4734101, 39.9181129], [116.4734007, 39.917972], [116.4733332, 39.9179746], [116.4733426, 39.9181155]]]}, "properties": {"name": "建筑_638", "category": "建筑", "height": null, "levels": 1.0, "osmId": "way/764451492"}}, {"type": "Feature", "geometry": {"type": "Polygon", "coordinates": [[[116.4724857, 39.9157415], [116.4727539, 39.9157395], [116.472753, 39.9156695], [116.4724847, 39.9156716], [116.4724857, 39.9157415]]]}, "properties": {"name": "建筑_639", "category": "建筑", "height": null, "levels": 1.0, "osmId": "way/764451533"}}, {"type": "Feature", "geometry": {"type": "Polygon", "coordinates": [[[116.4726037, 39.915614], [116.4725822, 39.9153033], [116.4724239, 39.9153098], [116.4724453, 39.9156204], [116.4726037, 39.915614]]]}, "properties": {"name": "建筑_640", "category": "建筑", "height": null, "levels": 1.0, "osmId": "way/764451534"}}, {"type": "Feature", "geometry": {"type": "Polygon", "coordinates": [[[116.4725822, 39.9160007], [116.473057, 39.9159905], [116.4730528, 39.9158771], [116.472578, 39.9158874], [116.4725822, 39.9160007]]]}, "properties": {"name": "建筑_641", "category": "建筑", "height": null, "levels": 1.0, "osmId": "way/764451535"}}, {"type": "Feature", "geometry": {"type": "Polygon", "coordinates": [[[116.4735505, 39.9157313], [116.4739099, 39.9157066], [116.4739015, 39.9156342], [116.473542, 39.9156589], [116.4735505, 39.9157313]]]}, "properties": {"name": "建筑_642", "category": "建筑", "height": null, "levels": 1.0, "osmId": "way/764451536"}}, {"type": "Feature", "geometry": {"type": "Polygon", "coordinates": [[[116.4732796, 39.915721], [116.4733989, 39.9157173], [116.4733775, 39.9153079], [116.4732581, 39.9153116], [116.4732796, 39.915721]]]}, "properties": {"name": "建筑_643", "category": "建筑", "height": null, "levels": 1.0, "osmId": "way/764451537"}}, {"type": "Feature", "geometry": {"type": "Polygon", "coordinates": [[[116.4732072, 39.9152067], [116.4734091, 39.915202], [116.4733903, 39.9147186], [116.4731884, 39.9147232], [116.4732072, 39.9152067]]]}, "properties": {"name": "建筑_644", "category": "建筑", "height": null, "levels": 1.0, "osmId": "way/764451538"}}, {"type": "Feature", "geometry": {"type": "Polygon", "coordinates": [[[116.4724441, 39.9148816], [116.4724469, 39.9149521], [116.4728452, 39.9149429], [116.4728424, 39.9148724], [116.4724441, 39.9148816]]]}, "properties": {"name": "建筑_645", "category": "建筑", "height": null, "levels": 1.0, "osmId": "way/764451539"}}, {"type": "Feature", "geometry": {"type": "Polygon", "coordinates": [[[116.4724843, 39.9152067], [116.4730462, 39.9151902], [116.4730311, 39.9148865], [116.4729041, 39.9148888], [116.472901, 39.915084], [116.472483, 39.9150935], [116.4724843, 39.9152067]]]}, "properties": {"name": "建筑_646", "category": "建筑", "height": null, "levels": 1.0, "osmId": "way/764451540"}}, {"type": "Feature", "geometry": {"type": "Polygon", "coordinates": [[[116.474622, 39.9155111], [116.4745939, 39.915291], [116.4743585, 39.9153087], [116.4743632, 39.9153805], [116.4745154, 39.9153715], [116.4745308, 39.9155173], [116.474622, 39.9155111]]]}, "properties": {"name": "建筑_647", "category": "建筑", "height": null, "levels": 1.0, "osmId": "way/764451541"}}, {"type": "Feature", "geometry": {"type": "Polygon", "coordinates": [[[116.4739005, 39.9154422], [116.4742559, 39.9154206], [116.474249, 39.9153534], [116.4738936, 39.915375], [116.4739005, 39.9154422]]]}, "properties": {"name": "建筑_648", "category": "建筑", "height": null, "levels": 1.0, "osmId": "way/764451542"}}, {"type": "Feature", "geometry": {"type": "Polygon", "coordinates": [[[116.4743015, 39.9156891], [116.4746556, 39.9156685], [116.4746488, 39.9156], [116.4742948, 39.9156206], [116.4743015, 39.9156891]]]}, "properties": {"name": "建筑_649", "category": "建筑", "height": null, "levels": 1.0, "osmId": "way/764451543"}}, {"type": "Feature", "geometry": {"type": "Polygon", "coordinates": [[[116.4736672, 39.9159689], [116.4745684, 39.9159113], [116.4745569, 39.9158056], [116.4736557, 39.9158632], [116.4736672, 39.9159689]]]}, "properties": {"name": "建筑_650", "category": "建筑", "height": null, "levels": 1.0, "osmId": "way/764451544"}}, {"type": "Feature", "geometry": {"type": "Polygon", "coordinates": [[[116.4733252, 39.9164204], [116.4738348, 39.9164245], [116.4738364, 39.9163097], [116.4733268, 39.9163056], [116.4733252, 39.9164204]]]}, "properties": {"name": "建筑_651", "category": "建筑", "height": null, "levels": 1.0, "osmId": "way/764451545"}}, {"type": "Feature", "geometry": {"type": "Polygon", "coordinates": [[[116.4733118, 39.9168175], [116.4738509, 39.9168175], [116.4738509, 39.9167105], [116.4733118, 39.9167105], [116.4733118, 39.9168175]]]}, "properties": {"name": "建筑_652", "category": "建筑", "height": null, "levels": 1.0, "osmId": "way/764451546"}}, {"type": "Feature", "geometry": {"type": "Polygon", "coordinates": [[[116.472656, 39.9172844], [116.4730462, 39.9172783], [116.4730448, 39.9172238], [116.4726545, 39.91723], [116.472656, 39.9172844]]]}, "properties": {"name": "建筑_653", "category": "建筑", "height": null, "levels": 1.0, "osmId": "way/764451547"}}, {"type": "Feature", "geometry": {"type": "Polygon", "coordinates": [[[116.4726815, 39.9174418], [116.4730851, 39.9174398], [116.4730843, 39.917348], [116.4726807, 39.91735], [116.4726815, 39.9174418]]]}, "properties": {"name": "建筑_654", "category": "建筑", "height": null, "levels": 1.0, "osmId": "way/764451548"}}, {"type": "Feature", "geometry": {"type": "Polygon", "coordinates": [[[116.4727338, 39.9177689], [116.4730905, 39.9177658], [116.4730891, 39.9176689], [116.4727323, 39.917672], [116.4727338, 39.9177689]]]}, "properties": {"name": "建筑_655", "category": "建筑", "height": null, "levels": 1.0, "osmId": "way/764451549"}}, {"type": "Feature", "geometry": {"type": "Polygon", "coordinates": [[[116.4723797, 39.9180466], [116.4731079, 39.9180456], [116.4731076, 39.9179242], [116.4723794, 39.9179252], [116.4723797, 39.9180466]]]}, "properties": {"name": "建筑_656", "category": "建筑", "height": null, "levels": 1.0, "osmId": "way/764451550"}}, {"type": "Feature", "geometry": {"type": "Polygon", "coordinates": [[[116.4732715, 39.9178306], [116.4739823, 39.9178337], [116.473983, 39.9177464], [116.4732722, 39.9177433], [116.4732715, 39.9178306]]]}, "properties": {"name": "建筑_657", "category": "建筑", "height": null, "levels": 1.0, "osmId": "way/764451551"}}, {"type": "Feature", "geometry": {"type": "Polygon", "coordinates": [[[116.4732702, 39.9175385], [116.4739676, 39.9175334], [116.4739663, 39.9174333], [116.473269, 39.9174385], [116.4732702, 39.9175385]]]}, "properties": {"name": "建筑_658", "category": "建筑", "height": null, "levels": 1.0, "osmId": "way/764451552"}}, {"type": "Feature", "geometry": {"type": "Polygon", "coordinates": [[[116.4732702, 39.9172392], [116.4739756, 39.9172392], [116.4739756, 39.9171487], [116.4732702, 39.9171487], [116.4732702, 39.9172392]]]}, "properties": {"name": "建筑_659", "category": "建筑", "height": null, "levels": 1.0, "osmId": "way/764451553"}}, {"type": "Feature", "geometry": {"type": "Polygon", "coordinates": [[[116.4745536, 39.91709], [116.4751236, 39.91709], [116.4751236, 39.9169337], [116.4745536, 39.9169337], [116.4745536, 39.91709]]]}, "properties": {"name": "建筑_660", "category": "建筑", "height": null, "levels": 1.0, "osmId": "way/764451554"}}, {"type": "Feature", "geometry": {"type": "Polygon", "coordinates": [[[116.4749949, 39.9174346], [116.4755434, 39.9174377], [116.475545, 39.9172654], [116.4749965, 39.9172623], [116.4749949, 39.9174346]]]}, "properties": {"name": "建筑_661", "category": "建筑", "height": null, "levels": 1.0, "osmId": "way/764451555"}}, {"type": "Feature", "geometry": {"type": "Polygon", "coordinates": [[[116.475361, 39.9177494], [116.475361, 39.9175817], [116.4749632, 39.9175684], [116.4749613, 39.917234], [116.4748291, 39.917229], [116.4748192, 39.9177432], [116.475361, 39.9177494]]]}, "properties": {"name": "建筑_662", "category": "建筑", "height": null, "levels": 1.0, "osmId": "way/764451556"}}, {"type": "Feature", "geometry": {"type": "Polygon", "coordinates": [[[116.4731468, 39.9140258], [116.473242, 39.9140186], [116.473231, 39.9139328], [116.4731358, 39.91394], [116.4731468, 39.9140258]]]}, "properties": {"name": "建筑_663", "category": "建筑", "height": null, "levels": 1.0, "osmId": "way/764451644"}}, {"type": "Feature", "geometry": {"type": "Polygon", "coordinates": [[[116.4729537, 39.9140186], [116.4731307, 39.9140165], [116.4731295, 39.9139563], [116.4729525, 39.9139584], [116.4729537, 39.9140186]]]}, "properties": {"name": "建筑_664", "category": "建筑", "height": null, "levels": 1.0, "osmId": "way/764451645"}}, {"type": "Feature", "geometry": {"type": "Polygon", "coordinates": [[[116.4727579, 39.9140443], [116.4729135, 39.9140412], [116.47291, 39.9139394], [116.4727545, 39.9139425], [116.4727579, 39.9140443]]]}, "properties": {"name": "建筑_665", "category": "建筑", "height": null, "levels": 1.0, "osmId": "way/764451646"}}, {"type": "Feature", "geometry": {"type": "Polygon", "coordinates": [[[116.4741084, 39.9139486], [116.4748326, 39.913927], [116.4748274, 39.9138252], [116.4741032, 39.9138468], [116.4741084, 39.9139486]]]}, "properties": {"name": "建筑_666", "category": "建筑", "height": null, "levels": 1.0, "osmId": "way/764451647"}}, {"type": "Feature", "geometry": {"type": "Polygon", "coordinates": [[[116.473285, 39.9139785], [116.4739823, 39.9139507], [116.4739741, 39.9138285], [116.4732767, 39.9138563], [116.473285, 39.9139785]]]}, "properties": {"name": "建筑_667", "category": "建筑", "height": null, "levels": 1.0, "osmId": "way/764451648"}}, {"type": "Feature", "geometry": {"type": "Polygon", "coordinates": [[[116.4733547, 39.9135835], [116.4739394, 39.9135773], [116.4739371, 39.9134474], [116.4733524, 39.9134536], [116.4733547, 39.9135835]]]}, "properties": {"name": "建筑_668", "category": "建筑", "height": null, "levels": 1.0, "osmId": "way/764451649"}}, {"type": "Feature", "geometry": {"type": "Polygon", "coordinates": [[[116.4733466, 39.913279], [116.4739636, 39.9132769], [116.4739629, 39.9131616], [116.473346, 39.9131637], [116.4733466, 39.913279]]]}, "properties": {"name": "建筑_669", "category": "建筑", "height": null, "levels": 1.0, "osmId": "way/764451650"}}, {"type": "Feature", "geometry": {"type": "Polygon", "coordinates": [[[116.4749345, 39.9134148], [116.4755031, 39.9134045], [116.4754986, 39.9132572], [116.47493, 39.9132675], [116.4749345, 39.9134148]]]}, "properties": {"name": "建筑_670", "category": "建筑", "height": null, "levels": 1.0, "osmId": "way/764451651"}}, {"type": "Feature", "geometry": {"type": "Polygon", "coordinates": [[[116.4740923, 39.9136411], [116.4748138, 39.9136102], [116.4748049, 39.9134873], [116.4740834, 39.9135181], [116.4740923, 39.9136411]]]}, "properties": {"name": "建筑_671", "category": "建筑", "height": null, "levels": 1.0, "osmId": "way/764451652"}}, {"type": "Feature", "geometry": {"type": "Polygon", "coordinates": [[[116.4740521, 39.9129087], [116.4751008, 39.9129149], [116.4751031, 39.9126911], [116.4740543, 39.912685], [116.4740521, 39.9129087]]]}, "properties": {"name": "建筑_672", "category": "建筑", "height": null, "levels": 1.0, "osmId": "way/764451653"}}, {"type": "Feature", "geometry": {"type": "Polygon", "coordinates": [[[116.4683453, 39.9090751], [116.468247, 39.9090319], [116.4681948, 39.9089548], [116.4682053, 39.9088683], [116.468275, 39.9087998], [116.468382, 39.9087711], [116.4684921, 39.9087914], [116.4685705, 39.9088541], [116.4685923, 39.9089394], [116.4685505, 39.9090201], [116.4684584, 39.9090707], [116.4683453, 39.9090751]]]}, "properties": {"name": "建筑_673", "category": "建筑", "height": null, "levels": 2.0, "osmId": "way/764453124"}}, {"type": "Feature", "geometry": {"type": "Polygon", "coordinates": [[[116.4736631, 39.9089894], [116.4738053, 39.9089966], [116.473875, 39.9089544], [116.4739582, 39.9088526], [116.4739314, 39.9087147], [116.4737262, 39.9085594], [116.4735411, 39.9085563], [116.473462, 39.9085923], [116.4734083, 39.9087034], [116.4734164, 39.9088063], [116.4736631, 39.9089894]]]}, "properties": {"name": "建筑_674", "category": "建筑", "height": null, "levels": 4.0, "osmId": "way/764453125"}}, {"type": "Feature", "geometry": {"type": "Polygon", "coordinates": [[[116.4748943, 39.9095552], [116.4750652, 39.9094416], [116.4743705, 39.9088265], [116.4741996, 39.90894], [116.4748943, 39.9095552]]]}, "properties": {"name": "建筑_675", "category": "建筑", "height": null, "levels": 1.0, "osmId": "way/764453126"}}, {"type": "Feature", "geometry": {"type": "Polygon", "coordinates": [[[116.4640947, 39.9183622], [116.464031, 39.9182374], [116.4640169, 39.9180853], [116.4641372, 39.917917], [116.4642434, 39.9178899], [116.4645123, 39.9178356], [116.4648733, 39.9178682], [116.4650078, 39.9179225], [116.465199, 39.9180419], [116.4651706, 39.9182482], [116.4650715, 39.9183568], [116.4648309, 39.9184816], [116.4645619, 39.9184925], [116.4643004, 39.9184409], [116.4640947, 39.9183622]]]}, "properties": {"name": "人民日报社新媒体大厦", "category": "建筑", "height": null, "levels": null, "osmId": "way/786151472"}}, {"type": "Feature", "geometry": {"type": "Polygon", "coordinates": [[[116.4724092, 39.9117979], [116.4722469, 39.9117948], [116.4722461, 39.9113551], [116.4729172, 39.9113576], [116.4729091, 39.91146], [116.4728393, 39.9115449], [116.4724161, 39.9115452], [116.4724092, 39.9117979]]]}, "properties": {"name": "建筑_677", "category": "建筑", "height": null, "levels": null, "osmId": "way/805817622"}}, {"type": "Feature", "geometry": {"type": "Polygon", "coordinates": [[[116.4498354, 39.9047657], [116.4500585, 39.9047648], [116.4500595, 39.9051544], [116.4499403, 39.905187], [116.4498441, 39.9051616], [116.4498518, 39.9051068], [116.4498354, 39.9047657]]]}, "properties": {"name": "应急处", "category": "建筑", "height": null, "levels": null, "osmId": "way/828231020"}}, {"type": "Feature", "geometry": {"type": "Polygon", "coordinates": [[[116.4681321, 39.9141947], [116.4689327, 39.9141472], [116.4689222, 39.9140617], [116.468126, 39.9140942], [116.4681321, 39.9141947]]]}, "properties": {"name": "建筑_679", "category": "建筑", "height": null, "levels": 6.0, "osmId": "way/856630770"}}, {"type": "Feature", "geometry": {"type": "Polygon", "coordinates": [[[116.4680886, 39.9139505], [116.4682135, 39.9139441], [116.4681968, 39.9136566], [116.4683509, 39.9136438], [116.4683467, 39.9135704], [116.4680636, 39.9135831], [116.4680886, 39.9139505]]]}, "properties": {"name": "建筑_680", "category": "建筑", "height": null, "levels": null, "osmId": "way/856630771"}}, {"type": "Feature", "geometry": {"type": "Polygon", "coordinates": [[[116.4701908, 39.9140958], [116.4716442, 39.914016], [116.4716275, 39.9136039], [116.4714859, 39.9136007], [116.4714859, 39.9138882], [116.4701783, 39.9139553], [116.4701908, 39.9140958]]]}, "properties": {"name": "建筑_681", "category": "建筑", "height": null, "levels": null, "osmId": "way/856630772"}}, {"type": "Feature", "geometry": {"type": "Polygon", "coordinates": [[[116.4696694, 39.9131893], [116.4704906, 39.913211], [116.4704918, 39.9130499], [116.4702068, 39.9130486], [116.47021, 39.91296], [116.4705156, 39.9129651], [116.4705244, 39.9128264], [116.4696994, 39.9127958], [116.4696786, 39.9129427], [116.4700118, 39.9129522], [116.4700076, 39.9130384], [116.4696765, 39.9130307], [116.4696694, 39.9131893]]]}, "properties": {"name": "建筑_682", "category": "建筑", "height": null, "levels": null, "osmId": "way/856630773"}}, {"type": "Feature", "geometry": {"type": "Polygon", "coordinates": [[[116.471283, 39.9137203], [116.4713984, 39.9137172], [116.4714025, 39.9135528], [116.4712748, 39.9135528], [116.471283, 39.9137203]]]}, "properties": {"name": "建筑_683", "category": "建筑", "height": null, "levels": null, "osmId": "way/859240699"}}, {"type": "Feature", "geometry": {"type": "Polygon", "coordinates": [[[116.4697006, 39.9126054], [116.4697854, 39.9126054], [116.4697867, 39.9125444], [116.4698631, 39.9125456], [116.4701103, 39.9125494], [116.4701089, 39.9125943], [116.4701885, 39.9125934], [116.4701976, 39.9124626], [116.469707, 39.9124486], [116.4697006, 39.9126054]]]}, "properties": {"name": "建筑_684", "category": "建筑", "height": null, "levels": null, "osmId": "way/859245066"}}, {"type": "Feature", "geometry": {"type": "Polygon", "coordinates": [[[116.4691747, 39.9126872], [116.4695086, 39.9126872], [116.4695108, 39.9125515], [116.4691813, 39.9125521], [116.4691747, 39.9126872]]]}, "properties": {"name": "建筑_685", "category": "建筑", "height": null, "levels": null, "osmId": "way/859245067"}}, {"type": "Feature", "geometry": {"type": "Polygon", "coordinates": [[[116.4528245, 39.9063622], [116.4532585, 39.9063574], [116.4532547, 39.9060061], [116.4528219, 39.906011], [116.4528245, 39.9063622]]]}, "properties": {"name": "建筑_686", "category": "建筑", "height": 249.9, "levels": 63.0, "osmId": "way/916885301"}}, {"type": "Feature", "geometry": {"type": "Polygon", "coordinates": [[[116.4542524, 39.9117888], [116.4542425, 39.9112456], [116.4548877, 39.91125], [116.454912, 39.9117922], [116.4542524, 39.9117888]]]}, "properties": {"name": "国贸三期B", "category": "建筑", "height": 296.0, "levels": 60.0, "osmId": "way/916885302"}}, {"type": "Feature", "geometry": {"type": "Polygon", "coordinates": [[[116.4724025, 39.9010365], [116.4724098, 39.9009297], [116.4731204, 39.900963], [116.4731117, 39.9010699], [116.4724025, 39.9010365]]]}, "properties": {"name": "建筑_688", "category": "建筑", "height": null, "levels": null, "osmId": "way/948916949"}}, {"type": "Feature", "geometry": {"type": "Polygon", "coordinates": [[[116.4732199, 39.901051], [116.4732253, 39.9009605], [116.4737463, 39.9009856], [116.473739, 39.9010481], [116.4737354, 39.9010789], [116.4732199, 39.901051]]]}, "properties": {"name": "建筑_689", "category": "建筑", "height": null, "levels": null, "osmId": "way/948916950"}}, {"type": "Feature", "geometry": {"type": "Polygon", "coordinates": [[[116.4737245, 39.9011513], [116.4737354, 39.9010789], [116.473739, 39.9010481], [116.4744307, 39.9011053], [116.4744126, 39.9012084], [116.4737245, 39.9011513]]]}, "properties": {"name": "建筑_690", "category": "建筑", "height": null, "levels": null, "osmId": "way/948916951"}}, {"type": "Feature", "geometry": {"type": "Polygon", "coordinates": [[[116.4736183, 39.901563], [116.4736171, 39.9014143], [116.4739156, 39.9014123], [116.4739143, 39.901557], [116.4736183, 39.901563]]]}, "properties": {"name": "建筑_691", "category": "建筑", "height": null, "levels": null, "osmId": "way/948916952"}}, {"type": "Feature", "geometry": {"type": "Polygon", "coordinates": [[[116.4739496, 39.9017594], [116.4739299, 39.9015793], [116.4740528, 39.9015742], [116.4740622, 39.9016681], [116.4740193, 39.9016721], [116.4740259, 39.9017559], [116.4739496, 39.9017594]]]}, "properties": {"name": "建筑_692", "category": "建筑", "height": null, "levels": null, "osmId": "way/948916953"}}, {"type": "Feature", "geometry": {"type": "Polygon", "coordinates": [[[116.4748639, 39.9012739], [116.4748782, 39.9012112], [116.4752084, 39.9012519], [116.4751973, 39.9013146], [116.4750856, 39.901301], [116.4748639, 39.9012739]]]}, "properties": {"name": "建筑_693", "category": "建筑", "height": null, "levels": null, "osmId": "way/948919354"}}, {"type": "Feature", "geometry": {"type": "Polygon", "coordinates": [[[116.4731384, 39.9017775], [116.4733506, 39.9017741], [116.473343, 39.9015062], [116.4725605, 39.9015131], [116.472562, 39.9016182], [116.4731338, 39.901617], [116.4731384, 39.9017775]]]}, "properties": {"name": "建筑_694", "category": "建筑", "height": null, "levels": null, "osmId": "way/948923870"}}, {"type": "Feature", "geometry": {"type": "Polygon", "coordinates": [[[116.4729572, 39.9022514], [116.4729556, 39.902057], [116.4730774, 39.9020545], [116.4730785, 39.9021202], [116.4733, 39.9021193], [116.4733, 39.9022514], [116.4729572, 39.9022514]]]}, "properties": {"name": "建筑_695", "category": "建筑", "height": null, "levels": null, "osmId": "way/948923876"}}, {"type": "Feature", "geometry": {"type": "Polygon", "coordinates": [[[116.4733435, 39.9022893], [116.4733405, 39.9021356], [116.4734979, 39.9021308], [116.473501, 39.9022848], [116.4733435, 39.9022893]]]}, "properties": {"name": "建筑_696", "category": "建筑", "height": null, "levels": null, "osmId": "way/948923877"}}, {"type": "Feature", "geometry": {"type": "Polygon", "coordinates": [[[116.4726479, 39.9020617], [116.4726494, 39.9020183], [116.4728482, 39.9020195], [116.4728451, 39.9020629], [116.4726479, 39.9020617]]]}, "properties": {"name": "建筑_697", "category": "建筑", "height": null, "levels": null, "osmId": "way/948923878"}}, {"type": "Feature", "geometry": {"type": "Polygon", "coordinates": [[[116.474192, 39.9037861], [116.4741664, 39.9035797], [116.4746339, 39.9035393], [116.4746625, 39.9037492], [116.474192, 39.9037861]]]}, "properties": {"name": "建筑_698", "category": "建筑", "height": null, "levels": null, "osmId": "way/948923881"}}, {"type": "Feature", "geometry": {"type": "Polygon", "coordinates": [[[116.4736975, 39.9037342], [116.473717, 39.903627], [116.4741619, 39.9036754], [116.4741394, 39.9037803], [116.4736975, 39.9037342]]]}, "properties": {"name": "建筑_699", "category": "建筑", "height": null, "levels": null, "osmId": "way/948923882"}}, {"type": "Feature", "geometry": {"type": "Polygon", "coordinates": [[[116.4736794, 39.9034736], [116.4736704, 39.9034229], [116.4740312, 39.9033721], [116.4740432, 39.9034252], [116.4736794, 39.9034736]]]}, "properties": {"name": "建筑_700", "category": "建筑", "height": null, "levels": null, "osmId": "way/948923883"}}, {"type": "Feature", "geometry": {"type": "Polygon", "coordinates": [[[116.4741965, 39.9034586], [116.4741815, 39.9033837], [116.4748188, 39.9033018], [116.4748354, 39.9033756], [116.4741965, 39.9034586]]]}, "properties": {"name": "建筑_701", "category": "建筑", "height": null, "levels": null, "osmId": "way/948923884"}}, {"type": "Feature", "geometry": {"type": "Polygon", "coordinates": [[[116.4748473, 39.9014243], [116.4749735, 39.9014451], [116.475079, 39.9015012], [116.475258, 39.9014114], [116.475375, 39.9013203], [116.4753201, 39.9012755], [116.4752119, 39.901357], [116.4751747, 39.9013353], [116.4750856, 39.901301], [116.4748639, 39.9012739], [116.4748344, 39.9014222], [116.4748473, 39.9014243]]]}, "properties": {"name": "建筑_702", "category": "建筑", "height": null, "levels": null, "osmId": "way/948923898"}}, {"type": "Feature", "geometry": {"type": "Polygon", "coordinates": [[[116.4567261, 39.9102024], [116.4567198, 39.9095215], [116.4573315, 39.9095183], [116.4573377, 39.9101991], [116.4567261, 39.9102024]]]}, "properties": {"name": "建筑_703", "category": "建筑", "height": null, "levels": null, "osmId": "way/971902535"}}, {"type": "Feature", "geometry": {"type": "Polygon", "coordinates": [[[116.4519783, 39.904307], [116.4521155, 39.9040829], [116.4524032, 39.9041925], [116.4522609, 39.9044181], [116.4521371, 39.9043694], [116.4519783, 39.904307]]]}, "properties": {"name": "建筑_704", "category": "建筑", "height": 100.0, "levels": 31.0, "osmId": "way/1016685335"}}, {"type": "Feature", "geometry": {"type": "Polygon", "coordinates": [[[116.4532711, 39.9048844], [116.4531986, 39.9048603], [116.453067, 39.9050867], [116.4527758, 39.9049871], [116.4529074, 39.9047607], [116.4527826, 39.9047172], [116.4525394, 39.9051038], [116.4531158, 39.9051171], [116.4532711, 39.9048844]]]}, "properties": {"name": "建筑_705", "category": "建筑", "height": null, "levels": 3.0, "osmId": "way/1016752900"}}, {"type": "Feature", "geometry": {"type": "Polygon", "coordinates": [[[116.4532151, 39.9051148], [116.4538594, 39.9051173], [116.4538636, 39.9048668], [116.453732, 39.9050932], [116.4534408, 39.9049936], [116.4535724, 39.9047672], [116.4534422, 39.9047209], [116.4532151, 39.9051148]]]}, "properties": {"name": "建筑_706", "category": "建筑", "height": null, "levels": 3.0, "osmId": "way/1016752901"}}, {"type": "Feature", "geometry": {"type": "Polygon", "coordinates": [[[116.4528789, 39.903757], [116.4529541, 39.9036276], [116.4526629, 39.903528], [116.4525634, 39.9036943], [116.4524275, 39.9036368], [116.4524716, 39.9035799], [116.4525614, 39.9034639], [116.4531028, 39.9034733], [116.4530258, 39.9036024], [116.4529247, 39.9037718], [116.4528789, 39.903757]]]}, "properties": {"name": "建筑_707", "category": "建筑", "height": null, "levels": 3.0, "osmId": "way/1016752906"}}, {"type": "Feature", "geometry": {"type": "Polygon", "coordinates": [[[116.4593469, 39.9105641], [116.4593465, 39.9111554], [116.4597669, 39.9111543], [116.4607082, 39.9111572], [116.4609668, 39.9111561], [116.4609672, 39.9105646], [116.4593469, 39.9105641]]]}, "properties": {"name": "建筑_708", "category": "建筑", "height": null, "levels": null, "osmId": "way/1022407217"}}, {"type": "Feature", "geometry": {"type": "Polygon", "coordinates": [[[116.4644168, 39.9001163], [116.4644208, 39.9000762], [116.4644912, 39.9000804], [116.464497, 39.9000226], [116.4643101, 39.9000115], [116.4643003, 39.9001094], [116.4644168, 39.9001163]]]}, "properties": {"name": "建筑_709", "category": "建筑", "height": null, "levels": null, "osmId": "way/1141783555"}}, {"type": "Feature", "geometry": {"type": "Polygon", "coordinates": [[[116.4544589, 39.915462], [116.4544627, 39.9153894], [116.4547653, 39.9153807], [116.4547653, 39.9154649], [116.4544589, 39.915462]]]}, "properties": {"name": "建筑_710", "category": "建筑", "height": null, "levels": null, "osmId": "way/1147348909"}}, {"type": "Feature", "geometry": {"type": "Polygon", "coordinates": [[[116.4560999, 39.9163201], [116.4560149, 39.9163172], [116.4560244, 39.9161549], [116.4561093, 39.9161578], [116.4560999, 39.9163201]]]}, "properties": {"name": "建筑_711", "category": "建筑", "height": null, "levels": null, "osmId": "way/1147348910"}}, {"type": "Feature", "geometry": {"type": "Polygon", "coordinates": [[[116.4550145, 39.9148349], [116.455027, 39.9146144], [116.454923, 39.9146109], [116.4549105, 39.9148314], [116.4550145, 39.9148349]]]}, "properties": {"name": "建筑_712", "category": "建筑", "height": null, "levels": null, "osmId": "way/1147348911"}}, {"type": "Feature", "geometry": {"type": "Polygon", "coordinates": [[[116.4561988, 39.9146629], [116.4562085, 39.9144851], [116.45612, 39.9144823], [116.4561103, 39.9146601], [116.4561988, 39.9146629]]]}, "properties": {"name": "建筑_713", "category": "建筑", "height": null, "levels": null, "osmId": "way/1147348912"}}, {"type": "Feature", "geometry": {"type": "Polygon", "coordinates": [[[116.4566656, 39.914904], [116.4566656, 39.9147976], [116.4567323, 39.9147976], [116.4567323, 39.914904], [116.4566656, 39.914904]]]}, "properties": {"name": "建筑_714", "category": "建筑", "height": null, "levels": null, "osmId": "way/1147348913"}}, {"type": "Feature", "geometry": {"type": "Polygon", "coordinates": [[[116.4572857, 39.914904], [116.4572857, 39.9147976], [116.4573524, 39.9147976], [116.4573524, 39.914904], [116.4572857, 39.914904]]]}, "properties": {"name": "建筑_715", "category": "建筑", "height": null, "levels": null, "osmId": "way/1147348914"}}, {"type": "Feature", "geometry": {"type": "Polygon", "coordinates": [[[116.4579419, 39.914902], [116.4579419, 39.9147956], [116.4580086, 39.9147956], [116.4580086, 39.914902], [116.4579419, 39.914902]]]}, "properties": {"name": "建筑_716", "category": "建筑", "height": null, "levels": null, "osmId": "way/1147348915"}}, {"type": "Feature", "geometry": {"type": "Polygon", "coordinates": [[[116.4585661, 39.914904], [116.4585661, 39.9147976], [116.4586328, 39.9147976], [116.4586328, 39.914904], [116.4585661, 39.914904]]]}, "properties": {"name": "建筑_717", "category": "建筑", "height": null, "levels": null, "osmId": "way/1147348916"}}, {"type": "Feature", "geometry": {"type": "Polygon", "coordinates": [[[116.4555323, 39.9058517], [116.4555312, 39.9058268], [116.4556342, 39.9058242], [116.4556342, 39.90585], [116.4555323, 39.9058517]]]}, "properties": {"name": "建筑_718", "category": "建筑", "height": null, "levels": null, "osmId": "way/1147365860"}}, {"type": "Feature", "geometry": {"type": "Polygon", "coordinates": [[[116.4724631, 39.9056914], [116.4722593, 39.9055698], [116.4723499, 39.9054829], [116.4724903, 39.90541], [116.4726307, 39.9053544], [116.4728436, 39.9053057], [116.4730112, 39.9052988], [116.4731698, 39.9053127], [116.4732921, 39.905337], [116.4734053, 39.9053717], [116.4735457, 39.9054378], [116.4736273, 39.9055072], [116.4737315, 39.9056289], [116.4735186, 39.9057088], [116.4734144, 39.9056254], [116.4733011, 39.9055594], [116.4732105, 39.9055211], [116.4730701, 39.9054864], [116.472975, 39.9054829], [116.4728527, 39.9054933], [116.4727259, 39.9055211], [116.4726307, 39.9055733], [116.4725311, 39.9056254], [116.4724631, 39.9056914]]]}, "properties": {"name": "建筑_719", "category": "建筑", "height": null, "levels": null, "osmId": "way/1147367712"}}, {"type": "Feature", "geometry": {"type": "Polygon", "coordinates": [[[116.4727576, 39.9062091], [116.4729252, 39.9062925], [116.4732694, 39.9062925], [116.473428, 39.9061813], [116.4733736, 39.9061119], [116.4733238, 39.9060597], [116.4732332, 39.9060041], [116.4731154, 39.9059833], [116.4729705, 39.9059902], [116.4728799, 39.9060319], [116.4727847, 39.9061292], [116.4727576, 39.9062091]]]}, "properties": {"name": "建筑_720", "category": "建筑", "height": null, "levels": null, "osmId": "way/1147367713"}}, {"type": "Feature", "geometry": {"type": "Polygon", "coordinates": [[[116.4576451, 39.9075369], [116.4576448, 39.9074666], [116.4578632, 39.907466], [116.4578939, 39.907466], [116.4578942, 39.9075363], [116.4576451, 39.9075369]]]}, "properties": {"name": "建筑_721", "category": "建筑", "height": null, "levels": null, "osmId": "way/1147437712"}}, {"type": "Feature", "geometry": {"type": "Polygon", "coordinates": [[[116.4545776, 39.9080225], [116.4546615, 39.9080221], [116.4546604, 39.907872], [116.4545765, 39.9078724], [116.4545776, 39.9080225]]]}, "properties": {"name": "建筑_722", "category": "建筑", "height": null, "levels": null, "osmId": "way/1147437713"}}, {"type": "Feature", "geometry": {"type": "Polygon", "coordinates": [[[116.4543015, 39.907585], [116.4543017, 39.9075024], [116.4543495, 39.9075025], [116.4545732, 39.9075028], [116.4545729, 39.9075854], [116.4543015, 39.907585]]]}, "properties": {"name": "建筑_723", "category": "建筑", "height": null, "levels": null, "osmId": "way/1147437714"}}, {"type": "Feature", "geometry": {"type": "Polygon", "coordinates": [[[116.4544423, 39.9063695], [116.4544473, 39.9061333], [116.4545512, 39.9061346], [116.4545501, 39.906186], [116.4545461, 39.9063708], [116.4544423, 39.9063695]]]}, "properties": {"name": "建筑_724", "category": "建筑", "height": null, "levels": null, "osmId": "way/1147437715"}}, {"type": "Feature", "geometry": {"type": "Polygon", "coordinates": [[[116.4565121, 39.9064498], [116.4565128, 39.9062639], [116.4566295, 39.9062642], [116.4566287, 39.9064501], [116.4565704, 39.90645], [116.4565121, 39.9064498]]]}, "properties": {"name": "建筑_725", "category": "建筑", "height": null, "levels": null, "osmId": "way/1147437716"}}, {"type": "Feature", "geometry": {"type": "Polygon", "coordinates": [[[116.4547566, 39.9087239], [116.454835, 39.9086908], [116.4547262, 39.9085392], [116.4546478, 39.9085723], [116.4547566, 39.9087239]]]}, "properties": {"name": "建筑_726", "category": "建筑", "height": null, "levels": null, "osmId": "way/1147437717"}}, {"type": "Feature", "geometry": {"type": "Polygon", "coordinates": [[[116.4533824, 39.9078834], [116.453383, 39.9077825], [116.4528448, 39.9077805], [116.4528442, 39.9078815], [116.4533824, 39.9078834]]]}, "properties": {"name": "建筑_727", "category": "建筑", "height": null, "levels": null, "osmId": "way/1147872448"}}, {"type": "Feature", "geometry": {"type": "Polygon", "coordinates": [[[116.4542691, 39.9077567], [116.4542695, 39.9076683], [116.4538346, 39.9076672], [116.4538342, 39.9077556], [116.4542691, 39.9077567]]]}, "properties": {"name": "建筑_728", "category": "建筑", "height": null, "levels": null, "osmId": "way/1147872449"}}, {"type": "Feature", "geometry": {"type": "Polygon", "coordinates": [[[116.4567469, 39.9084984], [116.4567465, 39.9084302], [116.4570137, 39.9084293], [116.4570485, 39.9084292], [116.4570489, 39.9084974], [116.4567469, 39.9084984]]]}, "properties": {"name": "建筑_729", "category": "建筑", "height": null, "levels": null, "osmId": "way/1147874047"}}, {"type": "Feature", "geometry": {"type": "Polygon", "coordinates": [[[116.4551811, 39.9056839], [116.4551832, 39.9055184], [116.4552216, 39.9055187], [116.4552664, 39.9055191], [116.4552642, 39.9056846], [116.4551811, 39.9056839]]]}, "properties": {"name": "建筑_730", "category": "建筑", "height": null, "levels": null, "osmId": "way/1149674468"}}, {"type": "Feature", "geometry": {"type": "Polygon", "coordinates": [[[116.4555243, 39.9056828], [116.4555232, 39.9056579], [116.4556262, 39.9056553], [116.4556262, 39.9056811], [116.4555243, 39.9056828]]]}, "properties": {"name": "建筑_731", "category": "建筑", "height": null, "levels": null, "osmId": "way/1158896224"}}, {"type": "Feature", "geometry": {"type": "Polygon", "coordinates": [[[116.446548, 39.901592], [116.4466915, 39.9015936], [116.4466921, 39.9015598], [116.4465486, 39.9015583], [116.446548, 39.901592]]]}, "properties": {"name": "建筑_732", "category": "建筑", "height": null, "levels": null, "osmId": "way/1164521523"}}, {"type": "Feature", "geometry": {"type": "Polygon", "coordinates": [[[116.4463683, 39.9012057], [116.4464065, 39.9012083], [116.4464005, 39.9012335], [116.4466406, 39.9012736], [116.4466533, 39.901218], [116.446434, 39.9011795], [116.4464327, 39.9011373], [116.446371, 39.9011368], [116.4463683, 39.9012057]]]}, "properties": {"name": "建筑_733", "category": "建筑", "height": null, "levels": null, "osmId": "way/1164521525"}}, {"type": "Feature", "geometry": {"type": "Polygon", "coordinates": [[[116.4463204, 39.9013402], [116.4463806, 39.9013335], [116.4463642, 39.9012473], [116.4463039, 39.9012541], [116.4463204, 39.9013402]]]}, "properties": {"name": "建筑_734", "category": "建筑", "height": null, "levels": null, "osmId": "way/1164521526"}}, {"type": "Feature", "geometry": {"type": "Polygon", "coordinates": [[[116.446363, 39.9015604], [116.4464314, 39.9015596], [116.4464274, 39.9013426], [116.4463589, 39.9013433], [116.446363, 39.9015604]]]}, "properties": {"name": "建筑_735", "category": "建筑", "height": null, "levels": null, "osmId": "way/1164521527"}}, {"type": "Feature", "geometry": {"type": "Polygon", "coordinates": [[[116.446145, 39.9014909], [116.4463596, 39.9014881], [116.4463584, 39.9014341], [116.4461438, 39.9014369], [116.446145, 39.9014909]]]}, "properties": {"name": "建筑_736", "category": "建筑", "height": null, "levels": null, "osmId": "way/1164521528"}}, {"type": "Feature", "geometry": {"type": "Polygon", "coordinates": [[[116.446147, 39.9015632], [116.4463606, 39.9015604], [116.4463591, 39.9014923], [116.4461455, 39.9014951], [116.446147, 39.9015632]]]}, "properties": {"name": "建筑_737", "category": "建筑", "height": null, "levels": null, "osmId": "way/1164521529"}}, {"type": "Feature", "geometry": {"type": "Polygon", "coordinates": [[[116.4462631, 39.9016456], [116.4464227, 39.9016434], [116.4464209, 39.9015658], [116.4462612, 39.9015681], [116.4462631, 39.9016456]]]}, "properties": {"name": "建筑_738", "category": "建筑", "height": null, "levels": null, "osmId": "way/1164521530"}}, {"type": "Feature", "geometry": {"type": "Polygon", "coordinates": [[[116.4457078, 39.9012556], [116.446257, 39.9012798], [116.4462606, 39.9012321], [116.4457114, 39.9012079], [116.4457078, 39.9012556]]]}, "properties": {"name": "建筑_739", "category": "建筑", "height": null, "levels": null, "osmId": "way/1164521531"}}, {"type": "Feature", "geometry": {"type": "Polygon", "coordinates": [[[116.4457514, 39.901412], [116.4460646, 39.9014259], [116.4460735, 39.9013076], [116.4457603, 39.9012937], [116.4457514, 39.901412]]]}, "properties": {"name": "建筑_740", "category": "建筑", "height": null, "levels": null, "osmId": "way/1164521532"}}, {"type": "Feature", "geometry": {"type": "Polygon", "coordinates": [[[116.4550272, 39.9008847], [116.4550205, 39.9003127], [116.4549038, 39.9003135], [116.4549105, 39.9008855], [116.4550272, 39.9008847]]]}, "properties": {"name": "建筑_741", "category": "建筑", "height": null, "levels": null, "osmId": "way/1164522149"}}, {"type": "Feature", "geometry": {"type": "Polygon", "coordinates": [[[116.4599964, 39.903771], [116.4600032, 39.9036323], [116.4606084, 39.9036497], [116.4606016, 39.9037884], [116.4599964, 39.903771]]]}, "properties": {"name": "建筑_742", "category": "建筑", "height": null, "levels": null, "osmId": "way/1175219396"}}, {"type": "Feature", "geometry": {"type": "Polygon", "coordinates": [[[116.4623843, 39.9117423], [116.4629413, 39.9117388], [116.4629367, 39.9112626], [116.462745, 39.9112661], [116.462745, 39.9115497], [116.4623881, 39.9115532], [116.4623843, 39.9117423]]]}, "properties": {"name": "建筑_743", "category": "建筑", "height": null, "levels": null, "osmId": "way/1197842040"}}, {"type": "Feature", "geometry": {"type": "Polygon", "coordinates": [[[116.4623859, 39.911045], [116.4631798, 39.911045], [116.4631786, 39.9107773], [116.4623847, 39.9107794], [116.4623859, 39.911045]]]}, "properties": {"name": "建筑_744", "category": "建筑", "height": null, "levels": null, "osmId": "way/1197842041"}}, {"type": "Feature", "geometry": {"type": "Polygon", "coordinates": [[[116.4501492, 39.905816], [116.450514, 39.9058119], [116.450522, 39.9055217], [116.4501116, 39.9055269], [116.4501492, 39.905816]]]}, "properties": {"name": "建筑_745", "category": "建筑", "height": null, "levels": null, "osmId": "way/1206154920"}}, {"type": "Feature", "geometry": {"type": "Polygon", "coordinates": [[[116.4508948, 39.9058077], [116.4512556, 39.9058077], [116.4513146, 39.9055259], [116.4508989, 39.9055181], [116.4508948, 39.9058077]]]}, "properties": {"name": "建筑_746", "category": "建筑", "height": null, "levels": null, "osmId": "way/1206154921"}}, {"type": "Feature", "geometry": {"type": "Polygon", "coordinates": [[[116.4447042, 39.9124542], [116.4446989, 39.9128677], [116.4447659, 39.9129192], [116.447027, 39.9129439], [116.4470833, 39.9128883], [116.4470868, 39.9124296], [116.4470297, 39.9123884], [116.4447632, 39.9123843], [116.4447042, 39.9124542]]]}, "properties": {"name": "建筑_747", "category": "建筑", "height": null, "levels": null, "osmId": "way/1228188241"}}, {"type": "Feature", "geometry": {"type": "Polygon", "coordinates": [[[116.4472685, 39.9119053], [116.4472702, 39.9118081], [116.4479193, 39.9118145], [116.4479176, 39.9119118], [116.4472685, 39.9119053]]]}, "properties": {"name": "建筑_748", "category": "建筑", "height": null, "levels": null, "osmId": "way/1228189833"}}, {"type": "Feature", "geometry": {"type": "Polygon", "coordinates": [[[116.4480559, 39.9116118], [116.4480615, 39.9114328], [116.4489726, 39.9114495], [116.448967, 39.9116287], [116.4480559, 39.9116118]]]}, "properties": {"name": "建筑_749", "category": "建筑", "height": null, "levels": null, "osmId": "way/1228189834"}}, {"type": "Feature", "geometry": {"type": "Polygon", "coordinates": [[[116.4492229, 39.911622], [116.4493476, 39.9116231], [116.4493444, 39.9118212], [116.4492197, 39.91182], [116.4492229, 39.911622]]]}, "properties": {"name": "建筑_750", "category": "建筑", "height": null, "levels": null, "osmId": "way/1228189835"}}, {"type": "Feature", "geometry": {"type": "Polygon", "coordinates": [[[116.449059, 39.9114716], [116.4493412, 39.9114738], [116.44934, 39.9115616], [116.4490578, 39.9115593], [116.449059, 39.9114716]]]}, "properties": {"name": "建筑_751", "category": "建筑", "height": null, "levels": null, "osmId": "way/1228189836"}}, {"type": "Feature", "geometry": {"type": "Polygon", "coordinates": [[[116.4488861, 39.9113157], [116.4488879, 39.9111994], [116.4493237, 39.9112033], [116.449322, 39.9113195], [116.4488861, 39.9113157]]]}, "properties": {"name": "建筑_752", "category": "建筑", "height": null, "levels": null, "osmId": "way/1228189837"}}, {"type": "Feature", "geometry": {"type": "Polygon", "coordinates": [[[116.4488266, 39.9110548], [116.4488288, 39.9109391], [116.4494141, 39.9109457], [116.4494119, 39.9110613], [116.4488266, 39.9110548]]]}, "properties": {"name": "建筑_753", "category": "建筑", "height": null, "levels": null, "osmId": "way/1228189838"}}, {"type": "Feature", "geometry": {"type": "Polygon", "coordinates": [[[116.4495382, 39.911338], [116.4495395, 39.911226], [116.4502804, 39.9112307], [116.4502792, 39.9113428], [116.4495382, 39.911338]]]}, "properties": {"name": "建筑_754", "category": "建筑", "height": null, "levels": null, "osmId": "way/1228189839"}}, {"type": "Feature", "geometry": {"type": "Polygon", "coordinates": [[[116.4495094, 39.9110547], [116.4495099, 39.910941], [116.4500725, 39.9109426], [116.450072, 39.9110563], [116.4495094, 39.9110547]]]}, "properties": {"name": "建筑_755", "category": "建筑", "height": null, "levels": null, "osmId": "way/1228189840"}}, {"type": "Feature", "geometry": {"type": "Polygon", "coordinates": [[[116.4501202, 39.9110079], [116.4502316, 39.911009], [116.4502381, 39.9106088], [116.4501269, 39.9106078], [116.4501202, 39.9110079]]]}, "properties": {"name": "建筑_756", "category": "建筑", "height": null, "levels": null, "osmId": "way/1228189841"}}, {"type": "Feature", "geometry": {"type": "Polygon", "coordinates": [[[116.4478087, 39.910694], [116.448604, 39.9106975], [116.4486049, 39.910575], [116.4478096, 39.9105716], [116.4478087, 39.910694]]]}, "properties": {"name": "建筑_757", "category": "建筑", "height": null, "levels": null, "osmId": "way/1228189844"}}, {"type": "Feature", "geometry": {"type": "Polygon", "coordinates": [[[116.4474251, 39.911017], [116.4474248, 39.910908], [116.4477774, 39.9109073], [116.4477778, 39.9110162], [116.4474251, 39.911017]]]}, "properties": {"name": "建筑_758", "category": "建筑", "height": null, "levels": null, "osmId": "way/1228189845"}}, {"type": "Feature", "geometry": {"type": "Polygon", "coordinates": [[[116.447816, 39.9110361], [116.4478158, 39.910922], [116.4485936, 39.910921], [116.4485938, 39.9110353], [116.447816, 39.9110361]]]}, "properties": {"name": "建筑_759", "category": "建筑", "height": null, "levels": null, "osmId": "way/1228189846"}}, {"type": "Feature", "geometry": {"type": "Polygon", "coordinates": [[[116.4480659, 39.9113187], [116.4480675, 39.9111973], [116.4485743, 39.9112013], [116.4485727, 39.9113226], [116.4480659, 39.9113187]]]}, "properties": {"name": "建筑_760", "category": "建筑", "height": null, "levels": null, "osmId": "way/1228189847"}}, {"type": "Feature", "geometry": {"type": "Polygon", "coordinates": [[[116.4473029, 39.911659], [116.4479055, 39.9116666], [116.4479073, 39.9115812], [116.4477569, 39.9115793], [116.4477573, 39.9115615], [116.4473051, 39.9115558], [116.4473029, 39.911659]]]}, "properties": {"name": "建筑_761", "category": "建筑", "height": null, "levels": null, "osmId": "way/1228189848"}}, {"type": "Feature", "geometry": {"type": "Polygon", "coordinates": [[[116.4478051, 39.9114395], [116.4479539, 39.9114394], [116.4479536, 39.9112165], [116.4474948, 39.9112169], [116.4474949, 39.9113215], [116.447805, 39.9113213], [116.4478051, 39.9114395]]]}, "properties": {"name": "建筑_762", "category": "建筑", "height": null, "levels": null, "osmId": "way/1228189849"}}, {"type": "Feature", "geometry": {"type": "Polygon", "coordinates": [[[116.468788, 39.901657], [116.4687882, 39.9015259], [116.4692366, 39.9015263], [116.4693115, 39.9015263], [116.4693113, 39.9016575], [116.468788, 39.901657]]]}, "properties": {"name": "建筑_763", "category": "建筑", "height": null, "levels": null, "osmId": "way/1257185148"}}, {"type": "Feature", "geometry": {"type": "Polygon", "coordinates": [[[116.4743559, 39.9080056], [116.4743505, 39.9077463], [116.4736156, 39.9077463], [116.4739081, 39.9080077], [116.4743559, 39.9080056]]]}, "properties": {"name": "建筑_764", "category": "建筑", "height": null, "levels": null, "osmId": "way/1259094560"}}, {"type": "Feature", "geometry": {"type": "Polygon", "coordinates": [[[116.4755956, 39.9079984], [116.4755902, 39.9077392], [116.4748553, 39.9077392], [116.4751478, 39.9080006], [116.4755956, 39.9079984]]]}, "properties": {"name": "建筑_765", "category": "建筑", "height": null, "levels": null, "osmId": "way/1259094561"}}, {"type": "Feature", "geometry": {"type": "Polygon", "coordinates": [[[116.4684833, 39.9026651], [116.4684864, 39.902528], [116.4710498, 39.9025635], [116.4710405, 39.9027313], [116.4684833, 39.9026651]]]}, "properties": {"name": "建筑_766", "category": "建筑", "height": null, "levels": 4.0, "osmId": "way/1264033158"}}, {"type": "Feature", "geometry": {"type": "Polygon", "coordinates": [[[116.4552892, 39.9090782], [116.4552878, 39.90896], [116.4553813, 39.9089594], [116.4553827, 39.9090775], [116.4552892, 39.9090782]]]}, "properties": {"name": "建筑_767", "category": "建筑", "height": null, "levels": null, "osmId": "way/1312797844"}}, {"type": "Feature", "geometry": {"type": "Polygon", "coordinates": [[[116.4557982, 39.9090511], [116.4557968, 39.908933], [116.4558903, 39.9089323], [116.4558917, 39.9090505], [116.4557982, 39.9090511]]]}, "properties": {"name": "建筑_768", "category": "建筑", "height": null, "levels": null, "osmId": "way/1312797845"}}, {"type": "Feature", "geometry": {"type": "Polygon", "coordinates": [[[116.4747377, 39.9001088], [116.4753356, 39.9001089], [116.4753356, 39.8999997], [116.4753098, 39.8999997], [116.4753017, 39.8999858], [116.4752326, 39.899986], [116.4752325, 39.8999668], [116.4752122, 39.8999669], [116.4752121, 39.8999559], [116.4751113, 39.8999561], [116.4751113, 39.8999628], [116.4750856, 39.8999628], [116.4750856, 39.8999921], [116.4749794, 39.8999922], [116.4749793, 39.8999674], [116.4749622, 39.8999674], [116.4749622, 39.8999544], [116.4748611, 39.8999544], [116.4748611, 39.899964], [116.4748326, 39.899964], [116.4748326, 39.8999922], [116.4747692, 39.8999922], [116.4747692, 39.9000017], [116.4747377, 39.9000017], [116.4747377, 39.9001088]]]}, "properties": {"name": "建筑_769", "category": "建筑", "height": null, "levels": null, "osmId": "way/1513934667"}}, {"type": "Feature", "geometry": {"type": "Polygon", "coordinates": [[[116.4724988, 39.9000159], [116.4730967, 39.900016], [116.4730968, 39.8999068], [116.473071, 39.8999068], [116.4730628, 39.8998929], [116.4729937, 39.8998931], [116.4729936, 39.8998739], [116.4729733, 39.899874], [116.4729733, 39.899863], [116.4728725, 39.8998632], [116.4728725, 39.8998699], [116.4728467, 39.89987], [116.4728468, 39.8998993], [116.4727405, 39.8998994], [116.4727405, 39.8998745], [116.4727234, 39.8998745], [116.4727233, 39.8998615], [116.4726223, 39.8998615], [116.4726223, 39.8998711], [116.4725937, 39.8998711], [116.4725937, 39.8998994], [116.4725304, 39.8998993], [116.4725304, 39.8999088], [116.4724989, 39.8999088], [116.4724988, 39.9000159]]]}, "properties": {"name": "建筑_770", "category": "建筑", "height": null, "levels": null, "osmId": "way/1513934669"}}, {"type": "Feature", "geometry": {"type": "Polygon", "coordinates": [[[116.4612822, 39.9075057], [116.4629061, 39.9075186], [116.4630664, 39.9076322], [116.4630822, 39.9082977], [116.4612921, 39.9082903], [116.4612822, 39.9075057]]]}, "properties": {"name": "建筑_771", "category": "建筑", "height": null, "levels": null, "osmId": "way/1559046230"}}, {"type": "Feature", "geometry": {"type": "Polygon", "coordinates": [[[116.4579578, 39.9094976], [116.4589914, 39.9094874], [116.4590033, 39.910194], [116.4579696, 39.9102042], [116.4579578, 39.9094976]]]}, "properties": {"name": "建筑_772", "category": "建筑", "height": null, "levels": null, "osmId": "way/1559046231"}}, {"type": "Feature", "geometry": {"type": "Polygon", "coordinates": [[[116.4580958, 39.9086344], [116.458964, 39.9086336], [116.458965, 39.9092446], [116.4580968, 39.9092455], [116.4580958, 39.9086344]]]}, "properties": {"name": "建筑_773", "category": "建筑", "height": null, "levels": null, "osmId": "way/1559046232"}}, {"type": "Feature", "geometry": {"type": "Polygon", "coordinates": [[[116.4571121, 39.9086179], [116.4576786, 39.9086097], [116.4576958, 39.9092978], [116.4571292, 39.9093061], [116.4571121, 39.9086179]]]}, "properties": {"name": "建筑_774", "category": "建筑", "height": null, "levels": null, "osmId": "way/1559046233"}}, {"type": "Feature", "geometry": {"type": "Polygon", "coordinates": [[[116.4695082, 39.9076093], [116.4695993, 39.9076066], [116.4696018, 39.9088078], [116.469602, 39.9088733], [116.4695236, 39.9088745], [116.4695082, 39.9076093]]]}, "properties": {"name": "建筑_775", "category": "建筑", "height": null, "levels": null, "osmId": "way/1559046236"}}, {"type": "Feature", "geometry": {"type": "Polygon", "coordinates": [[[116.4696018, 39.9088078], [116.4708425, 39.9087997], [116.4708439, 39.90887], [116.469602, 39.9088733], [116.4696018, 39.9088078]]]}, "properties": {"name": "建筑_776", "category": "建筑", "height": null, "levels": null, "osmId": "way/1559046240"}}, {"type": "Feature", "geometry": {"type": "Polygon", "coordinates": [[[116.4697766, 39.9079535], [116.469828, 39.9079408], [116.4700217, 39.9080356], [116.4700402, 39.9080802], [116.4698702, 39.9082677], [116.4699375, 39.908304], [116.4699582, 39.9082828], [116.4700224, 39.9083114], [116.4700395, 39.908358], [116.4699926, 39.9084014], [116.4699577, 39.9083834], [116.4699255, 39.908425], [116.4699499, 39.9084426], [116.4698531, 39.9085688], [116.4699162, 39.9086042], [116.4698449, 39.9086893], [116.4697818, 39.9086504], [116.4697417, 39.9087086], [116.469657, 39.9086634], [116.4696583, 39.9086229], [116.4697042, 39.9085813], [116.4697165, 39.9085916], [116.4697504, 39.9085546], [116.4697255, 39.9085372], [116.4698181, 39.9084393], [116.4697538, 39.9084098], [116.4697355, 39.9084348], [116.4696696, 39.9084001], [116.4696606, 39.9083607], [116.4696976, 39.9083079], [116.4697323, 39.9083247], [116.4697686, 39.9082865], [116.469723, 39.9082689], [116.4698302, 39.9081464], [116.4697709, 39.9081167], [116.4697339, 39.9081634], [116.4696716, 39.9081322], [116.4696548, 39.9080909], [116.4697006, 39.9080419], [116.4697293, 39.9080552], [116.4697654, 39.9080195], [116.4697343, 39.9080029], [116.4697766, 39.9079535]]]}, "properties": {"name": "建筑_777", "category": "建筑", "height": null, "levels": null, "osmId": "way/1559046242"}}]}